!Copyright (C) 2025  Altera Corporation. All rights reserved.
!Your use of Altera Corporation's design tools, logic functions 
!and other software and tools, and any partner logic 
!functions, and any output files from any of the foregoing 
!(including device programming or simulation files), and any 
!associated documentation or information are expressly subject 
!to the terms and conditions of the Altera Program License 
!Subscription Agreement, the Altera Quartus Prime License Agreement,
!the Altera IP License Agreement, or other applicable license
!agreement, including, without limitation, that your use is for
!the sole purpose of programming logic devices manufactured by
!Altera and sold by Altera or its authorized distributors.  Please
!refer to the Altera Software License Subscription Agreements 
!on the Quartus Prime software download page.
!
!Quartus Prime SVF converter 25.1
!
!Device #1: EPM240 - output_files/pistorm_fc.pof Thu Feb  5 07:59:56 2026
!
!NOTE "USERCODE" "001843C8";
!
!NOTE "CHECKSUM" "00184758";
!
!
!
FREQUENCY 1.00E+05 HZ;
!
!
!
TRST ABSENT;
ENDDR IDLE;
ENDIR IRPAUSE;
STATE IDLE;
SIR 10 TDI (005);
RUNTEST IDLE 4 TCK ENDSTATE IDLE;
SDR 240 TDI (FFFFFFFFFFFFFFFFFFFFFFFFFFFFFFFFFFFFFFFFFFFFFFFFFFFFFFFFFFFF);
SIR 10 TDI (3FF);
RUNTEST 103 TCK;
SIR 10 TDI (2CC);
RUNTEST 103 TCK;
!
!
!
!CHECKING SILICON ID
!
!
!
SIR 10 TDI (203);
RUNTEST 4 TCK;
SDR 13 TDI (0089);
SIR 10 TDI (205);
RUNTEST 4 TCK;
SDR 16 TDI (FFFF) TDO (8232) MASK (FFFF);
SDR 16 TDI (FFFF) TDO (2AA2);
SDR 16 TDI (FFFF) TDO (4A82);
SDR 16 TDI (FFFF) TDO (0C2C);
SDR 16 TDI (FFFF) TDO (0000);
!
!
!
!BULK ERASE
!
!
!
SIR 10 TDI (203);
RUNTEST 4 TCK;
SDR 13 TDI (0011);
SIR 10 TDI (2F2);
RUNTEST 50003 TCK;
SIR 10 TDI (203);
RUNTEST 4 TCK;
SDR 13 TDI (0001);
SIR 10 TDI (2F2);
RUNTEST 50003 TCK;
SIR 10 TDI (203);
RUNTEST 4 TCK;
SDR 13 TDI (0000);
SIR 10 TDI (2F2);
RUNTEST 50003 TCK;
!
!
!
!PROGRAM
!
!
!
SIR 10 TDI (203);
RUNTEST 4 TCK;
SDR 13 TDI (0000);
SIR 10 TDI (2F4);
RUNTEST 4 TCK;
SDR 16 TDI (7FFF);
RUNTEST 10 TCK;
SDR 16 TDI (FFFF);
RUNTEST 10 TCK;
SDR 16 TDI (BFFF);
RUNTEST 10 TCK;
SDR 16 TDI (FFFF);
RUNTEST 10 TCK;
SDR 16 TDI (7FFF);
RUNTEST 10 TCK;
SDR 16 TDI (FFFF);
RUNTEST 10 TCK;
SDR 16 TDI (BFFF);
RUNTEST 10 TCK;
SDR 16 TDI (FFFF);
RUNTEST 10 TCK;
SDR 16 TDI (7FFF);
RUNTEST 10 TCK;
SDR 16 TDI (FFFF);
RUNTEST 10 TCK;
SDR 16 TDI (BFFF);
RUNTEST 10 TCK;
SDR 16 TDI (FFFF);
RUNTEST 10 TCK;
SDR 16 TDI (7FFF);
RUNTEST 10 TCK;
SDR 16 TDI (FFFF);
RUNTEST 10 TCK;
SDR 16 TDI (BFFF);
RUNTEST 10 TCK;
SDR 16 TDI (FFFF);
RUNTEST 10 TCK;
SDR 16 TDI (7FFF);
RUNTEST 10 TCK;
SDR 16 TDI (FFFF);
RUNTEST 10 TCK;
SDR 16 TDI (BFF7);
RUNTEST 10 TCK;
SDR 16 TDI (FFFF);
RUNTEST 10 TCK;
SDR 16 TDI (7FFF);
RUNTEST 10 TCK;
SDR 16 TDI (FFFF);
RUNTEST 10 TCK;
SDR 16 TDI (BFFF);
RUNTEST 10 TCK;
SDR 16 TDI (FFFF);
RUNTEST 10 TCK;
SDR 16 TDI (7FFF);
RUNTEST 10 TCK;
SDR 16 TDI (FFFF);
RUNTEST 10 TCK;
SDR 16 TDI (BFFF);
RUNTEST 10 TCK;
SDR 16 TDI (FFFF);
RUNTEST 10 TCK;
SDR 16 TDI (7FFF);
RUNTEST 10 TCK;
SDR 16 TDI (FFFF);
RUNTEST 10 TCK;
SDR 16 TDI (BFFF);
RUNTEST 10 TCK;
SDR 16 TDI (FFFF);
RUNTEST 10 TCK;
SDR 16 TDI (77FF);
RUNTEST 10 TCK;
SDR 16 TDI (FFFF);
RUNTEST 10 TCK;
SDR 16 TDI (BFFF);
RUNTEST 10 TCK;
SDR 16 TDI (CEEE);
RUNTEST 10 TCK;
SDR 16 TDI (7FFB);
RUNTEST 10 TCK;
SDR 16 TDI (FF7F);
RUNTEST 10 TCK;
SDR 16 TDI (BFEE);
RUNTEST 10 TCK;
SDR 16 TDI (EFF9);
RUNTEST 10 TCK;
SDR 16 TDI (733F);
RUNTEST 10 TCK;
SDR 16 TDI (FF5F);
RUNTEST 10 TCK;
SDR 16 TDI (B77F);
RUNTEST 10 TCK;
SDR 16 TDI (ECCF);
RUNTEST 10 TCK;
SDR 16 TDI (7FF3);
RUNTEST 10 TCK;
SDR 16 TDI (77BF);
RUNTEST 10 TCK;
SDR 16 TDI (BECC);
RUNTEST 10 TCK;
SDR 16 TDI (CFFF);
RUNTEST 10 TCK;
SDR 16 TDI (7FFF);
RUNTEST 10 TCK;
SDR 16 TDI (FFFF);
RUNTEST 10 TCK;
SDR 16 TDI (BFFF);
RUNTEST 10 TCK;
SDR 16 TDI (FDDD);
RUNTEST 10 TCK;
SDR 16 TDI (7FFD);
RUNTEST 10 TCK;
SDR 16 TDI (FFFF);
RUNTEST 10 TCK;
SDR 16 TDI (BFDD);
RUNTEST 10 TCK;
SDR 16 TDI (DFFF);
RUNTEST 10 TCK;
SDR 16 TDI (7F7F);
RUNTEST 10 TCK;
SDR 16 TDI (FBF9);
RUNTEST 10 TCK;
SDR 16 TDI (B77F);
RUNTEST 10 TCK;
SDR 16 TDI (EFFF);
RUNTEST 10 TCK;
SDR 16 TDI (7FFF);
RUNTEST 10 TCK;
SDR 16 TDI (EE7F);
RUNTEST 10 TCK;
SDR 16 TDI (BF7F);
RUNTEST 10 TCK;
SDR 16 TDI (FFFF);
RUNTEST 10 TCK;
SDR 16 TDI (7FFF);
RUNTEST 10 TCK;
SDR 16 TDI (FFFF);
RUNTEST 10 TCK;
SDR 16 TDI (BFFF);
RUNTEST 10 TCK;
SDR 16 TDI (BFFF);
RUNTEST 10 TCK;
SDR 16 TDI (7FFF);
RUNTEST 10 TCK;
SDR 16 TDI (FFFF);
RUNTEST 10 TCK;
SDR 16 TDI (BFFF);
RUNTEST 10 TCK;
SDR 16 TDI (FFFF);
RUNTEST 10 TCK;
SDR 16 TDI (7FFF);
RUNTEST 10 TCK;
SDR 16 TDI (EEFF);
RUNTEST 10 TCK;
SDR 16 TDI (BFF7);
RUNTEST 10 TCK;
SDR 16 TDI (FFFF);
RUNTEST 10 TCK;
SDR 16 TDI (7FFF);
RUNTEST 10 TCK;
SDR 16 TDI (BFFF);
RUNTEST 10 TCK;
SDR 16 TDI (BFFF);
RUNTEST 10 TCK;
SDR 16 TDI (FFFE);
RUNTEST 10 TCK;
SDR 16 TDI (7FFF);
RUNTEST 10 TCK;
SDR 16 TDI (FFFF);
RUNTEST 10 TCK;
SDR 16 TDI (BFFF);
RUNTEST 10 TCK;
SDR 16 TDI (FEEE);
RUNTEST 10 TCK;
SDR 16 TDI (7FFB);
RUNTEST 10 TCK;
SDR 16 TDI (FFFB);
RUNTEST 10 TCK;
SDR 16 TDI (BFEE);
RUNTEST 10 TCK;
SDR 16 TDI (EFFF);
RUNTEST 10 TCK;
SDR 16 TDI (7FFF);
RUNTEST 10 TCK;
SDR 16 TDI (EFFD);
RUNTEST 10 TCK;
SDR 16 TDI (B77F);
RUNTEST 10 TCK;
SDR 16 TDI (EFFF);
RUNTEST 10 TCK;
SDR 16 TDI (77FF);
RUNTEST 10 TCK;
SDR 16 TDI (F7FF);
RUNTEST 10 TCK;
SDR 16 TDI (BFFF);
RUNTEST 10 TCK;
SDR 16 TDI (FFFF);
RUNTEST 10 TCK;
SDR 16 TDI (6FFF);
RUNTEST 10 TCK;
SDR 16 TDI (FFFF);
RUNTEST 10 TCK;
SDR 16 TDI (BFFF);
RUNTEST 10 TCK;
SDR 16 TDI (FFFF);
RUNTEST 10 TCK;
SDR 16 TDI (7FFF);
RUNTEST 10 TCK;
SDR 16 TDI (FFFF);
RUNTEST 10 TCK;
SDR 16 TDI (BFFF);
RUNTEST 10 TCK;
SDR 16 TDI (FFFF);
RUNTEST 10 TCK;
SDR 16 TDI (7F7F);
RUNTEST 10 TCK;
SDR 16 TDI (EFF7);
RUNTEST 10 TCK;
SDR 16 TDI (BFFF);
RUNTEST 10 TCK;
SDR 16 TDI (FFFF);
RUNTEST 10 TCK;
SDR 16 TDI (7FFF);
RUNTEST 10 TCK;
SDR 16 TDI (EE7F);
RUNTEST 10 TCK;
SDR 16 TDI (BF7F);
RUNTEST 10 TCK;
SDR 16 TDI (FFFF);
RUNTEST 10 TCK;
SDR 16 TDI (7FFF);
RUNTEST 10 TCK;
SDR 16 TDI (FFFF);
RUNTEST 10 TCK;
SDR 16 TDI (BFFF);
RUNTEST 10 TCK;
SDR 16 TDI (FFFF);
RUNTEST 10 TCK;
SDR 16 TDI (7FFF);
RUNTEST 10 TCK;
SDR 16 TDI (FFEF);
RUNTEST 10 TCK;
SDR 16 TDI (BFFF);
RUNTEST 10 TCK;
SDR 16 TDI (FFF7);
RUNTEST 10 TCK;
SDR 16 TDI (7FFF);
RUNTEST 10 TCK;
SDR 16 TDI (EFFF);
RUNTEST 10 TCK;
SDR 16 TDI (BFFF);
RUNTEST 10 TCK;
SDR 16 TDI (FFFD);
RUNTEST 10 TCK;
SDR 16 TDI (7FFF);
RUNTEST 10 TCK;
SDR 16 TDI (DFBF);
RUNTEST 10 TCK;
SDR 16 TDI (BFFF);
RUNTEST 10 TCK;
SDR 16 TDI (7FFE);
RUNTEST 10 TCK;
SDR 16 TDI (7FFF);
RUNTEST 10 TCK;
SDR 16 TDI (FFFF);
RUNTEST 10 TCK;
SDR 16 TDI (BFFF);
RUNTEST 10 TCK;
SDR 16 TDI (FFFF);
RUNTEST 10 TCK;
SDR 16 TDI (7FFF);
RUNTEST 10 TCK;
SDR 16 TDI (FFFF);
RUNTEST 10 TCK;
SDR 16 TDI (BFFF);
RUNTEST 10 TCK;
SDR 16 TDI (FFFF);
RUNTEST 10 TCK;
SDR 16 TDI (7FFF);
RUNTEST 10 TCK;
SDR 16 TDI (6FFF);
RUNTEST 10 TCK;
SDR 16 TDI (BFFF);
RUNTEST 10 TCK;
SDR 16 TDI (FF7F);
RUNTEST 10 TCK;
SDR 16 TDI (7FFF);
RUNTEST 10 TCK;
SDR 16 TDI (FFFF);
RUNTEST 10 TCK;
SDR 16 TDI (BFFF);
RUNTEST 10 TCK;
SDR 16 TDI (FFFE);
RUNTEST 10 TCK;
SDR 16 TDI (7FFF);
RUNTEST 10 TCK;
SDR 16 TDI (FFFF);
RUNTEST 10 TCK;
SDR 16 TDI (BFFF);
RUNTEST 10 TCK;
SDR 16 TDI (FFFF);
RUNTEST 10 TCK;
SDR 16 TDI (7FFF);
RUNTEST 10 TCK;
SDR 16 TDI (FFFF);
RUNTEST 10 TCK;
SDR 16 TDI (BFFF);
RUNTEST 10 TCK;
SDR 16 TDI (FFFF);
RUNTEST 10 TCK;
SDR 16 TDI (7FFE);
RUNTEST 10 TCK;
SDR 16 TDI (EFFF);
RUNTEST 10 TCK;
SDR 16 TDI (BFFF);
RUNTEST 10 TCK;
SDR 16 TDI (FEFD);
RUNTEST 10 TCK;
SDR 16 TDI (7FFF);
RUNTEST 10 TCK;
SDR 16 TDI (FFFF);
RUNTEST 10 TCK;
SDR 16 TDI (BFFE);
RUNTEST 10 TCK;
SDR 16 TDI (FFFE);
RUNTEST 10 TCK;
SDR 16 TDI (7FFF);
RUNTEST 10 TCK;
SDR 16 TDI (FFFF);
RUNTEST 10 TCK;
SDR 16 TDI (BFFF);
RUNTEST 10 TCK;
SDR 16 TDI (FFFF);
RUNTEST 10 TCK;
SDR 16 TDI (7FFF);
RUNTEST 10 TCK;
SDR 16 TDI (FFF7);
RUNTEST 10 TCK;
SDR 16 TDI (BFFF);
RUNTEST 10 TCK;
SDR 16 TDI (FFF7);
RUNTEST 10 TCK;
SDR 16 TDI (7FFF);
RUNTEST 10 TCK;
SDR 16 TDI (FFFF);
RUNTEST 10 TCK;
SDR 16 TDI (BFFF);
RUNTEST 10 TCK;
SDR 16 TDI (FFFF);
RUNTEST 10 TCK;
SDR 16 TDI (7FFF);
RUNTEST 10 TCK;
SDR 16 TDI (DF7F);
RUNTEST 10 TCK;
SDR 16 TDI (BFFF);
RUNTEST 10 TCK;
SDR 16 TDI (FFFE);
RUNTEST 10 TCK;
SDR 16 TDI (6FFF);
RUNTEST 10 TCK;
SDR 16 TDI (FFFF);
RUNTEST 10 TCK;
SDR 16 TDI (BFFF);
RUNTEST 10 TCK;
SDR 16 TDI (FFFF);
RUNTEST 10 TCK;
SDR 16 TDI (7FFF);
RUNTEST 10 TCK;
SDR 16 TDI (FFFF);
RUNTEST 10 TCK;
SDR 16 TDI (BFFF);
RUNTEST 10 TCK;
SDR 16 TDI (FFFF);
RUNTEST 10 TCK;
SDR 16 TDI (7FFF);
RUNTEST 10 TCK;
SDR 16 TDI (FFFF);
RUNTEST 10 TCK;
SDR 16 TDI (BFFF);
RUNTEST 10 TCK;
SDR 16 TDI (FFFF);
RUNTEST 10 TCK;
SDR 16 TDI (7F7F);
RUNTEST 10 TCK;
SDR 16 TDI (FFFF);
RUNTEST 10 TCK;
SDR 16 TDI (BFEF);
RUNTEST 10 TCK;
SDR 16 TDI (FBFF);
RUNTEST 10 TCK;
SDR 16 TDI (7FFF);
RUNTEST 10 TCK;
SDR 16 TDI (FFFF);
RUNTEST 10 TCK;
SDR 16 TDI (BFFF);
RUNTEST 10 TCK;
SDR 16 TDI (FFFF);
RUNTEST 10 TCK;
SDR 16 TDI (7FFF);
RUNTEST 10 TCK;
SDR 16 TDI (FFFF);
RUNTEST 10 TCK;
SDR 16 TDI (BFFF);
RUNTEST 10 TCK;
SDR 16 TDI (FFFF);
RUNTEST 10 TCK;
SDR 16 TDI (7FFF);
RUNTEST 10 TCK;
SDR 16 TDI (EFFF);
RUNTEST 10 TCK;
SDR 16 TDI (BFFF);
RUNTEST 10 TCK;
SDR 16 TDI (FFFF);
RUNTEST 10 TCK;
SDR 16 TDI (7FFF);
RUNTEST 10 TCK;
SDR 16 TDI (FFFF);
RUNTEST 10 TCK;
SDR 16 TDI (BFFF);
RUNTEST 10 TCK;
SDR 16 TDI (DFFF);
RUNTEST 10 TCK;
SDR 16 TDI (7FFF);
RUNTEST 10 TCK;
SDR 16 TDI (FFFF);
RUNTEST 10 TCK;
SDR 16 TDI (BFFF);
RUNTEST 10 TCK;
SDR 16 TDI (FFFF);
RUNTEST 10 TCK;
SDR 16 TDI (7FFF);
RUNTEST 10 TCK;
SDR 16 TDI (FFFF);
RUNTEST 10 TCK;
SDR 16 TDI (BFFF);
RUNTEST 10 TCK;
SDR 16 TDI (FFFF);
RUNTEST 10 TCK;
SDR 16 TDI (7FFF);
RUNTEST 10 TCK;
SDR 16 TDI (EFFF);
RUNTEST 10 TCK;
SDR 16 TDI (BFFF);
RUNTEST 10 TCK;
SDR 16 TDI (FFFF);
RUNTEST 10 TCK;
SDR 16 TDI (7F7F);
RUNTEST 10 TCK;
SDR 16 TDI (FFFF);
RUNTEST 10 TCK;
SDR 16 TDI (BFBF);
RUNTEST 10 TCK;
SDR 16 TDI (FFFD);
RUNTEST 10 TCK;
SDR 16 TDI (7FFF);
RUNTEST 10 TCK;
SDR 16 TDI (FFFF);
RUNTEST 10 TCK;
SDR 16 TDI (BFFF);
RUNTEST 10 TCK;
SDR 16 TDI (FFFF);
RUNTEST 10 TCK;
SDR 16 TDI (7FFF);
RUNTEST 10 TCK;
SDR 16 TDI (FFFF);
RUNTEST 10 TCK;
SDR 16 TDI (BFFF);
RUNTEST 10 TCK;
SDR 16 TDI (FFFF);
RUNTEST 10 TCK;
SDR 16 TDI (7FFF);
RUNTEST 10 TCK;
SDR 16 TDI (EFFF);
RUNTEST 10 TCK;
SDR 16 TDI (BFFF);
RUNTEST 10 TCK;
SDR 16 TDI (FFFF);
RUNTEST 10 TCK;
SDR 16 TDI (7FFF);
RUNTEST 10 TCK;
SDR 16 TDI (FFFF);
RUNTEST 10 TCK;
SDR 16 TDI (BFF7);
RUNTEST 10 TCK;
SDR 16 TDI (DDFF);
RUNTEST 10 TCK;
SDR 16 TDI (7FFF);
RUNTEST 10 TCK;
SDR 16 TDI (FFFF);
RUNTEST 10 TCK;
SDR 16 TDI (BFFF);
RUNTEST 10 TCK;
SDR 16 TDI (FFFF);
RUNTEST 10 TCK;
SDR 16 TDI (7FFF);
RUNTEST 10 TCK;
SDR 16 TDI (FFFF);
RUNTEST 10 TCK;
SDR 16 TDI (BFFF);
RUNTEST 10 TCK;
SDR 16 TDI (FFFF);
RUNTEST 10 TCK;
SDR 16 TDI (7FFF);
RUNTEST 10 TCK;
SDR 16 TDI (EFFF);
RUNTEST 10 TCK;
SDR 16 TDI (BFFF);
RUNTEST 10 TCK;
SDR 16 TDI (FFFF);
RUNTEST 10 TCK;
SDR 16 TDI (7FFF);
RUNTEST 10 TCK;
SDR 16 TDI (FFFF);
RUNTEST 10 TCK;
SDR 16 TDI (BFFF);
RUNTEST 10 TCK;
SDR 16 TDI (FFFF);
RUNTEST 10 TCK;
SDR 16 TDI (7FFF);
RUNTEST 10 TCK;
SDR 16 TDI (FFFF);
RUNTEST 10 TCK;
SDR 16 TDI (BFFF);
RUNTEST 10 TCK;
SDR 16 TDI (FFFF);
RUNTEST 10 TCK;
SDR 16 TDI (7FFF);
RUNTEST 10 TCK;
SDR 16 TDI (FFFF);
RUNTEST 10 TCK;
SDR 16 TDI (BFFF);
RUNTEST 10 TCK;
SDR 16 TDI (FFFF);
RUNTEST 10 TCK;
SDR 16 TDI (7FFF);
RUNTEST 10 TCK;
SDR 16 TDI (EFFF);
RUNTEST 10 TCK;
SDR 16 TDI (BFFF);
RUNTEST 10 TCK;
SDR 16 TDI (FFFF);
RUNTEST 10 TCK;
SDR 16 TDI (7FFF);
RUNTEST 10 TCK;
SDR 16 TDI (FFFF);
RUNTEST 10 TCK;
SDR 16 TDI (BFFF);
RUNTEST 10 TCK;
SDR 16 TDI (FFFF);
RUNTEST 10 TCK;
SDR 16 TDI (7FFF);
RUNTEST 10 TCK;
SDR 16 TDI (FFFF);
RUNTEST 10 TCK;
SDR 16 TDI (BFFF);
RUNTEST 10 TCK;
SDR 16 TDI (FFFF);
RUNTEST 10 TCK;
SDR 16 TDI (7FFF);
RUNTEST 10 TCK;
SDR 16 TDI (FFFF);
RUNTEST 10 TCK;
SDR 16 TDI (BFFF);
RUNTEST 10 TCK;
SDR 16 TDI (FFFF);
RUNTEST 10 TCK;
SDR 16 TDI (7FFF);
RUNTEST 10 TCK;
SDR 16 TDI (FFFF);
RUNTEST 10 TCK;
SDR 16 TDI (BFFF);
RUNTEST 10 TCK;
SDR 16 TDI (FFFF);
RUNTEST 10 TCK;
SDR 16 TDI (7FFF);
RUNTEST 10 TCK;
SDR 16 TDI (FFFF);
RUNTEST 10 TCK;
SDR 16 TDI (BFFF);
RUNTEST 10 TCK;
SDR 16 TDI (FFFF);
RUNTEST 10 TCK;
SDR 16 TDI (7FFF);
RUNTEST 10 TCK;
SDR 16 TDI (FFFF);
RUNTEST 10 TCK;
SDR 16 TDI (BFFF);
RUNTEST 10 TCK;
SDR 16 TDI (FFFF);
RUNTEST 10 TCK;
SDR 16 TDI (7FFF);
RUNTEST 10 TCK;
SDR 16 TDI (FFFF);
RUNTEST 10 TCK;
SDR 16 TDI (BFFF);
RUNTEST 10 TCK;
SDR 16 TDI (FFFF);
RUNTEST 10 TCK;
SDR 16 TDI (7FFF);
RUNTEST 10 TCK;
SDR 16 TDI (FFFF);
RUNTEST 10 TCK;
SDR 16 TDI (BFFF);
RUNTEST 10 TCK;
SDR 16 TDI (FFFF);
RUNTEST 10 TCK;
SDR 16 TDI (7FFF);
RUNTEST 10 TCK;
SDR 16 TDI (FFFF);
RUNTEST 10 TCK;
SDR 16 TDI (BFFF);
RUNTEST 10 TCK;
SDR 16 TDI (FFFF);
RUNTEST 10 TCK;
SDR 16 TDI (7FFF);
RUNTEST 10 TCK;
SDR 16 TDI (FFFF);
RUNTEST 10 TCK;
SDR 16 TDI (A55F);
RUNTEST 10 TCK;
SDR 16 TDI (FFFF);
RUNTEST 10 TCK;
SDR 16 TDI (7FFF);
RUNTEST 10 TCK;
SDR 16 TDI (FFFF);
RUNTEST 10 TCK;
SDR 16 TDI (BFFF);
RUNTEST 10 TCK;
SDR 16 TDI (FFFF);
RUNTEST 10 TCK;
SDR 16 TDI (7FFF);
RUNTEST 10 TCK;
SDR 16 TDI (FFFF);
RUNTEST 10 TCK;
SDR 16 TDI (BFFF);
RUNTEST 10 TCK;
SDR 16 TDI (FFFF);
RUNTEST 10 TCK;
SDR 16 TDI (7FFF);
RUNTEST 10 TCK;
SDR 16 TDI (FFFF);
RUNTEST 10 TCK;
SDR 16 TDI (BFFF);
RUNTEST 10 TCK;
SDR 16 TDI (FFF5);
RUNTEST 10 TCK;
SDR 16 TDI (7BFF);
RUNTEST 10 TCK;
SDR 16 TDI (FFFF);
RUNTEST 10 TCK;
SDR 16 TDI (AFFF);
RUNTEST 10 TCK;
SDR 16 TDI (FFFF);
RUNTEST 10 TCK;
SDR 16 TDI (7FFF);
RUNTEST 10 TCK;
SDR 16 TDI (FFFF);
RUNTEST 10 TCK;
SDR 16 TDI (BFFF);
RUNTEST 10 TCK;
SDR 16 TDI (FFFF);
RUNTEST 10 TCK;
SDR 16 TDI (7FFF);
RUNTEST 10 TCK;
SDR 16 TDI (FFFF);
RUNTEST 10 TCK;
SDR 16 TDI (BFFF);
RUNTEST 10 TCK;
SDR 16 TDI (FFFF);
RUNTEST 10 TCK;
SDR 16 TDI (7FFF);
RUNTEST 10 TCK;
SDR 16 TDI (FFFF);
RUNTEST 10 TCK;
SDR 16 TDI (BFFF);
RUNTEST 10 TCK;
SDR 16 TDI (FFFE);
RUNTEST 10 TCK;
SDR 16 TDI (7FFF);
RUNTEST 10 TCK;
SDR 16 TDI (FFFF);
RUNTEST 10 TCK;
SDR 16 TDI (B55F);
RUNTEST 10 TCK;
SDR 16 TDI (FFFF);
RUNTEST 10 TCK;
SDR 16 TDI (7FFF);
RUNTEST 10 TCK;
SDR 16 TDI (FFFF);
RUNTEST 10 TCK;
SDR 16 TDI (BFFF);
RUNTEST 10 TCK;
SDR 16 TDI (FFFF);
RUNTEST 10 TCK;
SDR 16 TDI (7FFF);
RUNTEST 10 TCK;
SDR 16 TDI (FFFF);
RUNTEST 10 TCK;
SDR 16 TDI (BFFF);
RUNTEST 10 TCK;
SDR 16 TDI (FFFF);
RUNTEST 10 TCK;
SDR 16 TDI (7FFF);
RUNTEST 10 TCK;
SDR 16 TDI (FFFF);
RUNTEST 10 TCK;
SDR 16 TDI (BFFF);
RUNTEST 10 TCK;
SDR 16 TDI (FFF5);
RUNTEST 10 TCK;
SDR 16 TDI (7BFF);
RUNTEST 10 TCK;
SDR 16 TDI (FFFF);
RUNTEST 10 TCK;
SDR 16 TDI (BAAF);
RUNTEST 10 TCK;
SDR 16 TDI (FFFF);
RUNTEST 10 TCK;
SDR 16 TDI (7FFF);
RUNTEST 10 TCK;
SDR 16 TDI (FFFF);
RUNTEST 10 TCK;
SDR 16 TDI (BFFF);
RUNTEST 10 TCK;
SDR 16 TDI (FFFF);
RUNTEST 10 TCK;
SDR 16 TDI (7FFF);
RUNTEST 10 TCK;
SDR 16 TDI (FFFF);
RUNTEST 10 TCK;
SDR 16 TDI (BFFF);
RUNTEST 10 TCK;
SDR 16 TDI (FFFF);
RUNTEST 10 TCK;
SDR 16 TDI (7FFF);
RUNTEST 10 TCK;
SDR 16 TDI (FFFF);
RUNTEST 10 TCK;
SDR 16 TDI (BFFF);
RUNTEST 10 TCK;
SDR 16 TDI (FFFA);
RUNTEST 10 TCK;
SDR 16 TDI (67FF);
RUNTEST 10 TCK;
SDR 16 TDI (FFFF);
RUNTEST 10 TCK;
SDR 16 TDI (BFFF);
RUNTEST 10 TCK;
SDR 16 TDI (FFFF);
RUNTEST 10 TCK;
SDR 16 TDI (7FFF);
RUNTEST 10 TCK;
SDR 16 TDI (FFFF);
RUNTEST 10 TCK;
SDR 16 TDI (BFFF);
RUNTEST 10 TCK;
SDR 16 TDI (FFFF);
RUNTEST 10 TCK;
SDR 16 TDI (7FFF);
RUNTEST 10 TCK;
SDR 16 TDI (FFFF);
RUNTEST 10 TCK;
SDR 16 TDI (BFFF);
RUNTEST 10 TCK;
SDR 16 TDI (FFFF);
RUNTEST 10 TCK;
SDR 16 TDI (7FFF);
RUNTEST 10 TCK;
SDR 16 TDI (FFFF);
RUNTEST 10 TCK;
SDR 16 TDI (BFFF);
RUNTEST 10 TCK;
SDR 16 TDI (FFFF);
RUNTEST 10 TCK;
SDR 16 TDI (7FFF);
RUNTEST 10 TCK;
SDR 16 TDI (FFFF);
RUNTEST 10 TCK;
SDR 16 TDI (BFFF);
RUNTEST 10 TCK;
SDR 16 TDI (FFFF);
RUNTEST 10 TCK;
SDR 16 TDI (7FFF);
RUNTEST 10 TCK;
SDR 16 TDI (FFFF);
RUNTEST 10 TCK;
SDR 16 TDI (BFFF);
RUNTEST 10 TCK;
SDR 16 TDI (FFFF);
RUNTEST 10 TCK;
SDR 16 TDI (7FFF);
RUNTEST 10 TCK;
SDR 16 TDI (FFFF);
RUNTEST 10 TCK;
SDR 16 TDI (BFFF);
RUNTEST 10 TCK;
SDR 16 TDI (FFFF);
RUNTEST 10 TCK;
SDR 16 TDI (7FFF);
RUNTEST 10 TCK;
SDR 16 TDI (FFFF);
RUNTEST 10 TCK;
SDR 16 TDI (BFFF);
RUNTEST 10 TCK;
SDR 16 TDI (FFFF);
RUNTEST 10 TCK;
SDR 16 TDI (7FFF);
RUNTEST 10 TCK;
SDR 16 TDI (FFFF);
RUNTEST 10 TCK;
SDR 16 TDI (BFFF);
RUNTEST 10 TCK;
SDR 16 TDI (FFFF);
RUNTEST 10 TCK;
SDR 16 TDI (7FFF);
RUNTEST 10 TCK;
SDR 16 TDI (FFFF);
RUNTEST 10 TCK;
SDR 16 TDI (BFFF);
RUNTEST 10 TCK;
SDR 16 TDI (FFFF);
RUNTEST 10 TCK;
SDR 16 TDI (7FFF);
RUNTEST 10 TCK;
SDR 16 TDI (FFFF);
RUNTEST 10 TCK;
SDR 16 TDI (BFFF);
RUNTEST 10 TCK;
SDR 16 TDI (FFFF);
RUNTEST 10 TCK;
SDR 16 TDI (7FFF);
RUNTEST 10 TCK;
SDR 16 TDI (FFFF);
RUNTEST 10 TCK;
SDR 16 TDI (BFFF);
RUNTEST 10 TCK;
SDR 16 TDI (FFFF);
RUNTEST 10 TCK;
SDR 16 TDI (7FFF);
RUNTEST 10 TCK;
SDR 16 TDI (FFFF);
RUNTEST 10 TCK;
SDR 16 TDI (BAAF);
RUNTEST 10 TCK;
SDR 16 TDI (FFFF);
RUNTEST 10 TCK;
SDR 16 TDI (7FFF);
RUNTEST 10 TCK;
SDR 16 TDI (FFFF);
RUNTEST 10 TCK;
SDR 16 TDI (BFFF);
RUNTEST 10 TCK;
SDR 16 TDI (FFFF);
RUNTEST 10 TCK;
SDR 16 TDI (7FFF);
RUNTEST 10 TCK;
SDR 16 TDI (FFFF);
RUNTEST 10 TCK;
SDR 16 TDI (BFFF);
RUNTEST 10 TCK;
SDR 16 TDI (FFFF);
RUNTEST 10 TCK;
SDR 16 TDI (7FFF);
RUNTEST 10 TCK;
SDR 16 TDI (FFFF);
RUNTEST 10 TCK;
SDR 16 TDI (BFFF);
RUNTEST 10 TCK;
SDR 16 TDI (FFEA);
RUNTEST 10 TCK;
SDR 16 TDI (77FF);
RUNTEST 10 TCK;
SDR 16 TDI (FFFF);
RUNTEST 10 TCK;
SDR 16 TDI (BFFF);
RUNTEST 10 TCK;
SDR 16 TDI (FFFF);
RUNTEST 10 TCK;
SDR 16 TDI (7FFF);
RUNTEST 10 TCK;
SDR 16 TDI (FFFF);
RUNTEST 10 TCK;
SDR 16 TDI (BFFF);
RUNTEST 10 TCK;
SDR 16 TDI (FFFF);
RUNTEST 10 TCK;
SDR 16 TDI (7FFF);
RUNTEST 10 TCK;
SDR 16 TDI (FFFF);
RUNTEST 10 TCK;
SDR 16 TDI (BFFF);
RUNTEST 10 TCK;
SDR 16 TDI (FFFF);
RUNTEST 10 TCK;
SDR 16 TDI (7FFF);
RUNTEST 10 TCK;
SDR 16 TDI (FFFF);
RUNTEST 10 TCK;
SDR 16 TDI (BFFF);
RUNTEST 10 TCK;
SDR 16 TDI (FFFF);
RUNTEST 10 TCK;
SDR 16 TDI (7FFF);
RUNTEST 10 TCK;
SDR 16 TDI (FFFF);
RUNTEST 10 TCK;
SDR 16 TDI (B55F);
RUNTEST 10 TCK;
SDR 16 TDI (FFFF);
RUNTEST 10 TCK;
SDR 16 TDI (7FDF);
RUNTEST 10 TCK;
SDR 16 TDI (FFFF);
RUNTEST 10 TCK;
SDR 16 TDI (BFFF);
RUNTEST 10 TCK;
SDR 16 TDI (FFEF);
RUNTEST 10 TCK;
SDR 16 TDI (7FFF);
RUNTEST 10 TCK;
SDR 16 TDI (FFFF);
RUNTEST 10 TCK;
SDR 16 TDI (BFFF);
RUNTEST 10 TCK;
SDR 16 TDI (7FFF);
RUNTEST 10 TCK;
SDR 16 TDI (7FFF);
RUNTEST 10 TCK;
SDR 16 TDI (FFFF);
RUNTEST 10 TCK;
SDR 16 TDI (B7FF);
RUNTEST 10 TCK;
SDR 16 TDI (FFF5);
RUNTEST 10 TCK;
SDR 16 TDI (6BFF);
RUNTEST 10 TCK;
SDR 16 TDI (FFFF);
RUNTEST 10 TCK;
SDR 16 TDI (BFFF);
RUNTEST 10 TCK;
SDR 16 TDI (FFFF);
RUNTEST 10 TCK;
SDR 16 TDI (7FBF);
RUNTEST 10 TCK;
SDR 16 TDI (FFFF);
RUNTEST 10 TCK;
SDR 16 TDI (BFFF);
RUNTEST 10 TCK;
SDR 16 TDI (FFDF);
RUNTEST 10 TCK;
SDR 16 TDI (7FFF);
RUNTEST 10 TCK;
SDR 16 TDI (FFFF);
RUNTEST 10 TCK;
SDR 16 TDI (BFFE);
RUNTEST 10 TCK;
SDR 16 TDI (FFFF);
RUNTEST 10 TCK;
SDR 16 TDI (7FFF);
RUNTEST 10 TCK;
SDR 16 TDI (FFFF);
RUNTEST 10 TCK;
SDR 16 TDI (AFFF);
RUNTEST 10 TCK;
SDR 16 TDI (FFFF);
RUNTEST 10 TCK;
SDR 16 TDI (7FFF);
RUNTEST 10 TCK;
SDR 16 TDI (FFFF);
RUNTEST 10 TCK;
SDR 16 TDI (B55F);
RUNTEST 10 TCK;
SDR 16 TDI (FFFF);
RUNTEST 10 TCK;
SDR 16 TDI (7FFF);
RUNTEST 10 TCK;
SDR 16 TDI (FFFF);
RUNTEST 10 TCK;
SDR 16 TDI (BFFF);
RUNTEST 10 TCK;
SDR 16 TDI (FFFF);
RUNTEST 10 TCK;
SDR 16 TDI (7FFF);
RUNTEST 10 TCK;
SDR 16 TDI (FFFF);
RUNTEST 10 TCK;
SDR 16 TDI (BFFF);
RUNTEST 10 TCK;
SDR 16 TDI (FFFF);
RUNTEST 10 TCK;
SDR 16 TDI (7FFF);
RUNTEST 10 TCK;
SDR 16 TDI (FFFF);
RUNTEST 10 TCK;
SDR 16 TDI (BFFF);
RUNTEST 10 TCK;
SDR 16 TDI (FFF5);
RUNTEST 10 TCK;
SDR 16 TDI (6BFF);
RUNTEST 10 TCK;
SDR 16 TDI (FFFF);
RUNTEST 10 TCK;
SDR 16 TDI (BFFF);
RUNTEST 10 TCK;
SDR 16 TDI (FFFF);
RUNTEST 10 TCK;
SDR 16 TDI (7FFF);
RUNTEST 10 TCK;
SDR 16 TDI (FFFF);
RUNTEST 10 TCK;
SDR 16 TDI (BFFF);
RUNTEST 10 TCK;
SDR 16 TDI (FFFF);
RUNTEST 10 TCK;
SDR 16 TDI (7FFF);
RUNTEST 10 TCK;
SDR 16 TDI (FFFF);
RUNTEST 10 TCK;
SDR 16 TDI (BFFF);
RUNTEST 10 TCK;
SDR 16 TDI (FFFF);
RUNTEST 10 TCK;
SDR 16 TDI (7FFF);
RUNTEST 10 TCK;
SDR 16 TDI (FFFF);
RUNTEST 10 TCK;
SDR 16 TDI (BFFF);
RUNTEST 10 TCK;
SDR 16 TDI (FFFF);
RUNTEST 10 TCK;
SDR 16 TDI (7FFF);
RUNTEST 10 TCK;
SDR 16 TDI (FFFF);
RUNTEST 10 TCK;
SDR 16 TDI (BFFF);
RUNTEST 10 TCK;
SDR 16 TDI (3333);
RUNTEST 10 TCK;
SDR 16 TDI (63E6);
RUNTEST 10 TCK;
SDR 16 TDI (6667);
RUNTEST 10 TCK;
SDR 16 TDI (B333);
RUNTEST 10 TCK;
SDR 16 TDI (31F3);
RUNTEST 10 TCK;
SDR 16 TDI (6666);
RUNTEST 10 TCK;
SDR 16 TDI (7CCC);
RUNTEST 10 TCK;
SDR 16 TDI (B98F);
RUNTEST 10 TCK;
SDR 16 TDI (9999);
RUNTEST 10 TCK;
SDR 16 TDI (73CC);
RUNTEST 10 TCK;
SDR 16 TDI (CCC7);
RUNTEST 10 TCK;
SDR 16 TDI (B999);
RUNTEST 10 TCK;
SDR 16 TDI (99F2);
RUNTEST 10 TCK;
SDR 16 TDI (77FF);
RUNTEST 10 TCK;
SDR 16 TDI (FFFF);
RUNTEST 10 TCK;
SDR 16 TDI (BFFF);
RUNTEST 10 TCK;
SDR 16 TDI (7777);
RUNTEST 10 TCK;
SDR 16 TDI (6957);
RUNTEST 10 TCK;
SDR 16 TDI (7777);
RUNTEST 10 TCK;
SDR 16 TDI (B777);
RUNTEST 10 TCK;
SDR 16 TDI (74AB);
RUNTEST 10 TCK;
SDR 16 TDI (7777);
RUNTEST 10 TCK;
SDR 16 TDI (7DDD);
RUNTEST 10 TCK;
SDR 16 TDI (BBA5);
RUNTEST 10 TCK;
SDR 16 TDI (5DDD);
RUNTEST 10 TCK;
SDR 16 TDI (7BDD);
RUNTEST 10 TCK;
SDR 16 TDI (DDD2);
RUNTEST 10 TCK;
SDR 16 TDI (B5DD);
RUNTEST 10 TCK;
SDR 16 TDI (DDFF);
RUNTEST 10 TCK;
SDR 16 TDI (7FFF);
RUNTEST 10 TCK;
SDR 16 TDI (FFFF);
RUNTEST 10 TCK;
SDR 16 TDI (BFFF);
RUNTEST 10 TCK;
SDR 16 TDI (FFFF);
RUNTEST 10 TCK;
SDR 16 TDI (7FDF);
RUNTEST 10 TCK;
SDR 16 TDI (FFFF);
RUNTEST 10 TCK;
SDR 16 TDI (BFFF);
RUNTEST 10 TCK;
SDR 16 TDI (FFEF);
RUNTEST 10 TCK;
SDR 16 TDI (7FFF);
RUNTEST 10 TCK;
SDR 16 TDI (FFFF);
RUNTEST 10 TCK;
SDR 16 TDI (BFFF);
RUNTEST 10 TCK;
SDR 16 TDI (7FFF);
RUNTEST 10 TCK;
SDR 16 TDI (7FFF);
RUNTEST 10 TCK;
SDR 16 TDI (FFFF);
RUNTEST 10 TCK;
SDR 16 TDI (B7FF);
RUNTEST 10 TCK;
SDR 16 TDI (FFF7);
RUNTEST 10 TCK;
SDR 16 TDI (7FFF);
RUNTEST 10 TCK;
SDR 16 TDI (FFFF);
RUNTEST 10 TCK;
SDR 16 TDI (BFFF);
RUNTEST 10 TCK;
SDR 16 TDI (FFFF);
RUNTEST 10 TCK;
SDR 16 TDI (7FFF);
RUNTEST 10 TCK;
SDR 16 TDI (FFFF);
RUNTEST 10 TCK;
SDR 16 TDI (BFFF);
RUNTEST 10 TCK;
SDR 16 TDI (FFFF);
RUNTEST 10 TCK;
SDR 16 TDI (7FFF);
RUNTEST 10 TCK;
SDR 16 TDI (FFFF);
RUNTEST 10 TCK;
SDR 16 TDI (BFFF);
RUNTEST 10 TCK;
SDR 16 TDI (FFFF);
RUNTEST 10 TCK;
SDR 16 TDI (7EFF);
RUNTEST 10 TCK;
SDR 16 TDI (FFFF);
RUNTEST 10 TCK;
SDR 16 TDI (BFFF);
RUNTEST 10 TCK;
SDR 16 TDI (FFFF);
RUNTEST 10 TCK;
SDR 16 TDI (7FFF);
RUNTEST 10 TCK;
SDR 16 TDI (FFFF);
RUNTEST 10 TCK;
SDR 16 TDI (BFFF);
RUNTEST 10 TCK;
SDR 16 TDI (FFFF);
RUNTEST 10 TCK;
SDR 16 TDI (7FFF);
RUNTEST 10 TCK;
SDR 16 TDI (FFFF);
RUNTEST 10 TCK;
SDR 16 TDI (BFFF);
RUNTEST 10 TCK;
SDR 16 TDI (FFFF);
RUNTEST 10 TCK;
SDR 16 TDI (7FFF);
RUNTEST 10 TCK;
SDR 16 TDI (FFFF);
RUNTEST 10 TCK;
SDR 16 TDI (BFFF);
RUNTEST 10 TCK;
SDR 16 TDI (FFFF);
RUNTEST 10 TCK;
SDR 16 TDI (7F7F);
RUNTEST 10 TCK;
SDR 16 TDI (BBFF);
RUNTEST 10 TCK;
SDR 16 TDI (BFFF);
RUNTEST 10 TCK;
SDR 16 TDI (EFF7);
RUNTEST 10 TCK;
SDR 16 TDI (6FFF);
RUNTEST 10 TCK;
SDR 16 TDI (FFFF);
RUNTEST 10 TCK;
SDR 16 TDI (AFFF);
RUNTEST 10 TCK;
SDR 16 TDI (FFFF);
RUNTEST 10 TCK;
SDR 16 TDI (7FFF);
RUNTEST 10 TCK;
SDR 16 TDI (FFFF);
RUNTEST 10 TCK;
SDR 16 TDI (BFFF);
RUNTEST 10 TCK;
SDR 16 TDI (FFFF);
RUNTEST 10 TCK;
SDR 16 TDI (7FFF);
RUNTEST 10 TCK;
SDR 16 TDI (FFFF);
RUNTEST 10 TCK;
SDR 16 TDI (BFFF);
RUNTEST 10 TCK;
SDR 16 TDI (FFFF);
RUNTEST 10 TCK;
SDR 16 TDI (7F7F);
RUNTEST 10 TCK;
SDR 16 TDI (FFFF);
RUNTEST 10 TCK;
SDR 16 TDI (BFFF);
RUNTEST 10 TCK;
SDR 16 TDI (FFFF);
RUNTEST 10 TCK;
SDR 16 TDI (7FFF);
RUNTEST 10 TCK;
SDR 16 TDI (FFFF);
RUNTEST 10 TCK;
SDR 16 TDI (ABBF);
RUNTEST 10 TCK;
SDR 16 TDI (FFFF);
RUNTEST 10 TCK;
SDR 16 TDI (7FFF);
RUNTEST 10 TCK;
SDR 16 TDI (FFFF);
RUNTEST 10 TCK;
SDR 16 TDI (BFFF);
RUNTEST 10 TCK;
SDR 16 TDI (FFFF);
RUNTEST 10 TCK;
SDR 16 TDI (7FFF);
RUNTEST 10 TCK;
SDR 16 TDI (FFFF);
RUNTEST 10 TCK;
SDR 16 TDI (BFFF);
RUNTEST 10 TCK;
SDR 16 TDI (FFFF);
RUNTEST 10 TCK;
SDR 16 TDI (7EFF);
RUNTEST 10 TCK;
SDR 16 TDI (FFFF);
RUNTEST 10 TCK;
SDR 16 TDI (BFFF);
RUNTEST 10 TCK;
SDR 16 TDI (FFFF);
RUNTEST 10 TCK;
SDR 16 TDI (7FFF);
RUNTEST 10 TCK;
SDR 16 TDI (FFFF);
RUNTEST 10 TCK;
SDR 16 TDI (BFFF);
RUNTEST 10 TCK;
SDR 16 TDI (F7FF);
RUNTEST 10 TCK;
SDR 16 TDI (7FFF);
RUNTEST 10 TCK;
SDR 16 TDI (FFFF);
RUNTEST 10 TCK;
SDR 16 TDI (BF7F);
RUNTEST 10 TCK;
SDR 16 TDI (FFFF);
RUNTEST 10 TCK;
SDR 16 TDI (7FFF);
RUNTEST 10 TCK;
SDR 16 TDI (FFFF);
RUNTEST 10 TCK;
SDR 16 TDI (BFFF);
RUNTEST 10 TCK;
SDR 16 TDI (FFFF);
RUNTEST 10 TCK;
SDR 16 TDI (7FBD);
RUNTEST 10 TCK;
SDR 16 TDI (FFFF);
RUNTEST 10 TCK;
SDR 16 TDI (BFFF);
RUNTEST 10 TCK;
SDR 16 TDI (FFFF);
RUNTEST 10 TCK;
SDR 16 TDI (7FFF);
RUNTEST 10 TCK;
SDR 16 TDI (FFFF);
RUNTEST 10 TCK;
SDR 16 TDI (BFFD);
RUNTEST 10 TCK;
SDR 16 TDI (FFEF);
RUNTEST 10 TCK;
SDR 16 TDI (7FFF);
RUNTEST 10 TCK;
SDR 16 TDI (FFFF);
RUNTEST 10 TCK;
SDR 16 TDI (BFFF);
RUNTEST 10 TCK;
SDR 16 TDI (FFFF);
RUNTEST 10 TCK;
SDR 16 TDI (7FFF);
RUNTEST 10 TCK;
SDR 16 TDI (FFFF);
RUNTEST 10 TCK;
SDR 16 TDI (BBFF);
RUNTEST 10 TCK;
SDR 16 TDI (FFFF);
RUNTEST 10 TCK;
SDR 16 TDI (7FFF);
RUNTEST 10 TCK;
SDR 16 TDI (FBFF);
RUNTEST 10 TCK;
SDR 16 TDI (BFFF);
RUNTEST 10 TCK;
SDR 16 TDI (FFFF);
RUNTEST 10 TCK;
SDR 16 TDI (7FFF);
RUNTEST 10 TCK;
SDR 16 TDI (FFFF);
RUNTEST 10 TCK;
SDR 16 TDI (BFFD);
RUNTEST 10 TCK;
SDR 16 TDI (FEDF);
RUNTEST 10 TCK;
SDR 16 TDI (7FFF);
RUNTEST 10 TCK;
SDR 16 TDI (FFFF);
RUNTEST 10 TCK;
SDR 16 TDI (BFFF);
RUNTEST 10 TCK;
SDR 16 TDI (FFFF);
RUNTEST 10 TCK;
SDR 16 TDI (7FFF);
RUNTEST 10 TCK;
SDR 16 TDI (EFFF);
RUNTEST 10 TCK;
SDR 16 TDI (BFFF);
RUNTEST 10 TCK;
SDR 16 TDI (FFFF);
RUNTEST 10 TCK;
SDR 16 TDI (7D7F);
RUNTEST 10 TCK;
SDR 16 TDI (FFFF);
RUNTEST 10 TCK;
SDR 16 TDI (BFFF);
RUNTEST 10 TCK;
SDR 16 TDI (EFFF);
RUNTEST 10 TCK;
SDR 16 TDI (7FFF);
RUNTEST 10 TCK;
SDR 16 TDI (FFFF);
RUNTEST 10 TCK;
SDR 16 TDI (BFFF);
RUNTEST 10 TCK;
SDR 16 TDI (F7FF);
RUNTEST 10 TCK;
SDR 16 TDI (7FFF);
RUNTEST 10 TCK;
SDR 16 TDI (FFFF);
RUNTEST 10 TCK;
SDR 16 TDI (BF7F);
RUNTEST 10 TCK;
SDR 16 TDI (FFFF);
RUNTEST 10 TCK;
SDR 16 TDI (7FFF);
RUNTEST 10 TCK;
SDR 16 TDI (FFFF);
RUNTEST 10 TCK;
SDR 16 TDI (BBFF);
RUNTEST 10 TCK;
SDR 16 TDI (FFFF);
RUNTEST 10 TCK;
SDR 16 TDI (7FFE);
RUNTEST 10 TCK;
SDR 16 TDI (F7FF);
RUNTEST 10 TCK;
SDR 16 TDI (BFFF);
RUNTEST 10 TCK;
SDR 16 TDI (FFFF);
RUNTEST 10 TCK;
SDR 16 TDI (7FFF);
RUNTEST 10 TCK;
SDR 16 TDI (FFFF);
RUNTEST 10 TCK;
SDR 16 TDI (BFFF);
RUNTEST 10 TCK;
SDR 16 TDI (FDFF);
RUNTEST 10 TCK;
SDR 16 TDI (7FFF);
RUNTEST 10 TCK;
SDR 16 TDI (FFFF);
RUNTEST 10 TCK;
SDR 16 TDI (BFFF);
RUNTEST 10 TCK;
SDR 16 TDI (FFFF);
RUNTEST 10 TCK;
SDR 16 TDI (7FFF);
RUNTEST 10 TCK;
SDR 16 TDI (EF77);
RUNTEST 10 TCK;
SDR 16 TDI (BFFF);
RUNTEST 10 TCK;
SDR 16 TDI (FFFF);
RUNTEST 10 TCK;
SDR 16 TDI (7F7F);
RUNTEST 10 TCK;
SDR 16 TDI (FFFF);
RUNTEST 10 TCK;
SDR 16 TDI (BFFF);
RUNTEST 10 TCK;
SDR 16 TDI (FFBF);
RUNTEST 10 TCK;
SDR 16 TDI (7FFF);
RUNTEST 10 TCK;
SDR 16 TDI (FFFF);
RUNTEST 10 TCK;
SDR 16 TDI (BFFF);
RUNTEST 10 TCK;
SDR 16 TDI (FFDF);
RUNTEST 10 TCK;
SDR 16 TDI (6FFF);
RUNTEST 10 TCK;
SDR 16 TDI (FFFF);
RUNTEST 10 TCK;
SDR 16 TDI (BFFF);
RUNTEST 10 TCK;
SDR 16 TDI (FFFF);
RUNTEST 10 TCK;
SDR 16 TDI (7FFF);
RUNTEST 10 TCK;
SDR 16 TDI (EFFF);
RUNTEST 10 TCK;
SDR 16 TDI (B7BF);
RUNTEST 10 TCK;
SDR 16 TDI (FFFF);
RUNTEST 10 TCK;
SDR 16 TDI (7FFF);
RUNTEST 10 TCK;
SDR 16 TDI (7FDF);
RUNTEST 10 TCK;
SDR 16 TDI (BFF7);
RUNTEST 10 TCK;
SDR 16 TDI (FFFF);
RUNTEST 10 TCK;
SDR 16 TDI (77FF);
RUNTEST 10 TCK;
SDR 16 TDI (FFFF);
RUNTEST 10 TCK;
SDR 16 TDI (BFFF);
RUNTEST 10 TCK;
SDR 16 TDI (FFFF);
RUNTEST 10 TCK;
SDR 16 TDI (7FFF);
RUNTEST 10 TCK;
SDR 16 TDI (FFFF);
RUNTEST 10 TCK;
SDR 16 TDI (BFFF);
RUNTEST 10 TCK;
SDR 16 TDI (FFFF);
RUNTEST 10 TCK;
SDR 16 TDI (7FFF);
RUNTEST 10 TCK;
SDR 16 TDI (FFFF);
RUNTEST 10 TCK;
SDR 16 TDI (BFBF);
RUNTEST 10 TCK;
SDR 16 TDI (FFFF);
RUNTEST 10 TCK;
SDR 16 TDI (7FFF);
RUNTEST 10 TCK;
SDR 16 TDI (FFDF);
RUNTEST 10 TCK;
SDR 16 TDI (BFF7);
RUNTEST 10 TCK;
SDR 16 TDI (FFFF);
RUNTEST 10 TCK;
SDR 16 TDI (7FFF);
RUNTEST 10 TCK;
SDR 16 TDI (FFFF);
RUNTEST 10 TCK;
SDR 16 TDI (BFFF);
RUNTEST 10 TCK;
SDR 16 TDI (FEDF);
RUNTEST 10 TCK;
SDR 16 TDI (7FFF);
RUNTEST 10 TCK;
SDR 16 TDI (FFFF);
RUNTEST 10 TCK;
SDR 16 TDI (BFFF);
RUNTEST 10 TCK;
SDR 16 TDI (FFFF);
RUNTEST 10 TCK;
SDR 16 TDI (7FFF);
RUNTEST 10 TCK;
SDR 16 TDI (FFB7);
RUNTEST 10 TCK;
SDR 16 TDI (B7FF);
RUNTEST 10 TCK;
SDR 16 TDI (FFFF);
RUNTEST 10 TCK;
SDR 16 TDI (7F7F);
RUNTEST 10 TCK;
SDR 16 TDI (7FFF);
RUNTEST 10 TCK;
SDR 16 TDI (BFFF);
RUNTEST 10 TCK;
SDR 16 TDI (FFBF);
RUNTEST 10 TCK;
SDR 16 TDI (77FF);
RUNTEST 10 TCK;
SDR 16 TDI (FFFF);
RUNTEST 10 TCK;
SDR 16 TDI (A55F);
RUNTEST 10 TCK;
SDR 16 TDI (FEBF);
RUNTEST 10 TCK;
SDR 16 TDI (7FFF);
RUNTEST 10 TCK;
SDR 16 TDI (FFFF);
RUNTEST 10 TCK;
SDR 16 TDI (BFFF);
RUNTEST 10 TCK;
SDR 16 TDI (FFFF);
RUNTEST 10 TCK;
SDR 16 TDI (7FFF);
RUNTEST 10 TCK;
SDR 16 TDI (FFFF);
RUNTEST 10 TCK;
SDR 16 TDI (BFDF);
RUNTEST 10 TCK;
SDR 16 TDI (FFBF);
RUNTEST 10 TCK;
SDR 16 TDI (77FF);
RUNTEST 10 TCK;
SDR 16 TDI (FEFF);
RUNTEST 10 TCK;
SDR 16 TDI (BDFB);
RUNTEST 10 TCK;
SDR 16 TDI (DDF5);
RUNTEST 10 TCK;
SDR 16 TDI (69FF);
RUNTEST 10 TCK;
SDR 16 TDI (FFFF);
RUNTEST 10 TCK;
SDR 16 TDI (AFFF);
RUNTEST 10 TCK;
SDR 16 TDI (FFFF);
RUNTEST 10 TCK;
SDR 16 TDI (7FFF);
RUNTEST 10 TCK;
SDR 16 TDI (FFFF);
RUNTEST 10 TCK;
SDR 16 TDI (BFFF);
RUNTEST 10 TCK;
SDR 16 TDI (FFFF);
RUNTEST 10 TCK;
SDR 16 TDI (7FFF);
RUNTEST 10 TCK;
SDR 16 TDI (FFFF);
RUNTEST 10 TCK;
SDR 16 TDI (BFFF);
RUNTEST 10 TCK;
SDR 16 TDI (FFFF);
RUNTEST 10 TCK;
SDR 16 TDI (7FFF);
RUNTEST 10 TCK;
SDR 16 TDI (FFFE);
RUNTEST 10 TCK;
SDR 16 TDI (BFFF);
RUNTEST 10 TCK;
SDR 16 TDI (FFFF);
RUNTEST 10 TCK;
SDR 16 TDI (7DFF);
RUNTEST 10 TCK;
SDR 16 TDI (FFFF);
RUNTEST 10 TCK;
SDR 16 TDI (A55F);
RUNTEST 10 TCK;
SDR 16 TDI (FFFF);
RUNTEST 10 TCK;
SDR 16 TDI (7FFF);
RUNTEST 10 TCK;
SDR 16 TDI (FFFF);
RUNTEST 10 TCK;
SDR 16 TDI (BFFF);
RUNTEST 10 TCK;
SDR 16 TDI (FFFF);
RUNTEST 10 TCK;
SDR 16 TDI (7FFF);
RUNTEST 10 TCK;
SDR 16 TDI (FFFF);
RUNTEST 10 TCK;
SDR 16 TDI (BF7F);
RUNTEST 10 TCK;
SDR 16 TDI (FFED);
RUNTEST 10 TCK;
SDR 16 TDI (7DFF);
RUNTEST 10 TCK;
SDR 16 TDI (DFDF);
RUNTEST 10 TCK;
SDR 16 TDI (BFFF);
RUNTEST 10 TCK;
SDR 16 TDI (7FF5);
RUNTEST 10 TCK;
SDR 16 TDI (79FF);
RUNTEST 10 TCK;
SDR 16 TDI (FFFF);
RUNTEST 10 TCK;
SDR 16 TDI (AAAF);
RUNTEST 10 TCK;
SDR 16 TDI (FDBF);
RUNTEST 10 TCK;
SDR 16 TDI (7FFF);
RUNTEST 10 TCK;
SDR 16 TDI (FFFF);
RUNTEST 10 TCK;
SDR 16 TDI (BFFF);
RUNTEST 10 TCK;
SDR 16 TDI (FFFF);
RUNTEST 10 TCK;
SDR 16 TDI (7FFF);
RUNTEST 10 TCK;
SDR 16 TDI (FFFF);
RUNTEST 10 TCK;
SDR 16 TDI (BFFD);
RUNTEST 10 TCK;
SDR 16 TDI (BDFF);
RUNTEST 10 TCK;
SDR 16 TDI (7FFF);
RUNTEST 10 TCK;
SDR 16 TDI (FF7F);
RUNTEST 10 TCK;
SDR 16 TDI (BFFF);
RUNTEST 10 TCK;
SDR 16 TDI (D57F);
RUNTEST 10 TCK;
SDR 16 TDI (6DFF);
RUNTEST 10 TCK;
SDR 16 TDI (FFFF);
RUNTEST 10 TCK;
SDR 16 TDI (BFFF);
RUNTEST 10 TCK;
SDR 16 TDI (FFFF);
RUNTEST 10 TCK;
SDR 16 TDI (7FFF);
RUNTEST 10 TCK;
SDR 16 TDI (FFFF);
RUNTEST 10 TCK;
SDR 16 TDI (BFFF);
RUNTEST 10 TCK;
SDR 16 TDI (FFFF);
RUNTEST 10 TCK;
SDR 16 TDI (7FFF);
RUNTEST 10 TCK;
SDR 16 TDI (FFFF);
RUNTEST 10 TCK;
SDR 16 TDI (BFFF);
RUNTEST 10 TCK;
SDR 16 TDI (FFFF);
RUNTEST 10 TCK;
SDR 16 TDI (7FFF);
RUNTEST 10 TCK;
SDR 16 TDI (FFEF);
RUNTEST 10 TCK;
SDR 16 TDI (BFDD);
RUNTEST 10 TCK;
SDR 16 TDI (FFFF);
RUNTEST 10 TCK;
SDR 16 TDI (77FF);
RUNTEST 10 TCK;
SDR 16 TDI (FFFF);
RUNTEST 10 TCK;
SDR 16 TDI (BFFF);
RUNTEST 10 TCK;
SDR 16 TDI (FFFF);
RUNTEST 10 TCK;
SDR 16 TDI (7FFF);
RUNTEST 10 TCK;
SDR 16 TDI (FFFF);
RUNTEST 10 TCK;
SDR 16 TDI (BFFF);
RUNTEST 10 TCK;
SDR 16 TDI (FFFF);
RUNTEST 10 TCK;
SDR 16 TDI (7FFF);
RUNTEST 10 TCK;
SDR 16 TDI (FFFF);
RUNTEST 10 TCK;
SDR 16 TDI (BBFF);
RUNTEST 10 TCK;
SDR 16 TDI (FFDF);
RUNTEST 10 TCK;
SDR 16 TDI (7FFF);
RUNTEST 10 TCK;
SDR 16 TDI (FF7F);
RUNTEST 10 TCK;
SDR 16 TDI (BFFF);
RUNTEST 10 TCK;
SDR 16 TDI (FFFF);
RUNTEST 10 TCK;
SDR 16 TDI (7FFF);
RUNTEST 10 TCK;
SDR 16 TDI (FFFF);
RUNTEST 10 TCK;
SDR 16 TDI (BFFF);
RUNTEST 10 TCK;
SDR 16 TDI (FDBF);
RUNTEST 10 TCK;
SDR 16 TDI (7FFF);
RUNTEST 10 TCK;
SDR 16 TDI (FFFF);
RUNTEST 10 TCK;
SDR 16 TDI (BFFF);
RUNTEST 10 TCK;
SDR 16 TDI (FFFF);
RUNTEST 10 TCK;
SDR 16 TDI (7FFF);
RUNTEST 10 TCK;
SDR 16 TDI (FFFF);
RUNTEST 10 TCK;
SDR 16 TDI (BD3F);
RUNTEST 10 TCK;
SDR 16 TDI (BFEF);
RUNTEST 10 TCK;
SDR 16 TDI (79FF);
RUNTEST 10 TCK;
SDR 16 TDI (DD6D);
RUNTEST 10 TCK;
SDR 16 TDI (BDB9);
RUNTEST 10 TCK;
SDR 16 TDI (DDFF);
RUNTEST 10 TCK;
SDR 16 TDI (7FFF);
RUNTEST 10 TCK;
SDR 16 TDI (FFFF);
RUNTEST 10 TCK;
SDR 16 TDI (BAAF);
RUNTEST 10 TCK;
SDR 16 TDI (FF7F);
RUNTEST 10 TCK;
SDR 16 TDI (7FFF);
RUNTEST 10 TCK;
SDR 16 TDI (FFFF);
RUNTEST 10 TCK;
SDR 16 TDI (BFFF);
RUNTEST 10 TCK;
SDR 16 TDI (FFFF);
RUNTEST 10 TCK;
SDR 16 TDI (7FFF);
RUNTEST 10 TCK;
SDR 16 TDI (FFFF);
RUNTEST 10 TCK;
SDR 16 TDI (BFFD);
RUNTEST 10 TCK;
SDR 16 TDI (FFDD);
RUNTEST 10 TCK;
SDR 16 TDI (7FFF);
RUNTEST 10 TCK;
SDR 16 TDI (FFFF);
RUNTEST 10 TCK;
SDR 16 TDI (BFFF);
RUNTEST 10 TCK;
SDR 16 TDI (EEFB);
RUNTEST 10 TCK;
SDR 16 TDI (77FF);
RUNTEST 10 TCK;
SDR 16 TDI (FFFF);
RUNTEST 10 TCK;
SDR 16 TDI (BFFF);
RUNTEST 10 TCK;
SDR 16 TDI (FEFF);
RUNTEST 10 TCK;
SDR 16 TDI (7FFF);
RUNTEST 10 TCK;
SDR 16 TDI (FFFF);
RUNTEST 10 TCK;
SDR 16 TDI (BFFF);
RUNTEST 10 TCK;
SDR 16 TDI (FFFF);
RUNTEST 10 TCK;
SDR 16 TDI (7FFF);
RUNTEST 10 TCK;
SDR 16 TDI (FFFF);
RUNTEST 10 TCK;
SDR 16 TDI (BFFF);
RUNTEST 10 TCK;
SDR 16 TDI (FBBF);
RUNTEST 10 TCK;
SDR 16 TDI (7FFF);
RUNTEST 10 TCK;
SDR 16 TDI (FF9F);
RUNTEST 10 TCK;
SDR 16 TDI (BFFE);
RUNTEST 10 TCK;
SDR 16 TDI (BBFF);
RUNTEST 10 TCK;
SDR 16 TDI (7FFF);
RUNTEST 10 TCK;
SDR 16 TDI (FFFF);
RUNTEST 10 TCK;
SDR 16 TDI (A55F);
RUNTEST 10 TCK;
SDR 16 TDI (FEBF);
RUNTEST 10 TCK;
SDR 16 TDI (7FDF);
RUNTEST 10 TCK;
SDR 16 TDI (FFFF);
RUNTEST 10 TCK;
SDR 16 TDI (BFFF);
RUNTEST 10 TCK;
SDR 16 TDI (FFEF);
RUNTEST 10 TCK;
SDR 16 TDI (7FFF);
RUNTEST 10 TCK;
SDR 16 TDI (FFFF);
RUNTEST 10 TCK;
SDR 16 TDI (A7FF);
RUNTEST 10 TCK;
SDR 16 TDI (6627);
RUNTEST 10 TCK;
SDR 16 TDI (7FFF);
RUNTEST 10 TCK;
SDR 16 TDI (000F);
RUNTEST 10 TCK;
SDR 16 TDI (B01C);
RUNTEST 10 TCK;
SDR 16 TDI (0074);
RUNTEST 10 TCK;
SDR 16 TDI (79FF);
RUNTEST 10 TCK;
SDR 16 TDI (FFFF);
RUNTEST 10 TCK;
SDR 16 TDI (AFFF);
RUNTEST 10 TCK;
SDR 16 TDI (FD7F);
RUNTEST 10 TCK;
SDR 16 TDI (7FBF);
RUNTEST 10 TCK;
SDR 16 TDI (FFFF);
RUNTEST 10 TCK;
SDR 16 TDI (BFFF);
RUNTEST 10 TCK;
SDR 16 TDI (FFDF);
RUNTEST 10 TCK;
SDR 16 TDI (7FFF);
RUNTEST 10 TCK;
SDR 16 TDI (FFFF);
RUNTEST 10 TCK;
SDR 16 TDI (A7FB);
RUNTEST 10 TCK;
SDR 16 TDI (E627);
RUNTEST 10 TCK;
SDR 16 TDI (7FFF);
RUNTEST 10 TCK;
SDR 16 TDI (000F);
RUNTEST 10 TCK;
SDR 16 TDI (B81C);
RUNTEST 10 TCK;
SDR 16 TDI (007F);
RUNTEST 10 TCK;
SDR 16 TDI (7DFF);
RUNTEST 10 TCK;
SDR 16 TDI (FFFF);
RUNTEST 10 TCK;
SDR 16 TDI (B55F);
RUNTEST 10 TCK;
SDR 16 TDI (FF3F);
RUNTEST 10 TCK;
SDR 16 TDI (7FFF);
RUNTEST 10 TCK;
SDR 16 TDI (FFFF);
RUNTEST 10 TCK;
SDR 16 TDI (BFFF);
RUNTEST 10 TCK;
SDR 16 TDI (FFFF);
RUNTEST 10 TCK;
SDR 16 TDI (7FFF);
RUNTEST 10 TCK;
SDR 16 TDI (FFFF);
RUNTEST 10 TCK;
SDR 16 TDI (A73F);
RUNTEST 10 TCK;
SDR 16 TDI (E658);
RUNTEST 10 TCK;
SDR 16 TDI (66FF);
RUNTEST 10 TCK;
SDR 16 TDI (008F);
RUNTEST 10 TCK;
SDR 16 TDI (B818);
RUNTEST 10 TCK;
SDR 16 TDI (0A74);
RUNTEST 10 TCK;
SDR 16 TDI (7BFF);
RUNTEST 10 TCK;
SDR 16 TDI (FFFF);
RUNTEST 10 TCK;
SDR 16 TDI (BFFF);
RUNTEST 10 TCK;
SDR 16 TDI (FF3F);
RUNTEST 10 TCK;
SDR 16 TDI (7FFF);
RUNTEST 10 TCK;
SDR 16 TDI (FFFF);
RUNTEST 10 TCK;
SDR 16 TDI (BFFF);
RUNTEST 10 TCK;
SDR 16 TDI (FFFF);
RUNTEST 10 TCK;
SDR 16 TDI (7FFF);
RUNTEST 10 TCK;
SDR 16 TDI (FFFF);
RUNTEST 10 TCK;
SDR 16 TDI (A73F);
RUNTEST 10 TCK;
SDR 16 TDI (E658);
RUNTEST 10 TCK;
SDR 16 TDI (66FF);
RUNTEST 10 TCK;
SDR 16 TDI (000F);
RUNTEST 10 TCK;
SDR 16 TDI (B818);
RUNTEST 10 TCK;
SDR 16 TDI (0A7F);
RUNTEST 10 TCK;
SDR 16 TDI (7FFF);
RUNTEST 10 TCK;
SDR 16 TDI (FFFF);
RUNTEST 10 TCK;
SDR 16 TDI (BFFF);
RUNTEST 10 TCK;
SDR 16 TDI (33B3);
RUNTEST 10 TCK;
SDR 16 TDI (63E6);
RUNTEST 10 TCK;
SDR 16 TDI (6667);
RUNTEST 10 TCK;
SDR 16 TDI (B333);
RUNTEST 10 TCK;
SDR 16 TDI (31F3);
RUNTEST 10 TCK;
SDR 16 TDI (6666);
RUNTEST 10 TCK;
SDR 16 TDI (7CCC);
RUNTEST 10 TCK;
SDR 16 TDI (BDCF);
RUNTEST 10 TCK;
SDR 16 TDI (BB9B);
RUNTEST 10 TCK;
SDR 16 TDI (77CC);
RUNTEST 10 TCK;
SDR 16 TDI (EE47);
RUNTEST 10 TCK;
SDR 16 TDI (B9B9);
RUNTEST 10 TCK;
SDR 16 TDI (98FF);
RUNTEST 10 TCK;
SDR 16 TDI (77FF);
RUNTEST 10 TCK;
SDR 16 TDI (FFFF);
RUNTEST 10 TCK;
SDR 16 TDI (BFFF);
RUNTEST 10 TCK;
SDR 16 TDI (7737);
RUNTEST 10 TCK;
SDR 16 TDI (6957);
RUNTEST 10 TCK;
SDR 16 TDI (7777);
RUNTEST 10 TCK;
SDR 16 TDI (B777);
RUNTEST 10 TCK;
SDR 16 TDI (74AB);
RUNTEST 10 TCK;
SDR 16 TDI (7777);
RUNTEST 10 TCK;
SDR 16 TDI (7DDD);
RUNTEST 10 TCK;
SDR 16 TDI (B985);
RUNTEST 10 TCK;
SDR 16 TDI (1999);
RUNTEST 10 TCK;
SDR 16 TDI (73DD);
RUNTEST 10 TCK;
SDR 16 TDI (CCCA);
RUNTEST 10 TCK;
SDR 16 TDI (B199);
RUNTEST 10 TCK;
SDR 16 TDI (CDFF);
RUNTEST 10 TCK;
SDR 16 TDI (7FFF);
RUNTEST 10 TCK;
SDR 16 TDI (FFFF);
RUNTEST 10 TCK;
SDR 16 TDI (BFFF);
RUNTEST 10 TCK;
SDR 16 TDI (FFFF);
RUNTEST 10 TCK;
SDR 16 TDI (7FDF);
RUNTEST 10 TCK;
SDR 16 TDI (FFFF);
RUNTEST 10 TCK;
SDR 16 TDI (BFFF);
RUNTEST 10 TCK;
SDR 16 TDI (FFEF);
RUNTEST 10 TCK;
SDR 16 TDI (7FFF);
RUNTEST 10 TCK;
SDR 16 TDI (FFFF);
RUNTEST 10 TCK;
SDR 16 TDI (BFFF);
RUNTEST 10 TCK;
SDR 16 TDI (7FFF);
RUNTEST 10 TCK;
SDR 16 TDI (7FFF);
RUNTEST 10 TCK;
SDR 16 TDI (776F);
RUNTEST 10 TCK;
SDR 16 TDI (B77F);
RUNTEST 10 TCK;
SDR 16 TDI (FFFF);
RUNTEST 10 TCK;
SDR 16 TDI (7FFF);
RUNTEST 10 TCK;
SDR 16 TDI (FFFF);
RUNTEST 10 TCK;
SDR 16 TDI (BFFF);
RUNTEST 10 TCK;
SDR 16 TDI (FFFF);
RUNTEST 10 TCK;
SDR 16 TDI (7FFF);
RUNTEST 10 TCK;
SDR 16 TDI (FFFF);
RUNTEST 10 TCK;
SDR 16 TDI (BFFF);
RUNTEST 10 TCK;
SDR 16 TDI (FFFF);
RUNTEST 10 TCK;
SDR 16 TDI (7FFF);
RUNTEST 10 TCK;
SDR 16 TDI (FFFF);
RUNTEST 10 TCK;
SDR 16 TDI (BFFF);
RUNTEST 10 TCK;
SDR 16 TDI (FDFF);
RUNTEST 10 TCK;
SDR 16 TDI (7BFD);
RUNTEST 10 TCK;
SDR 16 TDI (FFFF);
RUNTEST 10 TCK;
SDR 16 TDI (BCFF);
RUNTEST 10 TCK;
SDR 16 TDI (FFFF);
RUNTEST 10 TCK;
SDR 16 TDI (7FFF);
RUNTEST 10 TCK;
SDR 16 TDI (FFFF);
RUNTEST 10 TCK;
SDR 16 TDI (BFFF);
RUNTEST 10 TCK;
SDR 16 TDI (FFFF);
RUNTEST 10 TCK;
SDR 16 TDI (6FFF);
RUNTEST 10 TCK;
SDR 16 TDI (7FFF);
RUNTEST 10 TCK;
SDR 16 TDI (BFFF);
RUNTEST 10 TCK;
SDR 16 TDI (FFFF);
RUNTEST 10 TCK;
SDR 16 TDI (7FFF);
RUNTEST 10 TCK;
SDR 16 TDI (FFDF);
RUNTEST 10 TCK;
SDR 16 TDI (BFBF);
RUNTEST 10 TCK;
SDR 16 TDI (FFDF);
RUNTEST 10 TCK;
SDR 16 TDI (7FDF);
RUNTEST 10 TCK;
SDR 16 TDI (DFDF);
RUNTEST 10 TCK;
SDR 16 TDI (BFFF);
RUNTEST 10 TCK;
SDR 16 TDI (FF5F);
RUNTEST 10 TCK;
SDR 16 TDI (7FFF);
RUNTEST 10 TCK;
SDR 16 TDI (FFFF);
RUNTEST 10 TCK;
SDR 16 TDI (AFFF);
RUNTEST 10 TCK;
SDR 16 TDI (FFFF);
RUNTEST 10 TCK;
SDR 16 TDI (77FF);
RUNTEST 10 TCK;
SDR 16 TDI (FFFF);
RUNTEST 10 TCK;
SDR 16 TDI (BFFF);
RUNTEST 10 TCK;
SDR 16 TDI (FFFF);
RUNTEST 10 TCK;
SDR 16 TDI (7FFF);
RUNTEST 10 TCK;
SDR 16 TDI (FFDF);
RUNTEST 10 TCK;
SDR 16 TDI (BFBF);
RUNTEST 10 TCK;
SDR 16 TDI (FBFF);
RUNTEST 10 TCK;
SDR 16 TDI (7FED);
RUNTEST 10 TCK;
SDR 16 TDI (FFDF);
RUNTEST 10 TCK;
SDR 16 TDI (BBFF);
RUNTEST 10 TCK;
SDR 16 TDI (FF7F);
RUNTEST 10 TCK;
SDR 16 TDI (7FFF);
RUNTEST 10 TCK;
SDR 16 TDI (FFFF);
RUNTEST 10 TCK;
SDR 16 TDI (AFFF);
RUNTEST 10 TCK;
SDR 16 TDI (FFFF);
RUNTEST 10 TCK;
SDR 16 TDI (7FFE);
RUNTEST 10 TCK;
SDR 16 TDI (FFFF);
RUNTEST 10 TCK;
SDR 16 TDI (BFFF);
RUNTEST 10 TCK;
SDR 16 TDI (FFFF);
RUNTEST 10 TCK;
SDR 16 TDI (7FFF);
RUNTEST 10 TCK;
SDR 16 TDI (FFFF);
RUNTEST 10 TCK;
SDR 16 TDI (BFFF);
RUNTEST 10 TCK;
SDR 16 TDI (FFDF);
RUNTEST 10 TCK;
SDR 16 TDI (77FF);
RUNTEST 10 TCK;
SDR 16 TDI (DFFF);
RUNTEST 10 TCK;
SDR 16 TDI (BF7F);
RUNTEST 10 TCK;
SDR 16 TDI (FFFF);
RUNTEST 10 TCK;
SDR 16 TDI (7FFF);
RUNTEST 10 TCK;
SDR 16 TDI (FFFF);
RUNTEST 10 TCK;
SDR 16 TDI (BFFF);
RUNTEST 10 TCK;
SDR 16 TDI (FFFF);
RUNTEST 10 TCK;
SDR 16 TDI (7FFF);
RUNTEST 10 TCK;
SDR 16 TDI (FFFF);
RUNTEST 10 TCK;
SDR 16 TDI (BFFF);
RUNTEST 10 TCK;
SDR 16 TDI (FFFF);
RUNTEST 10 TCK;
SDR 16 TDI (7FFF);
RUNTEST 10 TCK;
SDR 16 TDI (FFFF);
RUNTEST 10 TCK;
SDR 16 TDI (BFFF);
RUNTEST 10 TCK;
SDR 16 TDI (FFFF);
RUNTEST 10 TCK;
SDR 16 TDI (7FFF);
RUNTEST 10 TCK;
SDR 16 TDI (FFFF);
RUNTEST 10 TCK;
SDR 16 TDI (BFF7);
RUNTEST 10 TCK;
SDR 16 TDI (FFFF);
RUNTEST 10 TCK;
SDR 16 TDI (7FFF);
RUNTEST 10 TCK;
SDR 16 TDI (FFFF);
RUNTEST 10 TCK;
SDR 16 TDI (BFFF);
RUNTEST 10 TCK;
SDR 16 TDI (FFFF);
RUNTEST 10 TCK;
SDR 16 TDI (7FFF);
RUNTEST 10 TCK;
SDR 16 TDI (FFFF);
RUNTEST 10 TCK;
SDR 16 TDI (BFFF);
RUNTEST 10 TCK;
SDR 16 TDI (FFFF);
RUNTEST 10 TCK;
SDR 16 TDI (7FFF);
RUNTEST 10 TCK;
SDR 16 TDI (EFFF);
RUNTEST 10 TCK;
SDR 16 TDI (BFFF);
RUNTEST 10 TCK;
SDR 16 TDI (FFFF);
RUNTEST 10 TCK;
SDR 16 TDI (7FFF);
RUNTEST 10 TCK;
SDR 16 TDI (EFFF);
RUNTEST 10 TCK;
SDR 16 TDI (BFFF);
RUNTEST 10 TCK;
SDR 16 TDI (FDFF);
RUNTEST 10 TCK;
SDR 16 TDI (7FFF);
RUNTEST 10 TCK;
SDR 16 TDI (FFFF);
RUNTEST 10 TCK;
SDR 16 TDI (BFFF);
RUNTEST 10 TCK;
SDR 16 TDI (FFFF);
RUNTEST 10 TCK;
SDR 16 TDI (7FFF);
RUNTEST 10 TCK;
SDR 16 TDI (FFFF);
RUNTEST 10 TCK;
SDR 16 TDI (BFFF);
RUNTEST 10 TCK;
SDR 16 TDI (FFFF);
RUNTEST 10 TCK;
SDR 16 TDI (7FFF);
RUNTEST 10 TCK;
SDR 16 TDI (EFFF);
RUNTEST 10 TCK;
SDR 16 TDI (BDFF);
RUNTEST 10 TCK;
SDR 16 TDI (BBFB);
RUNTEST 10 TCK;
SDR 16 TDI (7FFF);
RUNTEST 10 TCK;
SDR 16 TDI (FFFF);
RUNTEST 10 TCK;
SDR 16 TDI (BFF7);
RUNTEST 10 TCK;
SDR 16 TDI (FDFF);
RUNTEST 10 TCK;
SDR 16 TDI (7FFF);
RUNTEST 10 TCK;
SDR 16 TDI (FFFF);
RUNTEST 10 TCK;
SDR 16 TDI (BFFF);
RUNTEST 10 TCK;
SDR 16 TDI (FFFF);
RUNTEST 10 TCK;
SDR 16 TDI (7FFF);
RUNTEST 10 TCK;
SDR 16 TDI (FFFF);
RUNTEST 10 TCK;
SDR 16 TDI (BFFF);
RUNTEST 10 TCK;
SDR 16 TDI (FFFF);
RUNTEST 10 TCK;
SDR 16 TDI (7FFF);
RUNTEST 10 TCK;
SDR 16 TDI (FFFF);
RUNTEST 10 TCK;
SDR 16 TDI (BFFF);
RUNTEST 10 TCK;
SDR 16 TDI (FFFF);
RUNTEST 10 TCK;
SDR 16 TDI (7FFF);
RUNTEST 10 TCK;
SDR 16 TDI (DFFF);
RUNTEST 10 TCK;
SDR 16 TDI (BFFF);
RUNTEST 10 TCK;
SDR 16 TDI (FFFF);
RUNTEST 10 TCK;
SDR 16 TDI (7FFF);
RUNTEST 10 TCK;
SDR 16 TDI (FFFF);
RUNTEST 10 TCK;
SDR 16 TDI (BFFF);
RUNTEST 10 TCK;
SDR 16 TDI (FFFF);
RUNTEST 10 TCK;
SDR 16 TDI (7FFF);
RUNTEST 10 TCK;
SDR 16 TDI (FFFF);
RUNTEST 10 TCK;
SDR 16 TDI (BFFF);
RUNTEST 10 TCK;
SDR 16 TDI (FFFF);
RUNTEST 10 TCK;
SDR 16 TDI (7FFF);
RUNTEST 10 TCK;
SDR 16 TDI (EFFF);
RUNTEST 10 TCK;
SDR 16 TDI (BFFF);
RUNTEST 10 TCK;
SDR 16 TDI (FFFF);
RUNTEST 10 TCK;
SDR 16 TDI (7FFF);
RUNTEST 10 TCK;
SDR 16 TDI (FFFF);
RUNTEST 10 TCK;
SDR 16 TDI (BFFF);
RUNTEST 10 TCK;
SDR 16 TDI (FFDF);
RUNTEST 10 TCK;
SDR 16 TDI (7FFF);
RUNTEST 10 TCK;
SDR 16 TDI (FFFF);
RUNTEST 10 TCK;
SDR 16 TDI (BFFF);
RUNTEST 10 TCK;
SDR 16 TDI (FFFF);
RUNTEST 10 TCK;
SDR 16 TDI (7FFF);
RUNTEST 10 TCK;
SDR 16 TDI (FFFF);
RUNTEST 10 TCK;
SDR 16 TDI (BFFF);
RUNTEST 10 TCK;
SDR 16 TDI (FFFF);
RUNTEST 10 TCK;
SDR 16 TDI (7FFF);
RUNTEST 10 TCK;
SDR 16 TDI (EFFF);
RUNTEST 10 TCK;
SDR 16 TDI (BFFF);
RUNTEST 10 TCK;
SDR 16 TDI (FFFF);
RUNTEST 10 TCK;
SDR 16 TDI (7FFF);
RUNTEST 10 TCK;
SDR 16 TDI (FFFF);
RUNTEST 10 TCK;
SDR 16 TDI (BFFF);
RUNTEST 10 TCK;
SDR 16 TDI (FFFF);
RUNTEST 10 TCK;
SDR 16 TDI (7FFF);
RUNTEST 10 TCK;
SDR 16 TDI (FFFF);
RUNTEST 10 TCK;
SDR 16 TDI (BFFF);
RUNTEST 10 TCK;
SDR 16 TDI (FFFF);
RUNTEST 10 TCK;
SDR 16 TDI (7FFF);
RUNTEST 10 TCK;
SDR 16 TDI (FFFF);
RUNTEST 10 TCK;
SDR 16 TDI (BFFF);
RUNTEST 10 TCK;
SDR 16 TDI (FFFF);
RUNTEST 10 TCK;
SDR 16 TDI (7FFF);
RUNTEST 10 TCK;
SDR 16 TDI (FFFF);
RUNTEST 10 TCK;
SDR 16 TDI (BFFF);
RUNTEST 10 TCK;
SDR 16 TDI (FFFF);
RUNTEST 10 TCK;
SDR 16 TDI (7FFF);
RUNTEST 10 TCK;
SDR 16 TDI (FFFF);
RUNTEST 10 TCK;
SDR 16 TDI (BFFF);
RUNTEST 10 TCK;
SDR 16 TDI (FFFF);
RUNTEST 10 TCK;
SDR 16 TDI (7FFF);
RUNTEST 10 TCK;
SDR 16 TDI (FFFF);
RUNTEST 10 TCK;
SDR 16 TDI (BFFF);
RUNTEST 10 TCK;
SDR 16 TDI (FFFF);
RUNTEST 10 TCK;
SDR 16 TDI (7FFF);
RUNTEST 10 TCK;
SDR 16 TDI (FFFF);
RUNTEST 10 TCK;
SDR 16 TDI (BFFF);
RUNTEST 10 TCK;
SDR 16 TDI (FFFF);
RUNTEST 10 TCK;
SDR 16 TDI (7FFF);
RUNTEST 10 TCK;
SDR 16 TDI (FFFF);
RUNTEST 10 TCK;
SDR 16 TDI (BFFF);
RUNTEST 10 TCK;
SDR 16 TDI (FFFF);
RUNTEST 10 TCK;
SDR 16 TDI (7FFF);
RUNTEST 10 TCK;
SDR 16 TDI (FFFF);
RUNTEST 10 TCK;
SDR 16 TDI (BFFF);
RUNTEST 10 TCK;
SDR 16 TDI (FFBF);
RUNTEST 10 TCK;
SDR 16 TDI (7FFF);
RUNTEST 10 TCK;
SDR 16 TDI (FFFF);
RUNTEST 10 TCK;
SDR 16 TDI (B77F);
RUNTEST 10 TCK;
SDR 16 TDI (FFFF);
RUNTEST 10 TCK;
SDR 16 TDI (7FFF);
RUNTEST 10 TCK;
SDR 16 TDI (FFFF);
RUNTEST 10 TCK;
SDR 16 TDI (BFFF);
RUNTEST 10 TCK;
SDR 16 TDI (FFFF);
RUNTEST 10 TCK;
SDR 16 TDI (7FFF);
RUNTEST 10 TCK;
SDR 16 TDI (FFFF);
RUNTEST 10 TCK;
SDR 16 TDI (BFFF);
RUNTEST 10 TCK;
SDR 16 TDI (FFFF);
RUNTEST 10 TCK;
SDR 16 TDI (7FFF);
RUNTEST 10 TCK;
SDR 16 TDI (FFFF);
RUNTEST 10 TCK;
SDR 16 TDI (BFFF);
RUNTEST 10 TCK;
SDR 16 TDI (FFFD);
RUNTEST 10 TCK;
SDR 16 TDI (7FFF);
RUNTEST 10 TCK;
SDR 16 TDI (FFFF);
RUNTEST 10 TCK;
SDR 16 TDI (BFFF);
RUNTEST 10 TCK;
SDR 16 TDI (FFFF);
RUNTEST 10 TCK;
SDR 16 TDI (7FFF);
RUNTEST 10 TCK;
SDR 16 TDI (FFFF);
RUNTEST 10 TCK;
SDR 16 TDI (BFFF);
RUNTEST 10 TCK;
SDR 16 TDI (FFFF);
RUNTEST 10 TCK;
SDR 16 TDI (7FFF);
RUNTEST 10 TCK;
SDR 16 TDI (FFFF);
RUNTEST 10 TCK;
SDR 16 TDI (BFFF);
RUNTEST 10 TCK;
SDR 16 TDI (FFFF);
RUNTEST 10 TCK;
SDR 16 TDI (7FFF);
RUNTEST 10 TCK;
SDR 16 TDI (FFFF);
RUNTEST 10 TCK;
SDR 16 TDI (BFFF);
RUNTEST 10 TCK;
SDR 16 TDI (FFFF);
RUNTEST 10 TCK;
SDR 16 TDI (77FF);
RUNTEST 10 TCK;
SDR 16 TDI (FFFF);
RUNTEST 10 TCK;
SDR 16 TDI (A77F);
RUNTEST 10 TCK;
SDR 16 TDI (FFFF);
RUNTEST 10 TCK;
SDR 16 TDI (7FFF);
RUNTEST 10 TCK;
SDR 16 TDI (FFFF);
RUNTEST 10 TCK;
SDR 16 TDI (BFFF);
RUNTEST 10 TCK;
SDR 16 TDI (FFFF);
RUNTEST 10 TCK;
SDR 16 TDI (7FFF);
RUNTEST 10 TCK;
SDR 16 TDI (FFFF);
RUNTEST 10 TCK;
SDR 16 TDI (BFFF);
RUNTEST 10 TCK;
SDR 16 TDI (FFFF);
RUNTEST 10 TCK;
SDR 16 TDI (7FFF);
RUNTEST 10 TCK;
SDR 16 TDI (FFFF);
RUNTEST 10 TCK;
SDR 16 TDI (BFFF);
RUNTEST 10 TCK;
SDR 16 TDI (FFFD);
RUNTEST 10 TCK;
SDR 16 TDI (75FF);
RUNTEST 10 TCK;
SDR 16 TDI (FFFF);
RUNTEST 10 TCK;
SDR 16 TDI (ABBF);
RUNTEST 10 TCK;
SDR 16 TDI (FFFF);
RUNTEST 10 TCK;
SDR 16 TDI (7FFF);
RUNTEST 10 TCK;
SDR 16 TDI (FFFF);
RUNTEST 10 TCK;
SDR 16 TDI (BFFF);
RUNTEST 10 TCK;
SDR 16 TDI (FFFF);
RUNTEST 10 TCK;
SDR 16 TDI (7FFF);
RUNTEST 10 TCK;
SDR 16 TDI (FFFF);
RUNTEST 10 TCK;
SDR 16 TDI (BFFF);
RUNTEST 10 TCK;
SDR 16 TDI (FFFF);
RUNTEST 10 TCK;
SDR 16 TDI (7FFF);
RUNTEST 10 TCK;
SDR 16 TDI (FFFF);
RUNTEST 10 TCK;
SDR 16 TDI (BFFF);
RUNTEST 10 TCK;
SDR 16 TDI (FFFF);
RUNTEST 10 TCK;
SDR 16 TDI (75FF);
RUNTEST 10 TCK;
SDR 16 TDI (FFFF);
RUNTEST 10 TCK;
SDR 16 TDI (BFFF);
RUNTEST 10 TCK;
SDR 16 TDI (FFFF);
RUNTEST 10 TCK;
SDR 16 TDI (7FFF);
RUNTEST 10 TCK;
SDR 16 TDI (FFFF);
RUNTEST 10 TCK;
SDR 16 TDI (BFFF);
RUNTEST 10 TCK;
SDR 16 TDI (FFFF);
RUNTEST 10 TCK;
SDR 16 TDI (7FFF);
RUNTEST 10 TCK;
SDR 16 TDI (FFFF);
RUNTEST 10 TCK;
SDR 16 TDI (BFFF);
RUNTEST 10 TCK;
SDR 16 TDI (FFFF);
RUNTEST 10 TCK;
SDR 16 TDI (7FFF);
RUNTEST 10 TCK;
SDR 16 TDI (FFFF);
RUNTEST 10 TCK;
SDR 16 TDI (BFFF);
RUNTEST 10 TCK;
SDR 16 TDI (FFFF);
RUNTEST 10 TCK;
SDR 16 TDI (7FFF);
RUNTEST 10 TCK;
SDR 16 TDI (FFFF);
RUNTEST 10 TCK;
SDR 16 TDI (BFFF);
RUNTEST 10 TCK;
SDR 16 TDI (FFFF);
RUNTEST 10 TCK;
SDR 16 TDI (7FFF);
RUNTEST 10 TCK;
SDR 16 TDI (FFFF);
RUNTEST 10 TCK;
SDR 16 TDI (BFFF);
RUNTEST 10 TCK;
SDR 16 TDI (FFFF);
RUNTEST 10 TCK;
SDR 16 TDI (7FFF);
RUNTEST 10 TCK;
SDR 16 TDI (FFFF);
RUNTEST 10 TCK;
SDR 16 TDI (BFFF);
RUNTEST 10 TCK;
SDR 16 TDI (FFFF);
RUNTEST 10 TCK;
SDR 16 TDI (7FFF);
RUNTEST 10 TCK;
SDR 16 TDI (FFFF);
RUNTEST 10 TCK;
SDR 16 TDI (BFFF);
RUNTEST 10 TCK;
SDR 16 TDI (FFFF);
RUNTEST 10 TCK;
SDR 16 TDI (7FFF);
RUNTEST 10 TCK;
SDR 16 TDI (FFFF);
RUNTEST 10 TCK;
SDR 16 TDI (BFFF);
RUNTEST 10 TCK;
SDR 16 TDI (FFFF);
RUNTEST 10 TCK;
SDR 16 TDI (7FFF);
RUNTEST 10 TCK;
SDR 16 TDI (FFFF);
RUNTEST 10 TCK;
SDR 16 TDI (BFFF);
RUNTEST 10 TCK;
SDR 16 TDI (FFFF);
RUNTEST 10 TCK;
SDR 16 TDI (7FFF);
RUNTEST 10 TCK;
SDR 16 TDI (FFFF);
RUNTEST 10 TCK;
SDR 16 TDI (BFFF);
RUNTEST 10 TCK;
SDR 16 TDI (FFFF);
RUNTEST 10 TCK;
SDR 16 TDI (7FFF);
RUNTEST 10 TCK;
SDR 16 TDI (FFFF);
RUNTEST 10 TCK;
SDR 16 TDI (BFFF);
RUNTEST 10 TCK;
SDR 16 TDI (FFFF);
RUNTEST 10 TCK;
SDR 16 TDI (7FFF);
RUNTEST 10 TCK;
SDR 16 TDI (FFFF);
RUNTEST 10 TCK;
SDR 16 TDI (BAAF);
RUNTEST 10 TCK;
SDR 16 TDI (FFFF);
RUNTEST 10 TCK;
SDR 16 TDI (7FFF);
RUNTEST 10 TCK;
SDR 16 TDI (FFFF);
RUNTEST 10 TCK;
SDR 16 TDI (BFFF);
RUNTEST 10 TCK;
SDR 16 TDI (FFFF);
RUNTEST 10 TCK;
SDR 16 TDI (7FFF);
RUNTEST 10 TCK;
SDR 16 TDI (FFFF);
RUNTEST 10 TCK;
SDR 16 TDI (BFFF);
RUNTEST 10 TCK;
SDR 16 TDI (FFFF);
RUNTEST 10 TCK;
SDR 16 TDI (7FFF);
RUNTEST 10 TCK;
SDR 16 TDI (FFFF);
RUNTEST 10 TCK;
SDR 16 TDI (BFFF);
RUNTEST 10 TCK;
SDR 16 TDI (FFEE);
RUNTEST 10 TCK;
SDR 16 TDI (77FF);
RUNTEST 10 TCK;
SDR 16 TDI (FFFF);
RUNTEST 10 TCK;
SDR 16 TDI (BFFF);
RUNTEST 10 TCK;
SDR 16 TDI (FFFF);
RUNTEST 10 TCK;
SDR 16 TDI (7FFF);
RUNTEST 10 TCK;
SDR 16 TDI (FFFF);
RUNTEST 10 TCK;
SDR 16 TDI (BFFF);
RUNTEST 10 TCK;
SDR 16 TDI (FFFF);
RUNTEST 10 TCK;
SDR 16 TDI (7FFF);
RUNTEST 10 TCK;
SDR 16 TDI (FFFF);
RUNTEST 10 TCK;
SDR 16 TDI (BFFF);
RUNTEST 10 TCK;
SDR 16 TDI (FFFF);
RUNTEST 10 TCK;
SDR 16 TDI (7FFF);
RUNTEST 10 TCK;
SDR 16 TDI (FFFF);
RUNTEST 10 TCK;
SDR 16 TDI (BFFF);
RUNTEST 10 TCK;
SDR 16 TDI (FFFF);
RUNTEST 10 TCK;
SDR 16 TDI (7FFF);
RUNTEST 10 TCK;
SDR 16 TDI (FFFF);
RUNTEST 10 TCK;
SDR 16 TDI (A55F);
RUNTEST 10 TCK;
SDR 16 TDI (FFFF);
RUNTEST 10 TCK;
SDR 16 TDI (7FDF);
RUNTEST 10 TCK;
SDR 16 TDI (FFFF);
RUNTEST 10 TCK;
SDR 16 TDI (BFFF);
RUNTEST 10 TCK;
SDR 16 TDI (FFEF);
RUNTEST 10 TCK;
SDR 16 TDI (7FFF);
RUNTEST 10 TCK;
SDR 16 TDI (FFFF);
RUNTEST 10 TCK;
SDR 16 TDI (BFFF);
RUNTEST 10 TCK;
SDR 16 TDI (7FFF);
RUNTEST 10 TCK;
SDR 16 TDI (7FFF);
RUNTEST 10 TCK;
SDR 16 TDI (FFFF);
RUNTEST 10 TCK;
SDR 16 TDI (B7FF);
RUNTEST 10 TCK;
SDR 16 TDI (FFF5);
RUNTEST 10 TCK;
SDR 16 TDI (65FF);
RUNTEST 10 TCK;
SDR 16 TDI (FFFF);
RUNTEST 10 TCK;
SDR 16 TDI (AFFF);
RUNTEST 10 TCK;
SDR 16 TDI (FFFF);
RUNTEST 10 TCK;
SDR 16 TDI (7FBF);
RUNTEST 10 TCK;
SDR 16 TDI (FFFF);
RUNTEST 10 TCK;
SDR 16 TDI (BFFF);
RUNTEST 10 TCK;
SDR 16 TDI (FFDF);
RUNTEST 10 TCK;
SDR 16 TDI (7FFF);
RUNTEST 10 TCK;
SDR 16 TDI (FFFF);
RUNTEST 10 TCK;
SDR 16 TDI (BFFE);
RUNTEST 10 TCK;
SDR 16 TDI (FFFF);
RUNTEST 10 TCK;
SDR 16 TDI (7FFF);
RUNTEST 10 TCK;
SDR 16 TDI (FFFF);
RUNTEST 10 TCK;
SDR 16 TDI (AFFF);
RUNTEST 10 TCK;
SDR 16 TDI (FFFF);
RUNTEST 10 TCK;
SDR 16 TDI (7DFF);
RUNTEST 10 TCK;
SDR 16 TDI (FFFF);
RUNTEST 10 TCK;
SDR 16 TDI (B55F);
RUNTEST 10 TCK;
SDR 16 TDI (FFFF);
RUNTEST 10 TCK;
SDR 16 TDI (7FFF);
RUNTEST 10 TCK;
SDR 16 TDI (FFFF);
RUNTEST 10 TCK;
SDR 16 TDI (BFFF);
RUNTEST 10 TCK;
SDR 16 TDI (FFFF);
RUNTEST 10 TCK;
SDR 16 TDI (7FFF);
RUNTEST 10 TCK;
SDR 16 TDI (FFFF);
RUNTEST 10 TCK;
SDR 16 TDI (BFFF);
RUNTEST 10 TCK;
SDR 16 TDI (FFFF);
RUNTEST 10 TCK;
SDR 16 TDI (7FFF);
RUNTEST 10 TCK;
SDR 16 TDI (FFFF);
RUNTEST 10 TCK;
SDR 16 TDI (BFFF);
RUNTEST 10 TCK;
SDR 16 TDI (FFF5);
RUNTEST 10 TCK;
SDR 16 TDI (67FF);
RUNTEST 10 TCK;
SDR 16 TDI (FFFF);
RUNTEST 10 TCK;
SDR 16 TDI (BFFF);
RUNTEST 10 TCK;
SDR 16 TDI (FFFF);
RUNTEST 10 TCK;
SDR 16 TDI (7FFF);
RUNTEST 10 TCK;
SDR 16 TDI (FFFF);
RUNTEST 10 TCK;
SDR 16 TDI (BFFF);
RUNTEST 10 TCK;
SDR 16 TDI (FFFF);
RUNTEST 10 TCK;
SDR 16 TDI (7FFF);
RUNTEST 10 TCK;
SDR 16 TDI (FFFF);
RUNTEST 10 TCK;
SDR 16 TDI (BFFF);
RUNTEST 10 TCK;
SDR 16 TDI (FFFF);
RUNTEST 10 TCK;
SDR 16 TDI (7FFF);
RUNTEST 10 TCK;
SDR 16 TDI (FFFF);
RUNTEST 10 TCK;
SDR 16 TDI (BFFF);
RUNTEST 10 TCK;
SDR 16 TDI (FFBF);
RUNTEST 10 TCK;
SDR 16 TDI (7FFF);
RUNTEST 10 TCK;
SDR 16 TDI (FFFF);
RUNTEST 10 TCK;
SDR 16 TDI (BFFF);
RUNTEST 10 TCK;
SDR 16 TDI (3333);
RUNTEST 10 TCK;
SDR 16 TDI (63E6);
RUNTEST 10 TCK;
SDR 16 TDI (6667);
RUNTEST 10 TCK;
SDR 16 TDI (B333);
RUNTEST 10 TCK;
SDR 16 TDI (31F3);
RUNTEST 10 TCK;
SDR 16 TDI (6666);
RUNTEST 10 TCK;
SDR 16 TDI (7CCC);
RUNTEST 10 TCK;
SDR 16 TDI (B98F);
RUNTEST 10 TCK;
SDR 16 TDI (9999);
RUNTEST 10 TCK;
SDR 16 TDI (73CC);
RUNTEST 10 TCK;
SDR 16 TDI (CCC7);
RUNTEST 10 TCK;
SDR 16 TDI (B999);
RUNTEST 10 TCK;
SDR 16 TDI (99FF);
RUNTEST 10 TCK;
SDR 16 TDI (7FFF);
RUNTEST 10 TCK;
SDR 16 TDI (FFFF);
RUNTEST 10 TCK;
SDR 16 TDI (BFFF);
RUNTEST 10 TCK;
SDR 16 TDI (7777);
RUNTEST 10 TCK;
SDR 16 TDI (6957);
RUNTEST 10 TCK;
SDR 16 TDI (7777);
RUNTEST 10 TCK;
SDR 16 TDI (B777);
RUNTEST 10 TCK;
SDR 16 TDI (74AB);
RUNTEST 10 TCK;
SDR 16 TDI (7777);
RUNTEST 10 TCK;
SDR 16 TDI (7DDD);
RUNTEST 10 TCK;
SDR 16 TDI (BBA5);
RUNTEST 10 TCK;
SDR 16 TDI (5DDD);
RUNTEST 10 TCK;
SDR 16 TDI (7BDD);
RUNTEST 10 TCK;
SDR 16 TDI (DDD2);
RUNTEST 10 TCK;
SDR 16 TDI (B5DD);
RUNTEST 10 TCK;
SDR 16 TDI (DDFF);
RUNTEST 10 TCK;
SDR 16 TDI (7FFF);
RUNTEST 10 TCK;
SDR 16 TDI (FFFF);
RUNTEST 10 TCK;
SDR 16 TDI (BFFF);
RUNTEST 10 TCK;
SDR 16 TDI (FFFF);
RUNTEST 10 TCK;
SDR 16 TDI (7FDF);
RUNTEST 10 TCK;
SDR 16 TDI (FFFF);
RUNTEST 10 TCK;
SDR 16 TDI (BFFF);
RUNTEST 10 TCK;
SDR 16 TDI (FFEF);
RUNTEST 10 TCK;
SDR 16 TDI (7FFF);
RUNTEST 10 TCK;
SDR 16 TDI (FFFF);
RUNTEST 10 TCK;
SDR 16 TDI (BFFF);
RUNTEST 10 TCK;
SDR 16 TDI (7FFF);
RUNTEST 10 TCK;
SDR 16 TDI (7FFF);
RUNTEST 10 TCK;
SDR 16 TDI (FFFF);
RUNTEST 10 TCK;
SDR 16 TDI (B7FF);
RUNTEST 10 TCK;
SDR 16 TDI (FFDF);
RUNTEST 10 TCK;
SDR 16 TDI (7FFF);
RUNTEST 10 TCK;
SDR 16 TDI (FFFF);
RUNTEST 10 TCK;
SDR 16 TDI (BFFF);
RUNTEST 10 TCK;
SDR 16 TDI (FFFF);
RUNTEST 10 TCK;
SDR 16 TDI (7FFF);
RUNTEST 10 TCK;
SDR 16 TDI (FFFF);
RUNTEST 10 TCK;
SDR 16 TDI (BFFF);
RUNTEST 10 TCK;
SDR 16 TDI (FFFF);
RUNTEST 10 TCK;
SDR 16 TDI (7FFF);
RUNTEST 10 TCK;
SDR 16 TDI (FFFF);
RUNTEST 10 TCK;
SDR 16 TDI (BFFF);
RUNTEST 10 TCK;
SDR 16 TDI (FFFF);
RUNTEST 10 TCK;
SDR 16 TDI (7FFF);
RUNTEST 10 TCK;
SDR 16 TDI (FFFF);
RUNTEST 10 TCK;
SDR 16 TDI (BFFF);
RUNTEST 10 TCK;
SDR 16 TDI (FFFF);
RUNTEST 10 TCK;
SDR 16 TDI (7FFF);
RUNTEST 10 TCK;
SDR 16 TDI (FFFF);
RUNTEST 10 TCK;
SDR 16 TDI (BFFF);
RUNTEST 10 TCK;
SDR 16 TDI (FFFF);
RUNTEST 10 TCK;
SDR 16 TDI (7FFF);
RUNTEST 10 TCK;
SDR 16 TDI (FFFD);
RUNTEST 10 TCK;
SDR 16 TDI (BFFF);
RUNTEST 10 TCK;
SDR 16 TDI (FFFD);
RUNTEST 10 TCK;
SDR 16 TDI (7FFF);
RUNTEST 10 TCK;
SDR 16 TDI (FFFF);
RUNTEST 10 TCK;
SDR 16 TDI (BFFF);
RUNTEST 10 TCK;
SDR 16 TDI (FFFE);
RUNTEST 10 TCK;
SDR 16 TDI (7FFF);
RUNTEST 10 TCK;
SDR 16 TDI (BFFF);
RUNTEST 10 TCK;
SDR 16 TDI (BFFF);
RUNTEST 10 TCK;
SDR 16 TDI (FEFF);
RUNTEST 10 TCK;
SDR 16 TDI (7FFF);
RUNTEST 10 TCK;
SDR 16 TDI (FFFF);
RUNTEST 10 TCK;
SDR 16 TDI (AFFF);
RUNTEST 10 TCK;
SDR 16 TDI (FFFF);
RUNTEST 10 TCK;
SDR 16 TDI (7FFF);
RUNTEST 10 TCK;
SDR 16 TDI (FFFB);
RUNTEST 10 TCK;
SDR 16 TDI (BFFF);
RUNTEST 10 TCK;
SDR 16 TDI (FFFF);
RUNTEST 10 TCK;
SDR 16 TDI (7FFF);
RUNTEST 10 TCK;
SDR 16 TDI (FFFF);
RUNTEST 10 TCK;
SDR 16 TDI (BFFF);
RUNTEST 10 TCK;
SDR 16 TDI (FFFF);
RUNTEST 10 TCK;
SDR 16 TDI (7FFF);
RUNTEST 10 TCK;
SDR 16 TDI (FFFF);
RUNTEST 10 TCK;
SDR 16 TDI (BFFF);
RUNTEST 10 TCK;
SDR 16 TDI (FFFF);
RUNTEST 10 TCK;
SDR 16 TDI (7DFF);
RUNTEST 10 TCK;
SDR 16 TDI (FFFF);
RUNTEST 10 TCK;
SDR 16 TDI (AFFF);
RUNTEST 10 TCK;
SDR 16 TDI (FFFF);
RUNTEST 10 TCK;
SDR 16 TDI (7FFF);
RUNTEST 10 TCK;
SDR 16 TDI (FFFF);
RUNTEST 10 TCK;
SDR 16 TDI (BFFF);
RUNTEST 10 TCK;
SDR 16 TDI (FFFF);
RUNTEST 10 TCK;
SDR 16 TDI (7FFF);
RUNTEST 10 TCK;
SDR 16 TDI (FFFF);
RUNTEST 10 TCK;
SDR 16 TDI (BFFF);
RUNTEST 10 TCK;
SDR 16 TDI (FFFF);
RUNTEST 10 TCK;
SDR 16 TDI (7FFF);
RUNTEST 10 TCK;
SDR 16 TDI (FFFF);
RUNTEST 10 TCK;
SDR 16 TDI (BFFF);
RUNTEST 10 TCK;
SDR 16 TDI (FFFF);
RUNTEST 10 TCK;
SDR 16 TDI (7DFF);
RUNTEST 10 TCK;
SDR 16 TDI (FFFF);
RUNTEST 10 TCK;
SDR 16 TDI (BFFF);
RUNTEST 10 TCK;
SDR 16 TDI (FFFF);
RUNTEST 10 TCK;
SDR 16 TDI (7FFF);
RUNTEST 10 TCK;
SDR 16 TDI (FFFF);
RUNTEST 10 TCK;
SDR 16 TDI (BFFF);
RUNTEST 10 TCK;
SDR 16 TDI (FFFB);
RUNTEST 10 TCK;
SDR 16 TDI (7FFF);
RUNTEST 10 TCK;
SDR 16 TDI (FFFF);
RUNTEST 10 TCK;
SDR 16 TDI (BFFF);
RUNTEST 10 TCK;
SDR 16 TDI (FFFF);
RUNTEST 10 TCK;
SDR 16 TDI (7FFF);
RUNTEST 10 TCK;
SDR 16 TDI (DFFF);
RUNTEST 10 TCK;
SDR 16 TDI (BFFF);
RUNTEST 10 TCK;
SDR 16 TDI (FDFF);
RUNTEST 10 TCK;
SDR 16 TDI (7FFF);
RUNTEST 10 TCK;
SDR 16 TDI (FFFF);
RUNTEST 10 TCK;
SDR 16 TDI (BFFF);
RUNTEST 10 TCK;
SDR 16 TDI (FFFF);
RUNTEST 10 TCK;
SDR 16 TDI (7FFF);
RUNTEST 10 TCK;
SDR 16 TDI (FFFF);
RUNTEST 10 TCK;
SDR 16 TDI (BFFE);
RUNTEST 10 TCK;
SDR 16 TDI (FFFF);
RUNTEST 10 TCK;
SDR 16 TDI (7FF5);
RUNTEST 10 TCK;
SDR 16 TDI (FFFF);
RUNTEST 10 TCK;
SDR 16 TDI (BFBF);
RUNTEST 10 TCK;
SDR 16 TDI (DFFF);
RUNTEST 10 TCK;
SDR 16 TDI (7FFF);
RUNTEST 10 TCK;
SDR 16 TDI (FFFF);
RUNTEST 10 TCK;
SDR 16 TDI (BFDF);
RUNTEST 10 TCK;
SDR 16 TDI (FFFF);
RUNTEST 10 TCK;
SDR 16 TDI (7FFF);
RUNTEST 10 TCK;
SDR 16 TDI (FFFF);
RUNTEST 10 TCK;
SDR 16 TDI (BFFF);
RUNTEST 10 TCK;
SDR 16 TDI (FFFF);
RUNTEST 10 TCK;
SDR 16 TDI (7FFF);
RUNTEST 10 TCK;
SDR 16 TDI (FFFF);
RUNTEST 10 TCK;
SDR 16 TDI (BFFF);
RUNTEST 10 TCK;
SDR 16 TDI (FFFD);
RUNTEST 10 TCK;
SDR 16 TDI (7FFF);
RUNTEST 10 TCK;
SDR 16 TDI (EFFF);
RUNTEST 10 TCK;
SDR 16 TDI (BFFF);
RUNTEST 10 TCK;
SDR 16 TDI (FEEF);
RUNTEST 10 TCK;
SDR 16 TDI (7FFF);
RUNTEST 10 TCK;
SDR 16 TDI (DFFF);
RUNTEST 10 TCK;
SDR 16 TDI (BFEF);
RUNTEST 10 TCK;
SDR 16 TDI (FDFF);
RUNTEST 10 TCK;
SDR 16 TDI (7FFF);
RUNTEST 10 TCK;
SDR 16 TDI (FFFF);
RUNTEST 10 TCK;
SDR 16 TDI (BFFF);
RUNTEST 10 TCK;
SDR 16 TDI (FFFF);
RUNTEST 10 TCK;
SDR 16 TDI (7FFF);
RUNTEST 10 TCK;
SDR 16 TDI (FFFF);
RUNTEST 10 TCK;
SDR 16 TDI (BFFE);
RUNTEST 10 TCK;
SDR 16 TDI (FFFB);
RUNTEST 10 TCK;
SDR 16 TDI (7FF3);
RUNTEST 10 TCK;
SDR 16 TDI (FFFF);
RUNTEST 10 TCK;
SDR 16 TDI (BFBF);
RUNTEST 10 TCK;
SDR 16 TDI (BFFF);
RUNTEST 10 TCK;
SDR 16 TDI (7FFF);
RUNTEST 10 TCK;
SDR 16 TDI (FFFF);
RUNTEST 10 TCK;
SDR 16 TDI (BFDF);
RUNTEST 10 TCK;
SDR 16 TDI (FFFF);
RUNTEST 10 TCK;
SDR 16 TDI (7FFF);
RUNTEST 10 TCK;
SDR 16 TDI (FFFF);
RUNTEST 10 TCK;
SDR 16 TDI (BFFF);
RUNTEST 10 TCK;
SDR 16 TDI (FFFF);
RUNTEST 10 TCK;
SDR 16 TDI (7FFF);
RUNTEST 10 TCK;
SDR 16 TDI (FFFF);
RUNTEST 10 TCK;
SDR 16 TDI (BFFD);
RUNTEST 10 TCK;
SDR 16 TDI (FFFF);
RUNTEST 10 TCK;
SDR 16 TDI (7BFD);
RUNTEST 10 TCK;
SDR 16 TDI (EFFD);
RUNTEST 10 TCK;
SDR 16 TDI (BFFF);
RUNTEST 10 TCK;
SDR 16 TDI (FAFF);
RUNTEST 10 TCK;
SDR 16 TDI (6EF7);
RUNTEST 10 TCK;
SDR 16 TDI (F7FF);
RUNTEST 10 TCK;
SDR 16 TDI (BFFF);
RUNTEST 10 TCK;
SDR 16 TDI (FEDF);
RUNTEST 10 TCK;
SDR 16 TDI (7FFF);
RUNTEST 10 TCK;
SDR 16 TDI (FFFF);
RUNTEST 10 TCK;
SDR 16 TDI (BFFF);
RUNTEST 10 TCK;
SDR 16 TDI (FFFF);
RUNTEST 10 TCK;
SDR 16 TDI (7FFF);
RUNTEST 10 TCK;
SDR 16 TDI (FFFF);
RUNTEST 10 TCK;
SDR 16 TDI (BFFF);
RUNTEST 10 TCK;
SDR 16 TDI (F7FF);
RUNTEST 10 TCK;
SDR 16 TDI (7EAF);
RUNTEST 10 TCK;
SDR 16 TDI (EFFF);
RUNTEST 10 TCK;
SDR 16 TDI (BDBF);
RUNTEST 10 TCK;
SDR 16 TDI (FFFF);
RUNTEST 10 TCK;
SDR 16 TDI (7FFF);
RUNTEST 10 TCK;
SDR 16 TDI (FDDF);
RUNTEST 10 TCK;
SDR 16 TDI (BFBF);
RUNTEST 10 TCK;
SDR 16 TDI (FFFF);
RUNTEST 10 TCK;
SDR 16 TDI (7FFF);
RUNTEST 10 TCK;
SDR 16 TDI (FFFF);
RUNTEST 10 TCK;
SDR 16 TDI (BFFF);
RUNTEST 10 TCK;
SDR 16 TDI (FFFF);
RUNTEST 10 TCK;
SDR 16 TDI (7FFF);
RUNTEST 10 TCK;
SDR 16 TDI (FFFF);
RUNTEST 10 TCK;
SDR 16 TDI (BFED);
RUNTEST 10 TCK;
SDR 16 TDI (FFFF);
RUNTEST 10 TCK;
SDR 16 TDI (7FDD);
RUNTEST 10 TCK;
SDR 16 TDI (FFFF);
RUNTEST 10 TCK;
SDR 16 TDI (BFFF);
RUNTEST 10 TCK;
SDR 16 TDI (FDEF);
RUNTEST 10 TCK;
SDR 16 TDI (7FF7);
RUNTEST 10 TCK;
SDR 16 TDI (F7FF);
RUNTEST 10 TCK;
SDR 16 TDI (BFDF);
RUNTEST 10 TCK;
SDR 16 TDI (FF7F);
RUNTEST 10 TCK;
SDR 16 TDI (7FFF);
RUNTEST 10 TCK;
SDR 16 TDI (FFFF);
RUNTEST 10 TCK;
SDR 16 TDI (BFFF);
RUNTEST 10 TCK;
SDR 16 TDI (FFFF);
RUNTEST 10 TCK;
SDR 16 TDI (7FFF);
RUNTEST 10 TCK;
SDR 16 TDI (FFFF);
RUNTEST 10 TCK;
SDR 16 TDI (BFFF);
RUNTEST 10 TCK;
SDR 16 TDI (FFFF);
RUNTEST 10 TCK;
SDR 16 TDI (7AEF);
RUNTEST 10 TCK;
SDR 16 TDI (FFFE);
RUNTEST 10 TCK;
SDR 16 TDI (BDFF);
RUNTEST 10 TCK;
SDR 16 TDI (FEFF);
RUNTEST 10 TCK;
SDR 16 TDI (6DFF);
RUNTEST 10 TCK;
SDR 16 TDI (FDFF);
RUNTEST 10 TCK;
SDR 16 TDI (BFFF);
RUNTEST 10 TCK;
SDR 16 TDI (FFBF);
RUNTEST 10 TCK;
SDR 16 TDI (7FFF);
RUNTEST 10 TCK;
SDR 16 TDI (FFFF);
RUNTEST 10 TCK;
SDR 16 TDI (A55F);
RUNTEST 10 TCK;
SDR 16 TDI (FFFF);
RUNTEST 10 TCK;
SDR 16 TDI (7FFF);
RUNTEST 10 TCK;
SDR 16 TDI (FFFE);
RUNTEST 10 TCK;
SDR 16 TDI (BF6F);
RUNTEST 10 TCK;
SDR 16 TDI (BFFF);
RUNTEST 10 TCK;
SDR 16 TDI (7FBD);
RUNTEST 10 TCK;
SDR 16 TDI (FFFF);
RUNTEST 10 TCK;
SDR 16 TDI (BFFF);
RUNTEST 10 TCK;
SDR 16 TDI (FFFD);
RUNTEST 10 TCK;
SDR 16 TDI (7FFF);
RUNTEST 10 TCK;
SDR 16 TDI (FFBF);
RUNTEST 10 TCK;
SDR 16 TDI (BFFF);
RUNTEST 10 TCK;
SDR 16 TDI (FFF5);
RUNTEST 10 TCK;
SDR 16 TDI (65FF);
RUNTEST 10 TCK;
SDR 16 TDI (FFFF);
RUNTEST 10 TCK;
SDR 16 TDI (AFFF);
RUNTEST 10 TCK;
SDR 16 TDI (FFFF);
RUNTEST 10 TCK;
SDR 16 TDI (7FFF);
RUNTEST 10 TCK;
SDR 16 TDI (FFFF);
RUNTEST 10 TCK;
SDR 16 TDI (BFF9);
RUNTEST 10 TCK;
SDR 16 TDI (FBF9);
RUNTEST 10 TCK;
SDR 16 TDI (6DFF);
RUNTEST 10 TCK;
SDR 16 TDI (BFFD);
RUNTEST 10 TCK;
SDR 16 TDI (BFDF);
RUNTEST 10 TCK;
SDR 16 TDI (DDD6);
RUNTEST 10 TCK;
SDR 16 TDI (7BFD);
RUNTEST 10 TCK;
SDR 16 TDI (EDEF);
RUNTEST 10 TCK;
SDR 16 TDI (BFFF);
RUNTEST 10 TCK;
SDR 16 TDI (FFFF);
RUNTEST 10 TCK;
SDR 16 TDI (7DFF);
RUNTEST 10 TCK;
SDR 16 TDI (FFFF);
RUNTEST 10 TCK;
SDR 16 TDI (A55F);
RUNTEST 10 TCK;
SDR 16 TDI (FFFF);
RUNTEST 10 TCK;
SDR 16 TDI (7FFF);
RUNTEST 10 TCK;
SDR 16 TDI (FFFF);
RUNTEST 10 TCK;
SDR 16 TDI (BBFF);
RUNTEST 10 TCK;
SDR 16 TDI (FFFF);
RUNTEST 10 TCK;
SDR 16 TDI (7AEF);
RUNTEST 10 TCK;
SDR 16 TDI (FFFF);
RUNTEST 10 TCK;
SDR 16 TDI (BFFF);
RUNTEST 10 TCK;
SDR 16 TDI (FFFF);
RUNTEST 10 TCK;
SDR 16 TDI (7FDF);
RUNTEST 10 TCK;
SDR 16 TDI (FF7F);
RUNTEST 10 TCK;
SDR 16 TDI (BFDD);
RUNTEST 10 TCK;
SDR 16 TDI (FDF5);
RUNTEST 10 TCK;
SDR 16 TDI (65FF);
RUNTEST 10 TCK;
SDR 16 TDI (FFFF);
RUNTEST 10 TCK;
SDR 16 TDI (AAAF);
RUNTEST 10 TCK;
SDR 16 TDI (FFFF);
RUNTEST 10 TCK;
SDR 16 TDI (7FFF);
RUNTEST 10 TCK;
SDR 16 TDI (FFFE);
RUNTEST 10 TCK;
SDR 16 TDI (BF7B);
RUNTEST 10 TCK;
SDR 16 TDI (BFFF);
RUNTEST 10 TCK;
SDR 16 TDI (7FFE);
RUNTEST 10 TCK;
SDR 16 TDI (FFFF);
RUNTEST 10 TCK;
SDR 16 TDI (BFFF);
RUNTEST 10 TCK;
SDR 16 TDI (3F7F);
RUNTEST 10 TCK;
SDR 16 TDI (7FDF);
RUNTEST 10 TCK;
SDR 16 TDI (E7EF);
RUNTEST 10 TCK;
SDR 16 TDI (BF75);
RUNTEST 10 TCK;
SDR 16 TDI (DDEE);
RUNTEST 10 TCK;
SDR 16 TDI (75FF);
RUNTEST 10 TCK;
SDR 16 TDI (FFFF);
RUNTEST 10 TCK;
SDR 16 TDI (BFFF);
RUNTEST 10 TCK;
SDR 16 TDI (FFFF);
RUNTEST 10 TCK;
SDR 16 TDI (7FFF);
RUNTEST 10 TCK;
SDR 16 TDI (FFFF);
RUNTEST 10 TCK;
SDR 16 TDI (BEED);
RUNTEST 10 TCK;
SDR 16 TDI (E7FB);
RUNTEST 10 TCK;
SDR 16 TDI (76AB);
RUNTEST 10 TCK;
SDR 16 TDI (DFF9);
RUNTEST 10 TCK;
SDR 16 TDI (BF7F);
RUNTEST 10 TCK;
SDR 16 TDI (F5CE);
RUNTEST 10 TCK;
SDR 16 TDI (79FA);
RUNTEST 10 TCK;
SDR 16 TDI (BFFF);
RUNTEST 10 TCK;
SDR 16 TDI (BFFF);
RUNTEST 10 TCK;
SDR 16 TDI (FFFF);
RUNTEST 10 TCK;
SDR 16 TDI (7FFF);
RUNTEST 10 TCK;
SDR 16 TDI (FFFF);
RUNTEST 10 TCK;
SDR 16 TDI (BFFF);
RUNTEST 10 TCK;
SDR 16 TDI (FFFF);
RUNTEST 10 TCK;
SDR 16 TDI (7FFF);
RUNTEST 10 TCK;
SDR 16 TDI (FFFF);
RUNTEST 10 TCK;
SDR 16 TDI (BBFF);
RUNTEST 10 TCK;
SDR 16 TDI (EFFF);
RUNTEST 10 TCK;
SDR 16 TDI (7FFF);
RUNTEST 10 TCK;
SDR 16 TDI (FFF7);
RUNTEST 10 TCK;
SDR 16 TDI (BFBF);
RUNTEST 10 TCK;
SDR 16 TDI (F6FD);
RUNTEST 10 TCK;
SDR 16 TDI (7D77);
RUNTEST 10 TCK;
SDR 16 TDI (F6FF);
RUNTEST 10 TCK;
SDR 16 TDI (BAB7);
RUNTEST 10 TCK;
SDR 16 TDI (777F);
RUNTEST 10 TCK;
SDR 16 TDI (7FFF);
RUNTEST 10 TCK;
SDR 16 TDI (FFFF);
RUNTEST 10 TCK;
SDR 16 TDI (BFFF);
RUNTEST 10 TCK;
SDR 16 TDI (FFFF);
RUNTEST 10 TCK;
SDR 16 TDI (7FFF);
RUNTEST 10 TCK;
SDR 16 TDI (FFFE);
RUNTEST 10 TCK;
SDR 16 TDI (BB7F);
RUNTEST 10 TCK;
SDR 16 TDI (37FE);
RUNTEST 10 TCK;
SDR 16 TDI (7A6E);
RUNTEST 10 TCK;
SDR 16 TDI (9FFF);
RUNTEST 10 TCK;
SDR 16 TDI (BF9F);
RUNTEST 10 TCK;
SDR 16 TDI (F8FA);
RUNTEST 10 TCK;
SDR 16 TDI (7F71);
RUNTEST 10 TCK;
SDR 16 TDI (D6CF);
RUNTEST 10 TCK;
SDR 16 TDI (BBF7);
RUNTEST 10 TCK;
SDR 16 TDI (777F);
RUNTEST 10 TCK;
SDR 16 TDI (7FFF);
RUNTEST 10 TCK;
SDR 16 TDI (FFFF);
RUNTEST 10 TCK;
SDR 16 TDI (BAAF);
RUNTEST 10 TCK;
SDR 16 TDI (FFFF);
RUNTEST 10 TCK;
SDR 16 TDI (7FFF);
RUNTEST 10 TCK;
SDR 16 TDI (FFFF);
RUNTEST 10 TCK;
SDR 16 TDI (B6D9);
RUNTEST 10 TCK;
SDR 16 TDI (CBF3);
RUNTEST 10 TCK;
SDR 16 TDI (75B5);
RUNTEST 10 TCK;
SDR 16 TDI (FFFB);
RUNTEST 10 TCK;
SDR 16 TDI (BF7F);
RUNTEST 10 TCK;
SDR 16 TDI (BFE5);
RUNTEST 10 TCK;
SDR 16 TDI (7DFF);
RUNTEST 10 TCK;
SDR 16 TDI (FF3F);
RUNTEST 10 TCK;
SDR 16 TDI (BF3F);
RUNTEST 10 TCK;
SDR 16 TDI (FFFF);
RUNTEST 10 TCK;
SDR 16 TDI (7FFF);
RUNTEST 10 TCK;
SDR 16 TDI (FFFF);
RUNTEST 10 TCK;
SDR 16 TDI (BFFF);
RUNTEST 10 TCK;
SDR 16 TDI (FFFF);
RUNTEST 10 TCK;
SDR 16 TDI (7FFF);
RUNTEST 10 TCK;
SDR 16 TDI (FFFF);
RUNTEST 10 TCK;
SDR 16 TDI (AFA6);
RUNTEST 10 TCK;
SDR 16 TDI (FFFF);
RUNTEST 10 TCK;
SDR 16 TDI (6FDB);
RUNTEST 10 TCK;
SDR 16 TDI (FFF4);
RUNTEST 10 TCK;
SDR 16 TDI (BFFF);
RUNTEST 10 TCK;
SDR 16 TDI (471F);
RUNTEST 10 TCK;
SDR 16 TDI (62CE);
RUNTEST 10 TCK;
SDR 16 TDI (A9FF);
RUNTEST 10 TCK;
SDR 16 TDI (BEC9);
RUNTEST 10 TCK;
SDR 16 TDI (B9FF);
RUNTEST 10 TCK;
SDR 16 TDI (7FFF);
RUNTEST 10 TCK;
SDR 16 TDI (FFFF);
RUNTEST 10 TCK;
SDR 16 TDI (A55F);
RUNTEST 10 TCK;
SDR 16 TDI (FFFF);
RUNTEST 10 TCK;
SDR 16 TDI (7FDF);
RUNTEST 10 TCK;
SDR 16 TDI (FFFE);
RUNTEST 10 TCK;
SDR 16 TDI (A00A);
RUNTEST 10 TCK;
SDR 16 TDI (CBE0);
RUNTEST 10 TCK;
SDR 16 TDI (618A);
RUNTEST 10 TCK;
SDR 16 TDI (3FF2);
RUNTEST 10 TCK;
SDR 16 TDI (BF9E);
RUNTEST 10 TCK;
SDR 16 TDI (1FFE);
RUNTEST 10 TCK;
SDR 16 TDI (730E);
RUNTEST 10 TCK;
SDR 16 TDI (E04F);
RUNTEST 10 TCK;
SDR 16 TDI (B040);
RUNTEST 10 TCK;
SDR 16 TDI (67F5);
RUNTEST 10 TCK;
SDR 16 TDI (65FF);
RUNTEST 10 TCK;
SDR 16 TDI (FFFF);
RUNTEST 10 TCK;
SDR 16 TDI (AFFF);
RUNTEST 10 TCK;
SDR 16 TDI (FFFF);
RUNTEST 10 TCK;
SDR 16 TDI (7FBF);
RUNTEST 10 TCK;
SDR 16 TDI (FFFE);
RUNTEST 10 TCK;
SDR 16 TDI (B42B);
RUNTEST 10 TCK;
SDR 16 TDI (C3DC);
RUNTEST 10 TCK;
SDR 16 TDI (61C2);
RUNTEST 10 TCK;
SDR 16 TDI (BFF2);
RUNTEST 10 TCK;
SDR 16 TDI (BF9E);
RUNTEST 10 TCK;
SDR 16 TDI (800A);
RUNTEST 10 TCK;
SDR 16 TDI (710C);
RUNTEST 10 TCK;
SDR 16 TDI (E04F);
RUNTEST 10 TCK;
SDR 16 TDI (A880);
RUNTEST 10 TCK;
SDR 16 TDI (07FE);
RUNTEST 10 TCK;
SDR 16 TDI (75FF);
RUNTEST 10 TCK;
SDR 16 TDI (FFFF);
RUNTEST 10 TCK;
SDR 16 TDI (B55F);
RUNTEST 10 TCK;
SDR 16 TDI (FFFF);
RUNTEST 10 TCK;
SDR 16 TDI (7FFF);
RUNTEST 10 TCK;
SDR 16 TDI (FFFE);
RUNTEST 10 TCK;
SDR 16 TDI (A846);
RUNTEST 10 TCK;
SDR 16 TDI (FFF0);
RUNTEST 10 TCK;
SDR 16 TDI (7D8C);
RUNTEST 10 TCK;
SDR 16 TDI (3FFB);
RUNTEST 10 TCK;
SDR 16 TDI (BFDF);
RUNTEST 10 TCK;
SDR 16 TDI (8F9E);
RUNTEST 10 TCK;
SDR 16 TDI (7034);
RUNTEST 10 TCK;
SDR 16 TDI (004F);
RUNTEST 10 TCK;
SDR 16 TDI (B800);
RUNTEST 10 TCK;
SDR 16 TDI (67F5);
RUNTEST 10 TCK;
SDR 16 TDI (7FFF);
RUNTEST 10 TCK;
SDR 16 TDI (FFFF);
RUNTEST 10 TCK;
SDR 16 TDI (BFFF);
RUNTEST 10 TCK;
SDR 16 TDI (FFFF);
RUNTEST 10 TCK;
SDR 16 TDI (7FFF);
RUNTEST 10 TCK;
SDR 16 TDI (FFFE);
RUNTEST 10 TCK;
SDR 16 TDI (B852);
RUNTEST 10 TCK;
SDR 16 TDI (47F0);
RUNTEST 10 TCK;
SDR 16 TDI (6D8D);
RUNTEST 10 TCK;
SDR 16 TDI (3FF9);
RUNTEST 10 TCK;
SDR 16 TDI (BFDF);
RUNTEST 10 TCK;
SDR 16 TDI (8106);
RUNTEST 10 TCK;
SDR 16 TDI (700C);
RUNTEST 10 TCK;
SDR 16 TDI (08FF);
RUNTEST 10 TCK;
SDR 16 TDI (B881);
RUNTEST 10 TCK;
SDR 16 TDI (81FF);
RUNTEST 10 TCK;
SDR 16 TDI (7FFF);
RUNTEST 10 TCK;
SDR 16 TDI (FFFF);
RUNTEST 10 TCK;
SDR 16 TDI (BFFF);
RUNTEST 10 TCK;
SDR 16 TDI (3333);
RUNTEST 10 TCK;
SDR 16 TDI (63E6);
RUNTEST 10 TCK;
SDR 16 TDI (6667);
RUNTEST 10 TCK;
SDR 16 TDI (BB3B);
RUNTEST 10 TCK;
SDR 16 TDI (39F6);
RUNTEST 10 TCK;
SDR 16 TDI (6666);
RUNTEST 10 TCK;
SDR 16 TDI (7CCE);
RUNTEST 10 TCK;
SDR 16 TDI (B9CF);
RUNTEST 10 TCK;
SDR 16 TDI (9BBB);
RUNTEST 10 TCK;
SDR 16 TDI (718E);
RUNTEST 10 TCK;
SDR 16 TDI (C2E7);
RUNTEST 10 TCK;
SDR 16 TDI (B9A0);
RUNTEST 10 TCK;
SDR 16 TDI (99DD);
RUNTEST 10 TCK;
SDR 16 TDI (7FFF);
RUNTEST 10 TCK;
SDR 16 TDI (FFFF);
RUNTEST 10 TCK;
SDR 16 TDI (BFFF);
RUNTEST 10 TCK;
SDR 16 TDI (7777);
RUNTEST 10 TCK;
SDR 16 TDI (6957);
RUNTEST 10 TCK;
SDR 16 TDI (7777);
RUNTEST 10 TCK;
SDR 16 TDI (B373);
RUNTEST 10 TCK;
SDR 16 TDI (72A3);
RUNTEST 10 TCK;
SDR 16 TDI (7777);
RUNTEST 10 TCK;
SDR 16 TDI (7DDC);
RUNTEST 10 TCK;
SDR 16 TDI (BB85);
RUNTEST 10 TCK;
SDR 16 TDI (5999);
RUNTEST 10 TCK;
SDR 16 TDI (7BDC);
RUNTEST 10 TCK;
SDR 16 TDI (9CCA);
RUNTEST 10 TCK;
SDR 16 TDI (B59D);
RUNTEST 10 TCK;
SDR 16 TDI (CCFD);
RUNTEST 10 TCK;
SDR 16 TDI (7FFF);
RUNTEST 10 TCK;
SDR 16 TDI (FFFF);
RUNTEST 10 TCK;
SDR 16 TDI (BFFF);
RUNTEST 10 TCK;
SDR 16 TDI (FFFF);
RUNTEST 10 TCK;
SDR 16 TDI (7FDF);
RUNTEST 10 TCK;
SDR 16 TDI (FFFF);
RUNTEST 10 TCK;
SDR 16 TDI (BFBF);
RUNTEST 10 TCK;
SDR 16 TDI (BFE6);
RUNTEST 10 TCK;
SDR 16 TDI (6EEE);
RUNTEST 10 TCK;
SDR 16 TDI (FFFF);
RUNTEST 10 TCK;
SDR 16 TDI (BFEF);
RUNTEST 10 TCK;
SDR 16 TDI (3F7F);
RUNTEST 10 TCK;
SDR 16 TDI (7FFF);
RUNTEST 10 TCK;
SDR 16 TDI (F7FF);
RUNTEST 10 TCK;
SDR 16 TDI (B3F7);
RUNTEST 10 TCK;
SDR 16 TDI (FFDF);
RUNTEST 10 TCK;
SDR 16 TDI (7FFF);
RUNTEST 10 TCK;
SDR 16 TDI (FFFF);
RUNTEST 10 TCK;
SDR 16 TDI (BFFF);
RUNTEST 10 TCK;
SDR 16 TDI (FFFF);
RUNTEST 10 TCK;
SDR 16 TDI (7FFF);
RUNTEST 10 TCK;
SDR 16 TDI (FFFF);
RUNTEST 10 TCK;
SDR 16 TDI (BFDF);
RUNTEST 10 TCK;
SDR 16 TDI (DBFF);
RUNTEST 10 TCK;
SDR 16 TDI (7FEF);
RUNTEST 10 TCK;
SDR 16 TDI (7FFF);
RUNTEST 10 TCK;
SDR 16 TDI (BFFF);
RUNTEST 10 TCK;
SDR 16 TDI (FFFF);
RUNTEST 10 TCK;
SDR 16 TDI (7F7D);
RUNTEST 10 TCK;
SDR 16 TDI (FFFF);
RUNTEST 10 TCK;
SDR 16 TDI (BEDF);
RUNTEST 10 TCK;
SDR 16 TDI (FFFF);
RUNTEST 10 TCK;
SDR 16 TDI (7FFF);
RUNTEST 10 TCK;
SDR 16 TDI (FFFF);
RUNTEST 10 TCK;
SDR 16 TDI (BFFF);
RUNTEST 10 TCK;
SDR 16 TDI (FFFF);
RUNTEST 10 TCK;
SDR 16 TDI (7FFF);
RUNTEST 10 TCK;
SDR 16 TDI (FFFF);
RUNTEST 10 TCK;
SDR 16 TDI (B7FF);
RUNTEST 10 TCK;
SDR 16 TDI (BFFF);
RUNTEST 10 TCK;
SDR 16 TDI (6FFF);
RUNTEST 10 TCK;
SDR 16 TDI (FFFF);
RUNTEST 10 TCK;
SDR 16 TDI (BBFF);
RUNTEST 10 TCK;
SDR 16 TDI (FFBF);
RUNTEST 10 TCK;
SDR 16 TDI (7BFB);
RUNTEST 10 TCK;
SDR 16 TDI (F7DF);
RUNTEST 10 TCK;
SDR 16 TDI (BDEF);
RUNTEST 10 TCK;
SDR 16 TDI (FFFF);
RUNTEST 10 TCK;
SDR 16 TDI (7FFF);
RUNTEST 10 TCK;
SDR 16 TDI (FFFF);
RUNTEST 10 TCK;
SDR 16 TDI (AFFF);
RUNTEST 10 TCK;
SDR 16 TDI (FFFF);
RUNTEST 10 TCK;
SDR 16 TDI (7FFF);
RUNTEST 10 TCK;
SDR 16 TDI (FFFF);
RUNTEST 10 TCK;
SDR 16 TDI (BFDF);
RUNTEST 10 TCK;
SDR 16 TDI (F7FF);
RUNTEST 10 TCK;
SDR 16 TDI (7FFF);
RUNTEST 10 TCK;
SDR 16 TDI (FFFF);
RUNTEST 10 TCK;
SDR 16 TDI (BBFF);
RUNTEST 10 TCK;
SDR 16 TDI (FFFF);
RUNTEST 10 TCK;
SDR 16 TDI (7B7F);
RUNTEST 10 TCK;
SDR 16 TDI (F7DF);
RUNTEST 10 TCK;
SDR 16 TDI (BDFF);
RUNTEST 10 TCK;
SDR 16 TDI (FFFF);
RUNTEST 10 TCK;
SDR 16 TDI (7DFF);
RUNTEST 10 TCK;
SDR 16 TDI (FFFF);
RUNTEST 10 TCK;
SDR 16 TDI (AFFF);
RUNTEST 10 TCK;
SDR 16 TDI (FFFF);
RUNTEST 10 TCK;
SDR 16 TDI (7FFF);
RUNTEST 10 TCK;
SDR 16 TDI (FFFF);
RUNTEST 10 TCK;
SDR 16 TDI (B7FF);
RUNTEST 10 TCK;
SDR 16 TDI (EFFF);
RUNTEST 10 TCK;
SDR 16 TDI (7FEE);
RUNTEST 10 TCK;
SDR 16 TDI (FFFF);
RUNTEST 10 TCK;
SDR 16 TDI (BFFF);
RUNTEST 10 TCK;
SDR 16 TDI (FFFF);
RUNTEST 10 TCK;
SDR 16 TDI (7FFD);
RUNTEST 10 TCK;
SDR 16 TDI (FFFF);
RUNTEST 10 TCK;
SDR 16 TDI (BF5F);
RUNTEST 10 TCK;
SDR 16 TDI (FFFF);
RUNTEST 10 TCK;
SDR 16 TDI (7DFF);
RUNTEST 10 TCK;
SDR 16 TDI (FFFF);
RUNTEST 10 TCK;
SDR 16 TDI (BFFF);
RUNTEST 10 TCK;
SDR 16 TDI (FFFF);
RUNTEST 10 TCK;
SDR 16 TDI (7FFF);
RUNTEST 10 TCK;
SDR 16 TDI (FFFF);
RUNTEST 10 TCK;
SDR 16 TDI (BFFF);
RUNTEST 10 TCK;
SDR 16 TDI (FFFF);
RUNTEST 10 TCK;
SDR 16 TDI (7FFF);
RUNTEST 10 TCK;
SDR 16 TDI (FFFF);
RUNTEST 10 TCK;
SDR 16 TDI (BFFF);
RUNTEST 10 TCK;
SDR 16 TDI (FFFF);
RUNTEST 10 TCK;
SDR 16 TDI (7FFF);
RUNTEST 10 TCK;
SDR 16 TDI (7FBF);
RUNTEST 10 TCK;
SDR 16 TDI (BFFF);
RUNTEST 10 TCK;
SDR 16 TDI (FFFF);
RUNTEST 10 TCK;
SDR 16 TDI (7FFF);
RUNTEST 10 TCK;
SDR 16 TDI (FFFF);
RUNTEST 10 TCK;
SDR 16 TDI (BFFF);
RUNTEST 10 TCK;
SDR 16 TDI (FFFF);
RUNTEST 10 TCK;
SDR 16 TDI (7FFF);
RUNTEST 10 TCK;
SDR 16 TDI (FFFF);
RUNTEST 10 TCK;
SDR 16 TDI (BFFD);
RUNTEST 10 TCK;
SDR 16 TDI (FFFF);
RUNTEST 10 TCK;
SDR 16 TDI (7F7F);
RUNTEST 10 TCK;
SDR 16 TDI (FFFF);
RUNTEST 10 TCK;
SDR 16 TDI (BFFF);
RUNTEST 10 TCK;
SDR 16 TDI (DFFF);
RUNTEST 10 TCK;
SDR 16 TDI (7FFF);
RUNTEST 10 TCK;
SDR 16 TDI (FFFF);
RUNTEST 10 TCK;
SDR 16 TDI (BFFF);
RUNTEST 10 TCK;
SDR 16 TDI (FFFF);
RUNTEST 10 TCK;
SDR 16 TDI (7FFF);
RUNTEST 10 TCK;
SDR 16 TDI (FFFF);
RUNTEST 10 TCK;
SDR 16 TDI (BFFF);
RUNTEST 10 TCK;
SDR 16 TDI (FFFF);
RUNTEST 10 TCK;
SDR 16 TDI (7FFF);
RUNTEST 10 TCK;
SDR 16 TDI (FFFF);
RUNTEST 10 TCK;
SDR 16 TDI (BFFF);
RUNTEST 10 TCK;
SDR 16 TDI (FFFD);
RUNTEST 10 TCK;
SDR 16 TDI (7F7B);
RUNTEST 10 TCK;
SDR 16 TDI (EFBA);
RUNTEST 10 TCK;
SDR 16 TDI (BF7F);
RUNTEST 10 TCK;
SDR 16 TDI (FFEF);
RUNTEST 10 TCK;
SDR 16 TDI (77EE);
RUNTEST 10 TCK;
SDR 16 TDI (FFFF);
RUNTEST 10 TCK;
SDR 16 TDI (BFFB);
RUNTEST 10 TCK;
SDR 16 TDI (FFFF);
RUNTEST 10 TCK;
SDR 16 TDI (7FFF);
RUNTEST 10 TCK;
SDR 16 TDI (FFFF);
RUNTEST 10 TCK;
SDR 16 TDI (BFFF);
RUNTEST 10 TCK;
SDR 16 TDI (FFFF);
RUNTEST 10 TCK;
SDR 16 TDI (7FFF);
RUNTEST 10 TCK;
SDR 16 TDI (FFFF);
RUNTEST 10 TCK;
SDR 16 TDI (BFFE);
RUNTEST 10 TCK;
SDR 16 TDI (FFFF);
RUNTEST 10 TCK;
SDR 16 TDI (7FFF);
RUNTEST 10 TCK;
SDR 16 TDI (FFFF);
RUNTEST 10 TCK;
SDR 16 TDI (BFFF);
RUNTEST 10 TCK;
SDR 16 TDI (BFFF);
RUNTEST 10 TCK;
SDR 16 TDI (7FFF);
RUNTEST 10 TCK;
SDR 16 TDI (7FBF);
RUNTEST 10 TCK;
SDR 16 TDI (BFFF);
RUNTEST 10 TCK;
SDR 16 TDI (FFFF);
RUNTEST 10 TCK;
SDR 16 TDI (7FFF);
RUNTEST 10 TCK;
SDR 16 TDI (FFFF);
RUNTEST 10 TCK;
SDR 16 TDI (BFFF);
RUNTEST 10 TCK;
SDR 16 TDI (FFFF);
RUNTEST 10 TCK;
SDR 16 TDI (7FFF);
RUNTEST 10 TCK;
SDR 16 TDI (FFFE);
RUNTEST 10 TCK;
SDR 16 TDI (BFFF);
RUNTEST 10 TCK;
SDR 16 TDI (FFFF);
RUNTEST 10 TCK;
SDR 16 TDI (7FFF);
RUNTEST 10 TCK;
SDR 16 TDI (EFFF);
RUNTEST 10 TCK;
SDR 16 TDI (B7FF);
RUNTEST 10 TCK;
SDR 16 TDI (FFEB);
RUNTEST 10 TCK;
SDR 16 TDI (6FFF);
RUNTEST 10 TCK;
SDR 16 TDI (FFFF);
RUNTEST 10 TCK;
SDR 16 TDI (BFFF);
RUNTEST 10 TCK;
SDR 16 TDI (FFDF);
RUNTEST 10 TCK;
SDR 16 TDI (7FFF);
RUNTEST 10 TCK;
SDR 16 TDI (FFFF);
RUNTEST 10 TCK;
SDR 16 TDI (BFFF);
RUNTEST 10 TCK;
SDR 16 TDI (FFFF);
RUNTEST 10 TCK;
SDR 16 TDI (7FFF);
RUNTEST 10 TCK;
SDR 16 TDI (FFFF);
RUNTEST 10 TCK;
SDR 16 TDI (BFFF);
RUNTEST 10 TCK;
SDR 16 TDI (F7FF);
RUNTEST 10 TCK;
SDR 16 TDI (7DDF);
RUNTEST 10 TCK;
SDR 16 TDI (EFFF);
RUNTEST 10 TCK;
SDR 16 TDI (BFBF);
RUNTEST 10 TCK;
SDR 16 TDI (FBFF);
RUNTEST 10 TCK;
SDR 16 TDI (77FF);
RUNTEST 10 TCK;
SDR 16 TDI (FFDF);
RUNTEST 10 TCK;
SDR 16 TDI (BFF7);
RUNTEST 10 TCK;
SDR 16 TDI (FFEF);
RUNTEST 10 TCK;
SDR 16 TDI (7FFF);
RUNTEST 10 TCK;
SDR 16 TDI (FFFF);
RUNTEST 10 TCK;
SDR 16 TDI (BFFF);
RUNTEST 10 TCK;
SDR 16 TDI (FFFF);
RUNTEST 10 TCK;
SDR 16 TDI (7FFF);
RUNTEST 10 TCK;
SDR 16 TDI (FFFF);
RUNTEST 10 TCK;
SDR 16 TDI (BFEE);
RUNTEST 10 TCK;
SDR 16 TDI (B7FF);
RUNTEST 10 TCK;
SDR 16 TDI (6FDF);
RUNTEST 10 TCK;
SDR 16 TDI (FFBF);
RUNTEST 10 TCK;
SDR 16 TDI (BFBF);
RUNTEST 10 TCK;
SDR 16 TDI (FDBF);
RUNTEST 10 TCK;
SDR 16 TDI (6FFF);
RUNTEST 10 TCK;
SDR 16 TDI (FFDF);
RUNTEST 10 TCK;
SDR 16 TDI (BFF6);
RUNTEST 10 TCK;
SDR 16 TDI (FFDF);
RUNTEST 10 TCK;
SDR 16 TDI (7FFF);
RUNTEST 10 TCK;
SDR 16 TDI (FFFF);
RUNTEST 10 TCK;
SDR 16 TDI (BFFF);
RUNTEST 10 TCK;
SDR 16 TDI (FFFF);
RUNTEST 10 TCK;
SDR 16 TDI (7FFF);
RUNTEST 10 TCK;
SDR 16 TDI (FFFE);
RUNTEST 10 TCK;
SDR 16 TDI (BFFF);
RUNTEST 10 TCK;
SDR 16 TDI (FFFF);
RUNTEST 10 TCK;
SDR 16 TDI (7DFF);
RUNTEST 10 TCK;
SDR 16 TDI (FFFF);
RUNTEST 10 TCK;
SDR 16 TDI (AFFF);
RUNTEST 10 TCK;
SDR 16 TDI (FFEB);
RUNTEST 10 TCK;
SDR 16 TDI (7BFF);
RUNTEST 10 TCK;
SDR 16 TDI (FFFF);
RUNTEST 10 TCK;
SDR 16 TDI (BFFF);
RUNTEST 10 TCK;
SDR 16 TDI (FFEF);
RUNTEST 10 TCK;
SDR 16 TDI (7FFF);
RUNTEST 10 TCK;
SDR 16 TDI (FFFF);
RUNTEST 10 TCK;
SDR 16 TDI (A55F);
RUNTEST 10 TCK;
SDR 16 TDI (FFFF);
RUNTEST 10 TCK;
SDR 16 TDI (7FFF);
RUNTEST 10 TCK;
SDR 16 TDI (FFFF);
RUNTEST 10 TCK;
SDR 16 TDI (BFFF);
RUNTEST 10 TCK;
SDR 16 TDI (FBBB);
RUNTEST 10 TCK;
SDR 16 TDI (7EFF);
RUNTEST 10 TCK;
SDR 16 TDI (FFFB);
RUNTEST 10 TCK;
SDR 16 TDI (B7FF);
RUNTEST 10 TCK;
SDR 16 TDI (BEFF);
RUNTEST 10 TCK;
SDR 16 TDI (7FFF);
RUNTEST 10 TCK;
SDR 16 TDI (FFF7);
RUNTEST 10 TCK;
SDR 16 TDI (BFFF);
RUNTEST 10 TCK;
SDR 16 TDI (FFF5);
RUNTEST 10 TCK;
SDR 16 TDI (75FF);
RUNTEST 10 TCK;
SDR 16 TDI (FFFF);
RUNTEST 10 TCK;
SDR 16 TDI (AFFF);
RUNTEST 10 TCK;
SDR 16 TDI (FFFF);
RUNTEST 10 TCK;
SDR 16 TDI (7FFF);
RUNTEST 10 TCK;
SDR 16 TDI (FFFF);
RUNTEST 10 TCK;
SDR 16 TDI (BF76);
RUNTEST 10 TCK;
SDR 16 TDI (FFFE);
RUNTEST 10 TCK;
SDR 16 TDI (6FD6);
RUNTEST 10 TCK;
SDR 16 TDI (FDEE);
RUNTEST 10 TCK;
SDR 16 TDI (BFBF);
RUNTEST 10 TCK;
SDR 16 TDI (EBF6);
RUNTEST 10 TCK;
SDR 16 TDI (7DFD);
RUNTEST 10 TCK;
SDR 16 TDI (FEFF);
RUNTEST 10 TCK;
SDR 16 TDI (BFBA);
RUNTEST 10 TCK;
SDR 16 TDI (EFFE);
RUNTEST 10 TCK;
SDR 16 TDI (7DFF);
RUNTEST 10 TCK;
SDR 16 TDI (FFFF);
RUNTEST 10 TCK;
SDR 16 TDI (A55F);
RUNTEST 10 TCK;
SDR 16 TDI (FFFF);
RUNTEST 10 TCK;
SDR 16 TDI (7FFF);
RUNTEST 10 TCK;
SDR 16 TDI (FFFF);
RUNTEST 10 TCK;
SDR 16 TDI (BEFF);
RUNTEST 10 TCK;
SDR 16 TDI (BFFF);
RUNTEST 10 TCK;
SDR 16 TDI (7FBF);
RUNTEST 10 TCK;
SDR 16 TDI (FFFB);
RUNTEST 10 TCK;
SDR 16 TDI (ADFF);
RUNTEST 10 TCK;
SDR 16 TDI (FFAA);
RUNTEST 10 TCK;
SDR 16 TDI (75FF);
RUNTEST 10 TCK;
SDR 16 TDI (FFFE);
RUNTEST 10 TCK;
SDR 16 TDI (BFFF);
RUNTEST 10 TCK;
SDR 16 TDI (DFF4);
RUNTEST 10 TCK;
SDR 16 TDI (75FF);
RUNTEST 10 TCK;
SDR 16 TDI (FFFF);
RUNTEST 10 TCK;
SDR 16 TDI (AAAF);
RUNTEST 10 TCK;
SDR 16 TDI (FFFF);
RUNTEST 10 TCK;
SDR 16 TDI (7FFF);
RUNTEST 10 TCK;
SDR 16 TDI (FFFF);
RUNTEST 10 TCK;
SDR 16 TDI (B7EE);
RUNTEST 10 TCK;
SDR 16 TDI (FBF7);
RUNTEST 10 TCK;
SDR 16 TDI (72FF);
RUNTEST 10 TCK;
SDR 16 TDI (FFFF);
RUNTEST 10 TCK;
SDR 16 TDI (BFFF);
RUNTEST 10 TCK;
SDR 16 TDI (FFFD);
RUNTEST 10 TCK;
SDR 16 TDI (7FFF);
RUNTEST 10 TCK;
SDR 16 TDI (FFFF);
RUNTEST 10 TCK;
SDR 16 TDI (BFFF);
RUNTEST 10 TCK;
SDR 16 TDI (FFFF);
RUNTEST 10 TCK;
SDR 16 TDI (7DFF);
RUNTEST 10 TCK;
SDR 16 TDI (FFFF);
RUNTEST 10 TCK;
SDR 16 TDI (9FFF);
RUNTEST 10 TCK;
SDR 16 TDI (FFFF);
RUNTEST 10 TCK;
SDR 16 TDI (7FFF);
RUNTEST 10 TCK;
SDR 16 TDI (FFFF);
RUNTEST 10 TCK;
SDR 16 TDI (9FFB);
RUNTEST 10 TCK;
SDR 16 TDI (AFFF);
RUNTEST 10 TCK;
SDR 16 TDI (7FEF);
RUNTEST 10 TCK;
SDR 16 TDI (DFFE);
RUNTEST 10 TCK;
SDR 16 TDI (BEFD);
RUNTEST 10 TCK;
SDR 16 TDI (FFDF);
RUNTEST 10 TCK;
SDR 16 TDI (7FFF);
RUNTEST 10 TCK;
SDR 16 TDI (FFEF);
RUNTEST 10 TCK;
SDR 16 TDI (9DFF);
RUNTEST 10 TCK;
SDR 16 TDI (AFFF);
RUNTEST 10 TCK;
SDR 16 TDI (7FFF);
RUNTEST 10 TCK;
SDR 16 TDI (FFFF);
RUNTEST 10 TCK;
SDR 16 TDI (9FFF);
RUNTEST 10 TCK;
SDR 16 TDI (FFFF);
RUNTEST 10 TCK;
SDR 16 TDI (7FFF);
RUNTEST 10 TCK;
SDR 16 TDI (FFFE);
RUNTEST 10 TCK;
SDR 16 TDI (BFEF);
RUNTEST 10 TCK;
SDR 16 TDI (EFFF);
RUNTEST 10 TCK;
SDR 16 TDI (7DFF);
RUNTEST 10 TCK;
SDR 16 TDI (DDFF);
RUNTEST 10 TCK;
SDR 16 TDI (BDBF);
RUNTEST 10 TCK;
SDR 16 TDI (FBFF);
RUNTEST 10 TCK;
SDR 16 TDI (77FF);
RUNTEST 10 TCK;
SDR 16 TDI (DFFF);
RUNTEST 10 TCK;
SDR 16 TDI (9FFF);
RUNTEST 10 TCK;
SDR 16 TDI (FDFF);
RUNTEST 10 TCK;
SDR 16 TDI (7FFF);
RUNTEST 10 TCK;
SDR 16 TDI (FFFF);
RUNTEST 10 TCK;
SDR 16 TDI (BFFF);
RUNTEST 10 TCK;
SDR 16 TDI (FFFF);
RUNTEST 10 TCK;
SDR 16 TDI (7FFF);
RUNTEST 10 TCK;
SDR 16 TDI (FFFF);
RUNTEST 10 TCK;
SDR 16 TDI (BEFA);
RUNTEST 10 TCK;
SDR 16 TDI (AF7F);
RUNTEST 10 TCK;
SDR 16 TDI (7BBF);
RUNTEST 10 TCK;
SDR 16 TDI (9EDD);
RUNTEST 10 TCK;
SDR 16 TDI (9BDD);
RUNTEST 10 TCK;
SDR 16 TDI (F1EF);
RUNTEST 10 TCK;
SDR 16 TDI (6EFF);
RUNTEST 10 TCK;
SDR 16 TDI (FDF7);
RUNTEST 10 TCK;
SDR 16 TDI (BBFF);
RUNTEST 10 TCK;
SDR 16 TDI (B3FF);
RUNTEST 10 TCK;
SDR 16 TDI (7FFF);
RUNTEST 10 TCK;
SDR 16 TDI (FFFF);
RUNTEST 10 TCK;
SDR 16 TDI (9AAF);
RUNTEST 10 TCK;
SDR 16 TDI (FFFF);
RUNTEST 10 TCK;
SDR 16 TDI (7FFF);
RUNTEST 10 TCK;
SDR 16 TDI (FFFF);
RUNTEST 10 TCK;
SDR 16 TDI (9B75);
RUNTEST 10 TCK;
SDR 16 TDI (7BFB);
RUNTEST 10 TCK;
SDR 16 TDI (6757);
RUNTEST 10 TCK;
SDR 16 TDI (7FF6);
RUNTEST 10 TCK;
SDR 16 TDI (A57F);
RUNTEST 10 TCK;
SDR 16 TDI (DF55);
RUNTEST 10 TCK;
SDR 16 TDI (7BFD);
RUNTEST 10 TCK;
SDR 16 TDI (FFEF);
RUNTEST 10 TCK;
SDR 16 TDI (9FFD);
RUNTEST 10 TCK;
SDR 16 TDI (6FFF);
RUNTEST 10 TCK;
SDR 16 TDI (6BFF);
RUNTEST 10 TCK;
SDR 16 TDI (FFFF);
RUNTEST 10 TCK;
SDR 16 TDI (9FFF);
RUNTEST 10 TCK;
SDR 16 TDI (FFFF);
RUNTEST 10 TCK;
SDR 16 TDI (7FFF);
RUNTEST 10 TCK;
SDR 16 TDI (FFFE);
RUNTEST 10 TCK;
SDR 16 TDI (BFCF);
RUNTEST 10 TCK;
SDR 16 TDI (D7F6);
RUNTEST 10 TCK;
SDR 16 TDI (7CEF);
RUNTEST 10 TCK;
SDR 16 TDI (FDFB);
RUNTEST 10 TCK;
SDR 16 TDI (9FBF);
RUNTEST 10 TCK;
SDR 16 TDI (FFBA);
RUNTEST 10 TCK;
SDR 16 TDI (75FF);
RUNTEST 10 TCK;
SDR 16 TDI (EFFD);
RUNTEST 10 TCK;
SDR 16 TDI (9FDF);
RUNTEST 10 TCK;
SDR 16 TDI (DFFF);
RUNTEST 10 TCK;
SDR 16 TDI (7FFF);
RUNTEST 10 TCK;
SDR 16 TDI (FFFF);
RUNTEST 10 TCK;
SDR 16 TDI (A55F);
RUNTEST 10 TCK;
SDR 16 TDI (FFFF);
RUNTEST 10 TCK;
SDR 16 TDI (7FDF);
RUNTEST 10 TCK;
SDR 16 TDI (FFFE);
RUNTEST 10 TCK;
SDR 16 TDI (AFF2);
RUNTEST 10 TCK;
SDR 16 TDI (3FE0);
RUNTEST 10 TCK;
SDR 16 TDI (783E);
RUNTEST 10 TCK;
SDR 16 TDI (50F5);
RUNTEST 10 TCK;
SDR 16 TDI (801F);
RUNTEST 10 TCK;
SDR 16 TDI (783F);
RUNTEST 10 TCK;
SDR 16 TDI (7FF0);
RUNTEST 10 TCK;
SDR 16 TDI (30CF);
RUNTEST 10 TCK;
SDR 16 TDI (B606);
RUNTEST 10 TCK;
SDR 16 TDI (0E75);
RUNTEST 10 TCK;
SDR 16 TDI (7DFF);
RUNTEST 10 TCK;
SDR 16 TDI (FFFF);
RUNTEST 10 TCK;
SDR 16 TDI (AFFF);
RUNTEST 10 TCK;
SDR 16 TDI (FFFF);
RUNTEST 10 TCK;
SDR 16 TDI (7FBF);
RUNTEST 10 TCK;
SDR 16 TDI (FFFF);
RUNTEST 10 TCK;
SDR 16 TDI (9FC0);
RUNTEST 10 TCK;
SDR 16 TDI (37F3);
RUNTEST 10 TCK;
SDR 16 TDI (7EBE);
RUNTEST 10 TCK;
SDR 16 TDI (50FC);
RUNTEST 10 TCK;
SDR 16 TDI (B01B);
RUNTEST 10 TCK;
SDR 16 TDI (81AE);
RUNTEST 10 TCK;
SDR 16 TDI (7DF0);
RUNTEST 10 TCK;
SDR 16 TDI (30CF);
RUNTEST 10 TCK;
SDR 16 TDI (9E00);
RUNTEST 10 TCK;
SDR 16 TDI (167F);
RUNTEST 10 TCK;
SDR 16 TDI (7DFF);
RUNTEST 10 TCK;
SDR 16 TDI (FFFF);
RUNTEST 10 TCK;
SDR 16 TDI (955F);
RUNTEST 10 TCK;
SDR 16 TDI (FFFF);
RUNTEST 10 TCK;
SDR 16 TDI (7FFF);
RUNTEST 10 TCK;
SDR 16 TDI (FFFE);
RUNTEST 10 TCK;
SDR 16 TDI (AE7B);
RUNTEST 10 TCK;
SDR 16 TDI (3FF0);
RUNTEST 10 TCK;
SDR 16 TDI (7BE6);
RUNTEST 10 TCK;
SDR 16 TDI (D306);
RUNTEST 10 TCK;
SDR 16 TDI (9E3F);
RUNTEST 10 TCK;
SDR 16 TDI (FF9F);
RUNTEST 10 TCK;
SDR 16 TDI (7FF0);
RUNTEST 10 TCK;
SDR 16 TDI (30C7);
RUNTEST 10 TCK;
SDR 16 TDI (9E00);
RUNTEST 10 TCK;
SDR 16 TDI (4674);
RUNTEST 10 TCK;
SDR 16 TDI (77FF);
RUNTEST 10 TCK;
SDR 16 TDI (FFFF);
RUNTEST 10 TCK;
SDR 16 TDI (BFFF);
RUNTEST 10 TCK;
SDR 16 TDI (FFFF);
RUNTEST 10 TCK;
SDR 16 TDI (7FFF);
RUNTEST 10 TCK;
SDR 16 TDI (FFFF);
RUNTEST 10 TCK;
SDR 16 TDI (9E5B);
RUNTEST 10 TCK;
SDR 16 TDI (3FF0);
RUNTEST 10 TCK;
SDR 16 TDI (7FE7);
RUNTEST 10 TCK;
SDR 16 TDI (F30F);
RUNTEST 10 TCK;
SDR 16 TDI (903F);
RUNTEST 10 TCK;
SDR 16 TDI (FF86);
RUNTEST 10 TCK;
SDR 16 TDI (6CF0);
RUNTEST 10 TCK;
SDR 16 TDI (30CF);
RUNTEST 10 TCK;
SDR 16 TDI (BE06);
RUNTEST 10 TCK;
SDR 16 TDI (267F);
RUNTEST 10 TCK;
SDR 16 TDI (7FFF);
RUNTEST 10 TCK;
SDR 16 TDI (FFFF);
RUNTEST 10 TCK;
SDR 16 TDI (9FFF);
RUNTEST 10 TCK;
SDR 16 TDI (3333);
RUNTEST 10 TCK;
SDR 16 TDI (63E6);
RUNTEST 10 TCK;
SDR 16 TDI (6667);
RUNTEST 10 TCK;
SDR 16 TDI (93B3);
RUNTEST 10 TCK;
SDR 16 TDI (31F2);
RUNTEST 10 TCK;
SDR 16 TDI (666F);
RUNTEST 10 TCK;
SDR 16 TDI (78CC);
RUNTEST 10 TCK;
SDR 16 TDI (B98F);
RUNTEST 10 TCK;
SDR 16 TDI (999B);
RUNTEST 10 TCK;
SDR 16 TDI (77CE);
RUNTEST 10 TCK;
SDR 16 TDI (CECF);
RUNTEST 10 TCK;
SDR 16 TDI (99BD);
RUNTEST 10 TCK;
SDR 16 TDI (11DF);
RUNTEST 10 TCK;
SDR 16 TDI (7FFF);
RUNTEST 10 TCK;
SDR 16 TDI (FFFF);
RUNTEST 10 TCK;
SDR 16 TDI (9FFF);
RUNTEST 10 TCK;
SDR 16 TDI (7777);
RUNTEST 10 TCK;
SDR 16 TDI (6957);
RUNTEST 10 TCK;
SDR 16 TDI (7777);
RUNTEST 10 TCK;
SDR 16 TDI (B726);
RUNTEST 10 TCK;
SDR 16 TDI (76A1);
RUNTEST 10 TCK;
SDR 16 TDI (7266);
RUNTEST 10 TCK;
SDR 16 TDI (7DCC);
RUNTEST 10 TCK;
SDR 16 TDI (9985);
RUNTEST 10 TCK;
SDR 16 TDI (5999);
RUNTEST 10 TCK;
SDR 16 TDI (73DC);
RUNTEST 10 TCK;
SDR 16 TDI (CCCA);
RUNTEST 10 TCK;
SDR 16 TDI (9199);
RUNTEST 10 TCK;
SDR 16 TDI (99DF);
RUNTEST 10 TCK;
SDR 16 TDI (7FFF);
RUNTEST 10 TCK;
SDR 16 TDI (FFFF);
RUNTEST 10 TCK;
SDR 16 TDI (BFFF);
RUNTEST 10 TCK;
SDR 16 TDI (FFFF);
RUNTEST 10 TCK;
SDR 16 TDI (7FDF);
RUNTEST 10 TCK;
SDR 16 TDI (FFFF);
RUNTEST 10 TCK;
SDR 16 TDI (9BFF);
RUNTEST 10 TCK;
SDR 16 TDI (FFE6);
RUNTEST 10 TCK;
SDR 16 TDI (6FFF);
RUNTEST 10 TCK;
SDR 16 TDI (FEFF);
RUNTEST 10 TCK;
SDR 16 TDI (9FFF);
RUNTEST 10 TCK;
SDR 16 TDI (3FFF);
RUNTEST 10 TCK;
SDR 16 TDI (7FF7);
RUNTEST 10 TCK;
SDR 16 TDI (F7FF);
RUNTEST 10 TCK;
SDR 16 TDI (B7F3);
RUNTEST 10 TCK;
SDR 16 TDI (77FF);
RUNTEST 10 TCK;
SDR 16 TDI (7FFF);
RUNTEST 10 TCK;
SDR 16 TDI (FFFF);
RUNTEST 10 TCK;
SDR 16 TDI (BFFF);
RUNTEST 10 TCK;
SDR 16 TDI (FFFE);
RUNTEST 10 TCK;
SDR 16 TDI (7FFF);
RUNTEST 10 TCK;
SDR 16 TDI (FBFF);
RUNTEST 10 TCK;
SDR 16 TDI (BFFF);
RUNTEST 10 TCK;
SDR 16 TDI (FFFE);
RUNTEST 10 TCK;
SDR 16 TDI (5F7F);
RUNTEST 10 TCK;
SDR 16 TDI (FFFF);
RUNTEST 10 TCK;
SDR 16 TDI (BFFF);
RUNTEST 10 TCK;
SDR 16 TDI (FFDF);
RUNTEST 10 TCK;
SDR 16 TDI (7FDE);
RUNTEST 10 TCK;
SDR 16 TDI (FFBF);
RUNTEST 10 TCK;
SDR 16 TDI (BDFD);
RUNTEST 10 TCK;
SDR 16 TDI (FFFF);
RUNTEST 10 TCK;
SDR 16 TDI (7FFF);
RUNTEST 10 TCK;
SDR 16 TDI (FFFF);
RUNTEST 10 TCK;
SDR 16 TDI (9FFF);
RUNTEST 10 TCK;
SDR 16 TDI (FFFF);
RUNTEST 10 TCK;
SDR 16 TDI (7FFF);
RUNTEST 10 TCK;
SDR 16 TDI (FFFF);
RUNTEST 10 TCK;
SDR 16 TDI (BF7F);
RUNTEST 10 TCK;
SDR 16 TDI (7FFF);
RUNTEST 10 TCK;
SDR 16 TDI (6FEE);
RUNTEST 10 TCK;
SDR 16 TDI (FFFF);
RUNTEST 10 TCK;
SDR 16 TDI (BFBF);
RUNTEST 10 TCK;
SDR 16 TDI (FFFF);
RUNTEST 10 TCK;
SDR 16 TDI (7FFF);
RUNTEST 10 TCK;
SDR 16 TDI (FFFF);
RUNTEST 10 TCK;
SDR 16 TDI (9FFF);
RUNTEST 10 TCK;
SDR 16 TDI (FFFF);
RUNTEST 10 TCK;
SDR 16 TDI (7FFF);
RUNTEST 10 TCK;
SDR 16 TDI (FFFF);
RUNTEST 10 TCK;
SDR 16 TDI (AFFF);
RUNTEST 10 TCK;
SDR 16 TDI (FFFF);
RUNTEST 10 TCK;
SDR 16 TDI (7FFF);
RUNTEST 10 TCK;
SDR 16 TDI (FBFF);
RUNTEST 10 TCK;
SDR 16 TDI (BFFF);
RUNTEST 10 TCK;
SDR 16 TDI (FFFD);
RUNTEST 10 TCK;
SDR 16 TDI (7FFF);
RUNTEST 10 TCK;
SDR 16 TDI (FFFF);
RUNTEST 10 TCK;
SDR 16 TDI (BFFF);
RUNTEST 10 TCK;
SDR 16 TDI (FFDF);
RUNTEST 10 TCK;
SDR 16 TDI (5FEE);
RUNTEST 10 TCK;
SDR 16 TDI (FF7F);
RUNTEST 10 TCK;
SDR 16 TDI (BBFD);
RUNTEST 10 TCK;
SDR 16 TDI (FFFF);
RUNTEST 10 TCK;
SDR 16 TDI (7DFF);
RUNTEST 10 TCK;
SDR 16 TDI (FFFF);
RUNTEST 10 TCK;
SDR 16 TDI (AFFF);
RUNTEST 10 TCK;
SDR 16 TDI (FFFD);
RUNTEST 10 TCK;
SDR 16 TDI (7FFF);
RUNTEST 10 TCK;
SDR 16 TDI (FFFF);
RUNTEST 10 TCK;
SDR 16 TDI (BF7F);
RUNTEST 10 TCK;
SDR 16 TDI (7FFF);
RUNTEST 10 TCK;
SDR 16 TDI (5F7F);
RUNTEST 10 TCK;
SDR 16 TDI (FFFF);
RUNTEST 10 TCK;
SDR 16 TDI (BFBF);
RUNTEST 10 TCK;
SDR 16 TDI (FFFF);
RUNTEST 10 TCK;
SDR 16 TDI (7FFF);
RUNTEST 10 TCK;
SDR 16 TDI (FFFF);
RUNTEST 10 TCK;
SDR 16 TDI (BFFF);
RUNTEST 10 TCK;
SDR 16 TDI (FFFF);
RUNTEST 10 TCK;
SDR 16 TDI (7DFF);
RUNTEST 10 TCK;
SDR 16 TDI (FFFF);
RUNTEST 10 TCK;
SDR 16 TDI (BFFF);
RUNTEST 10 TCK;
SDR 16 TDI (FFFF);
RUNTEST 10 TCK;
SDR 16 TDI (57FF);
RUNTEST 10 TCK;
SDR 16 TDI (FFFF);
RUNTEST 10 TCK;
SDR 16 TDI (BFFF);
RUNTEST 10 TCK;
SDR 16 TDI (FFFF);
RUNTEST 10 TCK;
SDR 16 TDI (7F7F);
RUNTEST 10 TCK;
SDR 16 TDI (FF77);
RUNTEST 10 TCK;
SDR 16 TDI (BF7F);
RUNTEST 10 TCK;
SDR 16 TDI (FFD7);
RUNTEST 10 TCK;
SDR 16 TDI (7FFF);
RUNTEST 10 TCK;
SDR 16 TDI (FFFF);
RUNTEST 10 TCK;
SDR 16 TDI (BFFF);
RUNTEST 10 TCK;
SDR 16 TDI (FFFF);
RUNTEST 10 TCK;
SDR 16 TDI (5FFF);
RUNTEST 10 TCK;
SDR 16 TDI (FFFF);
RUNTEST 10 TCK;
SDR 16 TDI (BFFF);
RUNTEST 10 TCK;
SDR 16 TDI (FFFF);
RUNTEST 10 TCK;
SDR 16 TDI (7FFF);
RUNTEST 10 TCK;
SDR 16 TDI (FEFF);
RUNTEST 10 TCK;
SDR 16 TDI (BFFF);
RUNTEST 10 TCK;
SDR 16 TDI (FFFF);
RUNTEST 10 TCK;
SDR 16 TDI (7FFF);
RUNTEST 10 TCK;
SDR 16 TDI (CFFF);
RUNTEST 10 TCK;
SDR 16 TDI (AFFF);
RUNTEST 10 TCK;
SDR 16 TDI (EFFF);
RUNTEST 10 TCK;
SDR 16 TDI (5EFF);
RUNTEST 10 TCK;
SDR 16 TDI (FFFF);
RUNTEST 10 TCK;
SDR 16 TDI (BDFF);
RUNTEST 10 TCK;
SDR 16 TDI (FFFF);
RUNTEST 10 TCK;
SDR 16 TDI (7FFF);
RUNTEST 10 TCK;
SDR 16 TDI (FFFF);
RUNTEST 10 TCK;
SDR 16 TDI (BFDF);
RUNTEST 10 TCK;
SDR 16 TDI (FFFF);
RUNTEST 10 TCK;
SDR 16 TDI (7FFF);
RUNTEST 10 TCK;
SDR 16 TDI (FF7F);
RUNTEST 10 TCK;
SDR 16 TDI (BFFF);
RUNTEST 10 TCK;
SDR 16 TDI (FFF7);
RUNTEST 10 TCK;
SDR 16 TDI (5FFF);
RUNTEST 10 TCK;
SDR 16 TDI (CEFF);
RUNTEST 10 TCK;
SDR 16 TDI (AFFF);
RUNTEST 10 TCK;
SDR 16 TDI (FFFF);
RUNTEST 10 TCK;
SDR 16 TDI (7EFF);
RUNTEST 10 TCK;
SDR 16 TDI (FFFF);
RUNTEST 10 TCK;
SDR 16 TDI (BFFF);
RUNTEST 10 TCK;
SDR 16 TDI (FFFF);
RUNTEST 10 TCK;
SDR 16 TDI (7BFF);
RUNTEST 10 TCK;
SDR 16 TDI (FFFF);
RUNTEST 10 TCK;
SDR 16 TDI (BFFF);
RUNTEST 10 TCK;
SDR 16 TDI (FFFF);
RUNTEST 10 TCK;
SDR 16 TDI (4FFF);
RUNTEST 10 TCK;
SDR 16 TDI (FFFF);
RUNTEST 10 TCK;
SDR 16 TDI (BFFF);
RUNTEST 10 TCK;
SDR 16 TDI (FFFF);
RUNTEST 10 TCK;
SDR 16 TDI (7F7F);
RUNTEST 10 TCK;
SDR 16 TDI (FF7B);
RUNTEST 10 TCK;
SDR 16 TDI (BF7F);
RUNTEST 10 TCK;
SDR 16 TDI (EFD7);
RUNTEST 10 TCK;
SDR 16 TDI (7FFF);
RUNTEST 10 TCK;
SDR 16 TDI (FFFF);
RUNTEST 10 TCK;
SDR 16 TDI (BBFF);
RUNTEST 10 TCK;
SDR 16 TDI (FFFF);
RUNTEST 10 TCK;
SDR 16 TDI (5FFF);
RUNTEST 10 TCK;
SDR 16 TDI (FFFF);
RUNTEST 10 TCK;
SDR 16 TDI (BEFF);
RUNTEST 10 TCK;
SDR 16 TDI (FFFF);
RUNTEST 10 TCK;
SDR 16 TDI (7FFF);
RUNTEST 10 TCK;
SDR 16 TDI (FFFF);
RUNTEST 10 TCK;
SDR 16 TDI (BFFF);
RUNTEST 10 TCK;
SDR 16 TDI (FFFF);
RUNTEST 10 TCK;
SDR 16 TDI (7FFF);
RUNTEST 10 TCK;
SDR 16 TDI (EFFF);
RUNTEST 10 TCK;
SDR 16 TDI (BFFF);
RUNTEST 10 TCK;
SDR 16 TDI (FFFF);
RUNTEST 10 TCK;
SDR 16 TDI (5FFF);
RUNTEST 10 TCK;
SDR 16 TDI (FFFF);
RUNTEST 10 TCK;
SDR 16 TDI (BFFF);
RUNTEST 10 TCK;
SDR 16 TDI (FFFF);
RUNTEST 10 TCK;
SDR 16 TDI (6FFF);
RUNTEST 10 TCK;
SDR 16 TDI (FFFF);
RUNTEST 10 TCK;
SDR 16 TDI (BFFF);
RUNTEST 10 TCK;
SDR 16 TDI (FFFF);
RUNTEST 10 TCK;
SDR 16 TDI (7FFF);
RUNTEST 10 TCK;
SDR 16 TDI (FFFF);
RUNTEST 10 TCK;
SDR 16 TDI (BFFF);
RUNTEST 10 TCK;
SDR 16 TDI (FFF7);
RUNTEST 10 TCK;
SDR 16 TDI (5FFF);
RUNTEST 10 TCK;
SDR 16 TDI (FFFF);
RUNTEST 10 TCK;
SDR 16 TDI (BFFF);
RUNTEST 10 TCK;
SDR 16 TDI (FFFF);
RUNTEST 10 TCK;
SDR 16 TDI (7FFF);
RUNTEST 10 TCK;
SDR 16 TDI (FFFF);
RUNTEST 10 TCK;
SDR 16 TDI (BFFF);
RUNTEST 10 TCK;
SDR 16 TDI (FFFF);
RUNTEST 10 TCK;
SDR 16 TDI (7FFF);
RUNTEST 10 TCK;
SDR 16 TDI (FFFF);
RUNTEST 10 TCK;
SDR 16 TDI (BDFF);
RUNTEST 10 TCK;
SDR 16 TDI (FFFF);
RUNTEST 10 TCK;
SDR 16 TDI (5FFF);
RUNTEST 10 TCK;
SDR 16 TDI (FFFF);
RUNTEST 10 TCK;
SDR 16 TDI (BFFF);
RUNTEST 10 TCK;
SDR 16 TDI (FFFF);
RUNTEST 10 TCK;
SDR 16 TDI (7FFF);
RUNTEST 10 TCK;
SDR 16 TDI (FFFF);
RUNTEST 10 TCK;
SDR 16 TDI (BFFF);
RUNTEST 10 TCK;
SDR 16 TDI (FFFF);
RUNTEST 10 TCK;
SDR 16 TDI (7FFF);
RUNTEST 10 TCK;
SDR 16 TDI (FFFF);
RUNTEST 10 TCK;
SDR 16 TDI (BFFF);
RUNTEST 10 TCK;
SDR 16 TDI (FFFF);
RUNTEST 10 TCK;
SDR 16 TDI (5FFF);
RUNTEST 10 TCK;
SDR 16 TDI (FFFF);
RUNTEST 10 TCK;
SDR 16 TDI (BFFF);
RUNTEST 10 TCK;
SDR 16 TDI (FFFF);
RUNTEST 10 TCK;
SDR 16 TDI (7FFF);
RUNTEST 10 TCK;
SDR 16 TDI (FFFF);
RUNTEST 10 TCK;
SDR 16 TDI (BFFF);
RUNTEST 10 TCK;
SDR 16 TDI (FFFF);
RUNTEST 10 TCK;
SDR 16 TDI (7FFF);
RUNTEST 10 TCK;
SDR 16 TDI (FFFF);
RUNTEST 10 TCK;
SDR 16 TDI (BFFF);
RUNTEST 10 TCK;
SDR 16 TDI (FFFF);
RUNTEST 10 TCK;
SDR 16 TDI (5FFF);
RUNTEST 10 TCK;
SDR 16 TDI (FFFF);
RUNTEST 10 TCK;
SDR 16 TDI (BFFF);
RUNTEST 10 TCK;
SDR 16 TDI (FFFF);
RUNTEST 10 TCK;
SDR 16 TDI (6FFF);
RUNTEST 10 TCK;
SDR 16 TDI (FFFF);
RUNTEST 10 TCK;
SDR 16 TDI (A55F);
RUNTEST 10 TCK;
SDR 16 TDI (FFFF);
RUNTEST 10 TCK;
SDR 16 TDI (7FFF);
RUNTEST 10 TCK;
SDR 16 TDI (FFFF);
RUNTEST 10 TCK;
SDR 16 TDI (BFFF);
RUNTEST 10 TCK;
SDR 16 TDI (FFFF);
RUNTEST 10 TCK;
SDR 16 TDI (5FFF);
RUNTEST 10 TCK;
SDR 16 TDI (FFFF);
RUNTEST 10 TCK;
SDR 16 TDI (BFFF);
RUNTEST 10 TCK;
SDR 16 TDI (FFFF);
RUNTEST 10 TCK;
SDR 16 TDI (7FFF);
RUNTEST 10 TCK;
SDR 16 TDI (FFFF);
RUNTEST 10 TCK;
SDR 16 TDI (BFFF);
RUNTEST 10 TCK;
SDR 16 TDI (FFFD);
RUNTEST 10 TCK;
SDR 16 TDI (7BFF);
RUNTEST 10 TCK;
SDR 16 TDI (FFFF);
RUNTEST 10 TCK;
SDR 16 TDI (AFFF);
RUNTEST 10 TCK;
SDR 16 TDI (FFFF);
RUNTEST 10 TCK;
SDR 16 TDI (5FFF);
RUNTEST 10 TCK;
SDR 16 TDI (FFFF);
RUNTEST 10 TCK;
SDR 16 TDI (BFEF);
RUNTEST 10 TCK;
SDR 16 TDI (ABF5);
RUNTEST 10 TCK;
SDR 16 TDI (6BAE);
RUNTEST 10 TCK;
SDR 16 TDI (FFFF);
RUNTEST 10 TCK;
SDR 16 TDI (BFFF);
RUNTEST 10 TCK;
SDR 16 TDI (FFFF);
RUNTEST 10 TCK;
SDR 16 TDI (7FFF);
RUNTEST 10 TCK;
SDR 16 TDI (FFFF);
RUNTEST 10 TCK;
SDR 16 TDI (BFFF);
RUNTEST 10 TCK;
SDR 16 TDI (FFFF);
RUNTEST 10 TCK;
SDR 16 TDI (5FFF);
RUNTEST 10 TCK;
SDR 16 TDI (FFFF);
RUNTEST 10 TCK;
SDR 16 TDI (A55F);
RUNTEST 10 TCK;
SDR 16 TDI (FFFF);
RUNTEST 10 TCK;
SDR 16 TDI (7FFF);
RUNTEST 10 TCK;
SDR 16 TDI (FFFF);
RUNTEST 10 TCK;
SDR 16 TDI (BFFF);
RUNTEST 10 TCK;
SDR 16 TDI (FFFF);
RUNTEST 10 TCK;
SDR 16 TDI (7EFF);
RUNTEST 10 TCK;
SDR 16 TDI (FFFF);
RUNTEST 10 TCK;
SDR 16 TDI (BFFF);
RUNTEST 10 TCK;
SDR 16 TDI (FFFF);
RUNTEST 10 TCK;
SDR 16 TDI (5FFF);
RUNTEST 10 TCK;
SDR 16 TDI (FFFF);
RUNTEST 10 TCK;
SDR 16 TDI (BFFF);
RUNTEST 10 TCK;
SDR 16 TDI (FFFD);
RUNTEST 10 TCK;
SDR 16 TDI (75FF);
RUNTEST 10 TCK;
SDR 16 TDI (FFFF);
RUNTEST 10 TCK;
SDR 16 TDI (AAAF);
RUNTEST 10 TCK;
SDR 16 TDI (FFFF);
RUNTEST 10 TCK;
SDR 16 TDI (7FFF);
RUNTEST 10 TCK;
SDR 16 TDI (FFFF);
RUNTEST 10 TCK;
SDR 16 TDI (BFFF);
RUNTEST 10 TCK;
SDR 16 TDI (FFFF);
RUNTEST 10 TCK;
SDR 16 TDI (5FFF);
RUNTEST 10 TCK;
SDR 16 TDI (FFFF);
RUNTEST 10 TCK;
SDR 16 TDI (BFFF);
RUNTEST 10 TCK;
SDR 16 TDI (FFFF);
RUNTEST 10 TCK;
SDR 16 TDI (7FFF);
RUNTEST 10 TCK;
SDR 16 TDI (FFFF);
RUNTEST 10 TCK;
SDR 16 TDI (BFFF);
RUNTEST 10 TCK;
SDR 16 TDI (FFFF);
RUNTEST 10 TCK;
SDR 16 TDI (7DFF);
RUNTEST 10 TCK;
SDR 16 TDI (FFFF);
RUNTEST 10 TCK;
SDR 16 TDI (9FFF);
RUNTEST 10 TCK;
SDR 16 TDI (FFFF);
RUNTEST 10 TCK;
SDR 16 TDI (7FFF);
RUNTEST 10 TCK;
SDR 16 TDI (FFFF);
RUNTEST 10 TCK;
SDR 16 TDI (BFEA);
RUNTEST 10 TCK;
SDR 16 TDI (ABF5);
RUNTEST 10 TCK;
SDR 16 TDI (6BAB);
RUNTEST 10 TCK;
SDR 16 TDI (FFFF);
RUNTEST 10 TCK;
SDR 16 TDI (BFFF);
RUNTEST 10 TCK;
SDR 16 TDI (FFFF);
RUNTEST 10 TCK;
SDR 16 TDI (7FFF);
RUNTEST 10 TCK;
SDR 16 TDI (FFFF);
RUNTEST 10 TCK;
SDR 16 TDI (9FFF);
RUNTEST 10 TCK;
SDR 16 TDI (FFFF);
RUNTEST 10 TCK;
SDR 16 TDI (7FFF);
RUNTEST 10 TCK;
SDR 16 TDI (FFFF);
RUNTEST 10 TCK;
SDR 16 TDI (BFFF);
RUNTEST 10 TCK;
SDR 16 TDI (FFFF);
RUNTEST 10 TCK;
SDR 16 TDI (7FFF);
RUNTEST 10 TCK;
SDR 16 TDI (FFFF);
RUNTEST 10 TCK;
SDR 16 TDI (BFFF);
RUNTEST 10 TCK;
SDR 16 TDI (FFFF);
RUNTEST 10 TCK;
SDR 16 TDI (7EFD);
RUNTEST 10 TCK;
SDR 16 TDI (FFFF);
RUNTEST 10 TCK;
SDR 16 TDI (BFFF);
RUNTEST 10 TCK;
SDR 16 TDI (FFFF);
RUNTEST 10 TCK;
SDR 16 TDI (5FFF);
RUNTEST 10 TCK;
SDR 16 TDI (FFFF);
RUNTEST 10 TCK;
SDR 16 TDI (BFFF);
RUNTEST 10 TCK;
SDR 16 TDI (FFFF);
RUNTEST 10 TCK;
SDR 16 TDI (7FFF);
RUNTEST 10 TCK;
SDR 16 TDI (FFFF);
RUNTEST 10 TCK;
SDR 16 TDI (BFFF);
RUNTEST 10 TCK;
SDR 16 TDI (FFFF);
RUNTEST 10 TCK;
SDR 16 TDI (7FFF);
RUNTEST 10 TCK;
SDR 16 TDI (FFFF);
RUNTEST 10 TCK;
SDR 16 TDI (BFEE);
RUNTEST 10 TCK;
SDR 16 TDI (4FFC);
RUNTEST 10 TCK;
SDR 16 TDI (59F1);
RUNTEST 10 TCK;
SDR 16 TDI (FFFF);
RUNTEST 10 TCK;
SDR 16 TDI (BFFF);
RUNTEST 10 TCK;
SDR 16 TDI (FFFF);
RUNTEST 10 TCK;
SDR 16 TDI (7FFF);
RUNTEST 10 TCK;
SDR 16 TDI (FFFF);
RUNTEST 10 TCK;
SDR 16 TDI (BFFF);
RUNTEST 10 TCK;
SDR 16 TDI (FFFF);
RUNTEST 10 TCK;
SDR 16 TDI (7FFF);
RUNTEST 10 TCK;
SDR 16 TDI (FFFF);
RUNTEST 10 TCK;
SDR 16 TDI (BAEF);
RUNTEST 10 TCK;
SDR 16 TDI (FFFF);
RUNTEST 10 TCK;
SDR 16 TDI (5FFF);
RUNTEST 10 TCK;
SDR 16 TDI (FFFF);
RUNTEST 10 TCK;
SDR 16 TDI (BFDB);
RUNTEST 10 TCK;
SDR 16 TDI (B3F3);
RUNTEST 10 TCK;
SDR 16 TDI (668F);
RUNTEST 10 TCK;
SDR 16 TDI (7FFF);
RUNTEST 10 TCK;
SDR 16 TDI (BFFF);
RUNTEST 10 TCK;
SDR 16 TDI (FFFF);
RUNTEST 10 TCK;
SDR 16 TDI (7FFF);
RUNTEST 10 TCK;
SDR 16 TDI (FFFF);
RUNTEST 10 TCK;
SDR 16 TDI (BFFF);
RUNTEST 10 TCK;
SDR 16 TDI (FFFB);
RUNTEST 10 TCK;
SDR 16 TDI (57FF);
RUNTEST 10 TCK;
SDR 16 TDI (FFFF);
RUNTEST 10 TCK;
SDR 16 TDI (BFFF);
RUNTEST 10 TCK;
SDR 16 TDI (FFFF);
RUNTEST 10 TCK;
SDR 16 TDI (7FFF);
RUNTEST 10 TCK;
SDR 16 TDI (FFFF);
RUNTEST 10 TCK;
SDR 16 TDI (BFFF);
RUNTEST 10 TCK;
SDR 16 TDI (FFFF);
RUNTEST 10 TCK;
SDR 16 TDI (7F7F);
RUNTEST 10 TCK;
SDR 16 TDI (FFFF);
RUNTEST 10 TCK;
SDR 16 TDI (BFFF);
RUNTEST 10 TCK;
SDR 16 TDI (FFFF);
RUNTEST 10 TCK;
SDR 16 TDI (5FFF);
RUNTEST 10 TCK;
SDR 16 TDI (FFFF);
RUNTEST 10 TCK;
SDR 16 TDI (BFFF);
RUNTEST 10 TCK;
SDR 16 TDI (FFFF);
RUNTEST 10 TCK;
SDR 16 TDI (7FFF);
RUNTEST 10 TCK;
SDR 16 TDI (FFFF);
RUNTEST 10 TCK;
SDR 16 TDI (B95F);
RUNTEST 10 TCK;
SDR 16 TDI (FFFF);
RUNTEST 10 TCK;
SDR 16 TDI (7FDF);
RUNTEST 10 TCK;
SDR 16 TDI (FFFF);
RUNTEST 10 TCK;
SDR 16 TDI (BFDA);
RUNTEST 10 TCK;
SDR 16 TDI (3EE5);
RUNTEST 10 TCK;
SDR 16 TDI (509F);
RUNTEST 10 TCK;
SDR 16 TDI (FFFF);
RUNTEST 10 TCK;
SDR 16 TDI (BFFF);
RUNTEST 10 TCK;
SDR 16 TDI (7FFF);
RUNTEST 10 TCK;
SDR 16 TDI (7FFF);
RUNTEST 10 TCK;
SDR 16 TDI (FFFF);
RUNTEST 10 TCK;
SDR 16 TDI (B7FF);
RUNTEST 10 TCK;
SDR 16 TDI (FFF4);
RUNTEST 10 TCK;
SDR 16 TDI (79FF);
RUNTEST 10 TCK;
SDR 16 TDI (FFFF);
RUNTEST 10 TCK;
SDR 16 TDI (BFFF);
RUNTEST 10 TCK;
SDR 16 TDI (FFFF);
RUNTEST 10 TCK;
SDR 16 TDI (5FBF);
RUNTEST 10 TCK;
SDR 16 TDI (FFFF);
RUNTEST 10 TCK;
SDR 16 TDI (BFF2);
RUNTEST 10 TCK;
SDR 16 TDI (03D5);
RUNTEST 10 TCK;
SDR 16 TDI (4017);
RUNTEST 10 TCK;
SDR 16 TDI (FFFF);
RUNTEST 10 TCK;
SDR 16 TDI (BFFE);
RUNTEST 10 TCK;
SDR 16 TDI (FFFF);
RUNTEST 10 TCK;
SDR 16 TDI (7FFF);
RUNTEST 10 TCK;
SDR 16 TDI (FFFF);
RUNTEST 10 TCK;
SDR 16 TDI (AFFF);
RUNTEST 10 TCK;
SDR 16 TDI (FFFF);
RUNTEST 10 TCK;
SDR 16 TDI (5DFF);
RUNTEST 10 TCK;
SDR 16 TDI (FFFF);
RUNTEST 10 TCK;
SDR 16 TDI (B55F);
RUNTEST 10 TCK;
SDR 16 TDI (FFFF);
RUNTEST 10 TCK;
SDR 16 TDI (5FFF);
RUNTEST 10 TCK;
SDR 16 TDI (FFFF);
RUNTEST 10 TCK;
SDR 16 TDI (BFD7);
RUNTEST 10 TCK;
SDR 16 TDI (97F2);
RUNTEST 10 TCK;
SDR 16 TDI (61BE);
RUNTEST 10 TCK;
SDR 16 TDI (1FFF);
RUNTEST 10 TCK;
SDR 16 TDI (BFFF);
RUNTEST 10 TCK;
SDR 16 TDI (FFFF);
RUNTEST 10 TCK;
SDR 16 TDI (5FFF);
RUNTEST 10 TCK;
SDR 16 TDI (FFFF);
RUNTEST 10 TCK;
SDR 16 TDI (BFFF);
RUNTEST 10 TCK;
SDR 16 TDI (FFF5);
RUNTEST 10 TCK;
SDR 16 TDI (6BFF);
RUNTEST 10 TCK;
SDR 16 TDI (FFFF);
RUNTEST 10 TCK;
SDR 16 TDI (BFFF);
RUNTEST 10 TCK;
SDR 16 TDI (FFFF);
RUNTEST 10 TCK;
SDR 16 TDI (7FFF);
RUNTEST 10 TCK;
SDR 16 TDI (FFFF);
RUNTEST 10 TCK;
SDR 16 TDI (BFF3);
RUNTEST 10 TCK;
SDR 16 TDI (A3F6);
RUNTEST 10 TCK;
SDR 16 TDI (41FE);
RUNTEST 10 TCK;
SDR 16 TDI (1FFF);
RUNTEST 10 TCK;
SDR 16 TDI (BFFF);
RUNTEST 10 TCK;
SDR 16 TDI (FFFF);
RUNTEST 10 TCK;
SDR 16 TDI (7FFF);
RUNTEST 10 TCK;
SDR 16 TDI (FFFF);
RUNTEST 10 TCK;
SDR 16 TDI (BFFF);
RUNTEST 10 TCK;
SDR 16 TDI (FFFF);
RUNTEST 10 TCK;
SDR 16 TDI (7FFF);
RUNTEST 10 TCK;
SDR 16 TDI (FFFF);
RUNTEST 10 TCK;
SDR 16 TDI (BEFF);
RUNTEST 10 TCK;
SDR 16 TDI (3333);
RUNTEST 10 TCK;
SDR 16 TDI (43E6);
RUNTEST 10 TCK;
SDR 16 TDI (6667);
RUNTEST 10 TCK;
SDR 16 TDI (B33B);
RUNTEST 10 TCK;
SDR 16 TDI (39F7);
RUNTEST 10 TCK;
SDR 16 TDI (66E6);
RUNTEST 10 TCK;
SDR 16 TDI (FCCC);
RUNTEST 10 TCK;
SDR 16 TDI (B98F);
RUNTEST 10 TCK;
SDR 16 TDI (9999);
RUNTEST 10 TCK;
SDR 16 TDI (73CC);
RUNTEST 10 TCK;
SDR 16 TDI (CCC7);
RUNTEST 10 TCK;
SDR 16 TDI (9999);
RUNTEST 10 TCK;
SDR 16 TDI (99FF);
RUNTEST 10 TCK;
SDR 16 TDI (57FF);
RUNTEST 10 TCK;
SDR 16 TDI (FFFF);
RUNTEST 10 TCK;
SDR 16 TDI (BFFF);
RUNTEST 10 TCK;
SDR 16 TDI (7777);
RUNTEST 10 TCK;
SDR 16 TDI (6957);
RUNTEST 10 TCK;
SDR 16 TDI (7777);
RUNTEST 10 TCK;
SDR 16 TDI (B773);
RUNTEST 10 TCK;
SDR 16 TDI (70A3);
RUNTEST 10 TCK;
SDR 16 TDI (7272);
RUNTEST 10 TCK;
SDR 16 TDI (7DDD);
RUNTEST 10 TCK;
SDR 16 TDI (9BA5);
RUNTEST 10 TCK;
SDR 16 TDI (5DDD);
RUNTEST 10 TCK;
SDR 16 TDI (5BDD);
RUNTEST 10 TCK;
SDR 16 TDI (DDD2);
RUNTEST 10 TCK;
SDR 16 TDI (B5DD);
RUNTEST 10 TCK;
SDR 16 TDI (DDFF);
RUNTEST 10 TCK;
SDR 16 TDI (7FFF);
RUNTEST 10 TCK;
SDR 16 TDI (FFFF);
RUNTEST 10 TCK;
SDR 16 TDI (BFFF);
RUNTEST 10 TCK;
SDR 16 TDI (FFFF);
RUNTEST 10 TCK;
SDR 16 TDI (7FDF);
RUNTEST 10 TCK;
SDR 16 TDI (FFFF);
RUNTEST 10 TCK;
SDR 16 TDI (BFFF);
RUNTEST 10 TCK;
SDR 16 TDI (BFEF);
RUNTEST 10 TCK;
SDR 16 TDI (5FFF);
RUNTEST 10 TCK;
SDR 16 TDI (FFFF);
RUNTEST 10 TCK;
SDR 16 TDI (BFFF);
RUNTEST 10 TCK;
SDR 16 TDI (7FFF);
RUNTEST 10 TCK;
SDR 16 TDI (7FFF);
RUNTEST 10 TCK;
SDR 16 TDI (FFFF);
RUNTEST 10 TCK;
SDR 16 TDI (B7FF);
RUNTEST 10 TCK;
SDR 16 TDI (FFFF);
RUNTEST 10 TCK;
SDR 16 TDI (7FFF);
RUNTEST 10 TCK;
SDR 16 TDI (FFFF);
RUNTEST 10 TCK;
SDR 16 TDI (9FFF);
RUNTEST 10 TCK;
SDR 16 TDI (FFFF);
RUNTEST 10 TCK;
SDR 16 TDI (5FFF);
RUNTEST 10 TCK;
SDR 16 TDI (FFFF);
RUNTEST 10 TCK;
SDR 16 TDI (BFFF);
RUNTEST 10 TCK;
SDR 16 TDI (FFFF);
RUNTEST 10 TCK;
SDR 16 TDI (7FFF);
RUNTEST 10 TCK;
SDR 16 TDI (FFFF);
RUNTEST 10 TCK;
SDR 16 TDI (BFFF);
RUNTEST 10 TCK;
SDR 16 TDI (FFFF);
RUNTEST 10 TCK;
SDR 16 TDI (7FFF);
RUNTEST 10 TCK;
SDR 16 TDI (7FFF);
RUNTEST 10 TCK;
SDR 16 TDI (BFFF);
RUNTEST 10 TCK;
SDR 16 TDI (FFFF);
RUNTEST 10 TCK;
SDR 16 TDI (5FFF);
RUNTEST 10 TCK;
SDR 16 TDI (FFFF);
RUNTEST 10 TCK;
SDR 16 TDI (BFFF);
RUNTEST 10 TCK;
SDR 16 TDI (FFFF);
RUNTEST 10 TCK;
SDR 16 TDI (7FFF);
RUNTEST 10 TCK;
SDR 16 TDI (FFFF);
RUNTEST 10 TCK;
SDR 16 TDI (BF7F);
RUNTEST 10 TCK;
SDR 16 TDI (FFFF);
RUNTEST 10 TCK;
SDR 16 TDI (7FFF);
RUNTEST 10 TCK;
SDR 16 TDI (FFFF);
RUNTEST 10 TCK;
SDR 16 TDI (BFFF);
RUNTEST 10 TCK;
SDR 16 TDI (FFFF);
RUNTEST 10 TCK;
SDR 16 TDI (5FFB);
RUNTEST 10 TCK;
SDR 16 TDI (FFFF);
RUNTEST 10 TCK;
SDR 16 TDI (BFFE);
RUNTEST 10 TCK;
SDR 16 TDI (FFFF);
RUNTEST 10 TCK;
SDR 16 TDI (7FFF);
RUNTEST 10 TCK;
SDR 16 TDI (FFFF);
RUNTEST 10 TCK;
SDR 16 TDI (AFFF);
RUNTEST 10 TCK;
SDR 16 TDI (FFFF);
RUNTEST 10 TCK;
SDR 16 TDI (7FFF);
RUNTEST 10 TCK;
SDR 16 TDI (FFFF);
RUNTEST 10 TCK;
SDR 16 TDI (BF7F);
RUNTEST 10 TCK;
SDR 16 TDI (FFFF);
RUNTEST 10 TCK;
SDR 16 TDI (5FFF);
RUNTEST 10 TCK;
SDR 16 TDI (FFFF);
RUNTEST 10 TCK;
SDR 16 TDI (BFFF);
RUNTEST 10 TCK;
SDR 16 TDI (FFFF);
RUNTEST 10 TCK;
SDR 16 TDI (7FFF);
RUNTEST 10 TCK;
SDR 16 TDI (FFFF);
RUNTEST 10 TCK;
SDR 16 TDI (BFFF);
RUNTEST 10 TCK;
SDR 16 TDI (FFFF);
RUNTEST 10 TCK;
SDR 16 TDI (7FFF);
RUNTEST 10 TCK;
SDR 16 TDI (FFFF);
RUNTEST 10 TCK;
SDR 16 TDI (AFFF);
RUNTEST 10 TCK;
SDR 16 TDI (FFFF);
RUNTEST 10 TCK;
SDR 16 TDI (5FFF);
RUNTEST 10 TCK;
SDR 16 TDI (FFFF);
RUNTEST 10 TCK;
SDR 16 TDI (BFFF);
RUNTEST 10 TCK;
SDR 16 TDI (FFFF);
RUNTEST 10 TCK;
SDR 16 TDI (7FFF);
RUNTEST 10 TCK;
SDR 16 TDI (FFFF);
RUNTEST 10 TCK;
SDR 16 TDI (BFFF);
RUNTEST 10 TCK;
SDR 16 TDI (FFFF);
RUNTEST 10 TCK;
SDR 16 TDI (7FFF);
RUNTEST 10 TCK;
SDR 16 TDI (BFFF);
RUNTEST 10 TCK;
SDR 16 TDI (9FFF);
RUNTEST 10 TCK;
SDR 16 TDI (FFFF);
RUNTEST 10 TCK;
SDR 16 TDI (5FFF);
RUNTEST 10 TCK;
SDR 16 TDI (FFFF);
RUNTEST 10 TCK;
SDR 16 TDI (BFFF);
RUNTEST 10 TCK;
SDR 16 TDI (FDFF);
RUNTEST 10 TCK;
SDR 16 TDI (6FFF);
RUNTEST 10 TCK;
SDR 16 TDI (FF7F);
RUNTEST 10 TCK;
SDR 16 TDI (BFFF);
RUNTEST 10 TCK;
SDR 16 TDI (FFFF);
RUNTEST 10 TCK;
SDR 16 TDI (6FFD);
RUNTEST 10 TCK;
SDR 16 TDI (FFFD);
RUNTEST 10 TCK;
SDR 16 TDI (BF7F);
RUNTEST 10 TCK;
SDR 16 TDI (FEFF);
RUNTEST 10 TCK;
SDR 16 TDI (5BFF);
RUNTEST 10 TCK;
SDR 16 TDI (EFBF);
RUNTEST 10 TCK;
SDR 16 TDI (BFFF);
RUNTEST 10 TCK;
SDR 16 TDI (7FFF);
RUNTEST 10 TCK;
SDR 16 TDI (7FFF);
RUNTEST 10 TCK;
SDR 16 TDI (FFFF);
RUNTEST 10 TCK;
SDR 16 TDI (BFFF);
RUNTEST 10 TCK;
SDR 16 TDI (FFFF);
RUNTEST 10 TCK;
SDR 16 TDI (7FFF);
RUNTEST 10 TCK;
SDR 16 TDI (FFFF);
RUNTEST 10 TCK;
SDR 16 TDI (BFEF);
RUNTEST 10 TCK;
SDR 16 TDI (FFFF);
RUNTEST 10 TCK;
SDR 16 TDI (5EBF);
RUNTEST 10 TCK;
SDR 16 TDI (EFDF);
RUNTEST 10 TCK;
SDR 16 TDI (BFFF);
RUNTEST 10 TCK;
SDR 16 TDI (FDEF);
RUNTEST 10 TCK;
SDR 16 TDI (7FFF);
RUNTEST 10 TCK;
SDR 16 TDI (FFFF);
RUNTEST 10 TCK;
SDR 16 TDI (BFFF);
RUNTEST 10 TCK;
SDR 16 TDI (FFFF);
RUNTEST 10 TCK;
SDR 16 TDI (7FFF);
RUNTEST 10 TCK;
SDR 16 TDI (FFFF);
RUNTEST 10 TCK;
SDR 16 TDI (BFFF);
RUNTEST 10 TCK;
SDR 16 TDI (FFFF);
RUNTEST 10 TCK;
SDR 16 TDI (4FFF);
RUNTEST 10 TCK;
SDR 16 TDI (FF7F);
RUNTEST 10 TCK;
SDR 16 TDI (BFFF);
RUNTEST 10 TCK;
SDR 16 TDI (FFFF);
RUNTEST 10 TCK;
SDR 16 TDI (7FFB);
RUNTEST 10 TCK;
SDR 16 TDI (EFFD);
RUNTEST 10 TCK;
SDR 16 TDI (BFFF);
RUNTEST 10 TCK;
SDR 16 TDI (FF7F);
RUNTEST 10 TCK;
SDR 16 TDI (7FFF);
RUNTEST 10 TCK;
SDR 16 TDI (FFBF);
RUNTEST 10 TCK;
SDR 16 TDI (BFFE);
RUNTEST 10 TCK;
SDR 16 TDI (FFFF);
RUNTEST 10 TCK;
SDR 16 TDI (5FFF);
RUNTEST 10 TCK;
SDR 16 TDI (FFFF);
RUNTEST 10 TCK;
SDR 16 TDI (BFFF);
RUNTEST 10 TCK;
SDR 16 TDI (FEFF);
RUNTEST 10 TCK;
SDR 16 TDI (7FFF);
RUNTEST 10 TCK;
SDR 16 TDI (FFFF);
RUNTEST 10 TCK;
SDR 16 TDI (BFFF);
RUNTEST 10 TCK;
SDR 16 TDI (FFFF);
RUNTEST 10 TCK;
SDR 16 TDI (6FFF);
RUNTEST 10 TCK;
SDR 16 TDI (FFDF);
RUNTEST 10 TCK;
SDR 16 TDI (BEFF);
RUNTEST 10 TCK;
SDR 16 TDI (FDFF);
RUNTEST 10 TCK;
SDR 16 TDI (57FF);
RUNTEST 10 TCK;
SDR 16 TDI (DFFF);
RUNTEST 10 TCK;
SDR 16 TDI (BFFF);
RUNTEST 10 TCK;
SDR 16 TDI (FFFF);
RUNTEST 10 TCK;
SDR 16 TDI (7FFF);
RUNTEST 10 TCK;
SDR 16 TDI (FFFF);
RUNTEST 10 TCK;
SDR 16 TDI (BFFF);
RUNTEST 10 TCK;
SDR 16 TDI (FFFF);
RUNTEST 10 TCK;
SDR 16 TDI (7FFD);
RUNTEST 10 TCK;
SDR 16 TDI (FBDF);
RUNTEST 10 TCK;
SDR 16 TDI (BFDF);
RUNTEST 10 TCK;
SDR 16 TDI (F7FF);
RUNTEST 10 TCK;
SDR 16 TDI (5FFF);
RUNTEST 10 TCK;
SDR 16 TDI (EFF7);
RUNTEST 10 TCK;
SDR 16 TDI (BFFF);
RUNTEST 10 TCK;
SDR 16 TDI (BFFF);
RUNTEST 10 TCK;
SDR 16 TDI (7FFF);
RUNTEST 10 TCK;
SDR 16 TDI (FFFF);
RUNTEST 10 TCK;
SDR 16 TDI (BFFF);
RUNTEST 10 TCK;
SDR 16 TDI (DFFF);
RUNTEST 10 TCK;
SDR 16 TDI (7FFF);
RUNTEST 10 TCK;
SDR 16 TDI (FFFF);
RUNTEST 10 TCK;
SDR 16 TDI (BFFF);
RUNTEST 10 TCK;
SDR 16 TDI (FFFF);
RUNTEST 10 TCK;
SDR 16 TDI (5FFF);
RUNTEST 10 TCK;
SDR 16 TDI (FEFF);
RUNTEST 10 TCK;
SDR 16 TDI (BFFF);
RUNTEST 10 TCK;
SDR 16 TDI (BFFF);
RUNTEST 10 TCK;
SDR 16 TDI (7DFF);
RUNTEST 10 TCK;
SDR 16 TDI (EFFF);
RUNTEST 10 TCK;
SDR 16 TDI (BFFF);
RUNTEST 10 TCK;
SDR 16 TDI (FFFF);
RUNTEST 10 TCK;
SDR 16 TDI (7FFF);
RUNTEST 10 TCK;
SDR 16 TDI (FFFF);
RUNTEST 10 TCK;
SDR 16 TDI (BFFB);
RUNTEST 10 TCK;
SDR 16 TDI (FFFF);
RUNTEST 10 TCK;
SDR 16 TDI (5FFF);
RUNTEST 10 TCK;
SDR 16 TDI (FFFF);
RUNTEST 10 TCK;
SDR 16 TDI (BFFF);
RUNTEST 10 TCK;
SDR 16 TDI (FFFF);
RUNTEST 10 TCK;
SDR 16 TDI (7FFD);
RUNTEST 10 TCK;
SDR 16 TDI (FD7F);
RUNTEST 10 TCK;
SDR 16 TDI (BFFF);
RUNTEST 10 TCK;
SDR 16 TDI (7FFF);
RUNTEST 10 TCK;
SDR 16 TDI (7FFF);
RUNTEST 10 TCK;
SDR 16 TDI (FFFF);
RUNTEST 10 TCK;
SDR 16 TDI (BFFF);
RUNTEST 10 TCK;
SDR 16 TDI (DFFF);
RUNTEST 10 TCK;
SDR 16 TDI (5FFF);
RUNTEST 10 TCK;
SDR 16 TDI (FFFF);
RUNTEST 10 TCK;
SDR 16 TDI (BFFF);
RUNTEST 10 TCK;
SDR 16 TDI (FFFF);
RUNTEST 10 TCK;
SDR 16 TDI (7FFF);
RUNTEST 10 TCK;
SDR 16 TDI (FFFF);
RUNTEST 10 TCK;
SDR 16 TDI (BFFF);
RUNTEST 10 TCK;
SDR 16 TDI (FFFF);
RUNTEST 10 TCK;
SDR 16 TDI (7FFF);
RUNTEST 10 TCK;
SDR 16 TDI (FFBF);
RUNTEST 10 TCK;
SDR 16 TDI (9FEF);
RUNTEST 10 TCK;
SDR 16 TDI (F7FF);
RUNTEST 10 TCK;
SDR 16 TDI (7DFF);
RUNTEST 10 TCK;
SDR 16 TDI (FFFB);
RUNTEST 10 TCK;
SDR 16 TDI (BFFF);
RUNTEST 10 TCK;
SDR 16 TDI (FFFF);
RUNTEST 10 TCK;
SDR 16 TDI (7FFF);
RUNTEST 10 TCK;
SDR 16 TDI (FFFF);
RUNTEST 10 TCK;
SDR 16 TDI (BFFB);
RUNTEST 10 TCK;
SDR 16 TDI (DFFF);
RUNTEST 10 TCK;
SDR 16 TDI (7FFF);
RUNTEST 10 TCK;
SDR 16 TDI (FFFF);
RUNTEST 10 TCK;
SDR 16 TDI (BFFF);
RUNTEST 10 TCK;
SDR 16 TDI (FEFF);
RUNTEST 10 TCK;
SDR 16 TDI (5FFD);
RUNTEST 10 TCK;
SDR 16 TDI (FFFF);
RUNTEST 10 TCK;
SDR 16 TDI (BFFF);
RUNTEST 10 TCK;
SDR 16 TDI (FFFE);
RUNTEST 10 TCK;
SDR 16 TDI (7FFF);
RUNTEST 10 TCK;
SDR 16 TDI (FFFF);
RUNTEST 10 TCK;
SDR 16 TDI (BFFF);
RUNTEST 10 TCK;
SDR 16 TDI (EFFF);
RUNTEST 10 TCK;
SDR 16 TDI (7FFF);
RUNTEST 10 TCK;
SDR 16 TDI (FFFF);
RUNTEST 10 TCK;
SDR 16 TDI (9F7F);
RUNTEST 10 TCK;
SDR 16 TDI (FFFF);
RUNTEST 10 TCK;
SDR 16 TDI (7FFF);
RUNTEST 10 TCK;
SDR 16 TDI (FFFF);
RUNTEST 10 TCK;
SDR 16 TDI (BFFF);
RUNTEST 10 TCK;
SDR 16 TDI (FFEE);
RUNTEST 10 TCK;
SDR 16 TDI (7FFF);
RUNTEST 10 TCK;
SDR 16 TDI (FFFF);
RUNTEST 10 TCK;
SDR 16 TDI (BFFD);
RUNTEST 10 TCK;
SDR 16 TDI (DFFF);
RUNTEST 10 TCK;
SDR 16 TDI (7DFF);
RUNTEST 10 TCK;
SDR 16 TDI (FFFF);
RUNTEST 10 TCK;
SDR 16 TDI (BFFF);
RUNTEST 10 TCK;
SDR 16 TDI (FFFF);
RUNTEST 10 TCK;
SDR 16 TDI (5FFF);
RUNTEST 10 TCK;
SDR 16 TDI (FFFF);
RUNTEST 10 TCK;
SDR 16 TDI (BFEF);
RUNTEST 10 TCK;
SDR 16 TDI (FFFF);
RUNTEST 10 TCK;
SDR 16 TDI (7FFF);
RUNTEST 10 TCK;
SDR 16 TDI (FFFF);
RUNTEST 10 TCK;
SDR 16 TDI (BFFF);
RUNTEST 10 TCK;
SDR 16 TDI (FFFF);
RUNTEST 10 TCK;
SDR 16 TDI (7FFF);
RUNTEST 10 TCK;
SDR 16 TDI (FFFF);
RUNTEST 10 TCK;
SDR 16 TDI (BEBF);
RUNTEST 10 TCK;
SDR 16 TDI (FFFB);
RUNTEST 10 TCK;
SDR 16 TDI (57FF);
RUNTEST 10 TCK;
SDR 16 TDI (FF8F);
RUNTEST 10 TCK;
SDR 16 TDI (BFFF);
RUNTEST 10 TCK;
SDR 16 TDI (DFFF);
RUNTEST 10 TCK;
SDR 16 TDI (7FF8);
RUNTEST 10 TCK;
SDR 16 TDI (FFFF);
RUNTEST 10 TCK;
SDR 16 TDI (BFFF);
RUNTEST 10 TCK;
SDR 16 TDI (FFFF);
RUNTEST 10 TCK;
SDR 16 TDI (7FFF);
RUNTEST 10 TCK;
SDR 16 TDI (FFFF);
RUNTEST 10 TCK;
SDR 16 TDI (BFFF);
RUNTEST 10 TCK;
SDR 16 TDI (FFFE);
RUNTEST 10 TCK;
SDR 16 TDI (5FFD);
RUNTEST 10 TCK;
SDR 16 TDI (FFFF);
RUNTEST 10 TCK;
SDR 16 TDI (BFFE);
RUNTEST 10 TCK;
SDR 16 TDI (EFF5);
RUNTEST 10 TCK;
SDR 16 TDI (6DFF);
RUNTEST 10 TCK;
SDR 16 TDI (FFFF);
RUNTEST 10 TCK;
SDR 16 TDI (BFFF);
RUNTEST 10 TCK;
SDR 16 TDI (AFFF);
RUNTEST 10 TCK;
SDR 16 TDI (7FFF);
RUNTEST 10 TCK;
SDR 16 TDI (FFFF);
RUNTEST 10 TCK;
SDR 16 TDI (BFEF);
RUNTEST 10 TCK;
SDR 16 TDI (FFFF);
RUNTEST 10 TCK;
SDR 16 TDI (5FFF);
RUNTEST 10 TCK;
SDR 16 TDI (FFFF);
RUNTEST 10 TCK;
SDR 16 TDI (BFFF);
RUNTEST 10 TCK;
SDR 16 TDI (FDDF);
RUNTEST 10 TCK;
SDR 16 TDI (7DFF);
RUNTEST 10 TCK;
SDR 16 TDI (3FFF);
RUNTEST 10 TCK;
SDR 16 TDI (BFE6);
RUNTEST 10 TCK;
SDR 16 TDI (EFFD);
RUNTEST 10 TCK;
SDR 16 TDI (7BFF);
RUNTEST 10 TCK;
SDR 16 TDI (FFF9);
RUNTEST 10 TCK;
SDR 16 TDI (B33F);
RUNTEST 10 TCK;
SDR 16 TDI (EFFF);
RUNTEST 10 TCK;
SDR 16 TDI (5FFF);
RUNTEST 10 TCK;
SDR 16 TDI (999F);
RUNTEST 10 TCK;
SDR 16 TDI (BF6F);
RUNTEST 10 TCK;
SDR 16 TDI (FFFF);
RUNTEST 10 TCK;
SDR 16 TDI (7FFF);
RUNTEST 10 TCK;
SDR 16 TDI (FFFF);
RUNTEST 10 TCK;
SDR 16 TDI (BFFF);
RUNTEST 10 TCK;
SDR 16 TDI (FFFF);
RUNTEST 10 TCK;
SDR 16 TDI (7FFF);
RUNTEST 10 TCK;
SDR 16 TDI (FFFF);
RUNTEST 10 TCK;
SDR 16 TDI (BFFF);
RUNTEST 10 TCK;
SDR 16 TDI (FFFF);
RUNTEST 10 TCK;
SDR 16 TDI (5FFF);
RUNTEST 10 TCK;
SDR 16 TDI (FFFF);
RUNTEST 10 TCK;
SDR 16 TDI (BFFF);
RUNTEST 10 TCK;
SDR 16 TDI (FFFF);
RUNTEST 10 TCK;
SDR 16 TDI (7FFF);
RUNTEST 10 TCK;
SDR 16 TDI (FFFF);
RUNTEST 10 TCK;
SDR 16 TDI (BFFF);
RUNTEST 10 TCK;
SDR 16 TDI (FFFF);
RUNTEST 10 TCK;
SDR 16 TDI (7FFF);
RUNTEST 10 TCK;
SDR 16 TDI (FFFF);
RUNTEST 10 TCK;
SDR 16 TDI (BFFC);
RUNTEST 10 TCK;
SDR 16 TDI (F9E7);
RUNTEST 10 TCK;
SDR 16 TDI (59FF);
RUNTEST 10 TCK;
SDR 16 TDI (FFFF);
RUNTEST 10 TCK;
SDR 16 TDI (BFFF);
RUNTEST 10 TCK;
SDR 16 TDI (FCF9);
RUNTEST 10 TCK;
SDR 16 TDI (7FFF);
RUNTEST 10 TCK;
SDR 16 TDI (FFFF);
RUNTEST 10 TCK;
SDR 16 TDI (BFE7);
RUNTEST 10 TCK;
SDR 16 TDI (FFFF);
RUNTEST 10 TCK;
SDR 16 TDI (7FFF);
RUNTEST 10 TCK;
SDR 16 TDI (FFF3);
RUNTEST 10 TCK;
SDR 16 TDI (BCFF);
RUNTEST 10 TCK;
SDR 16 TDI (FFFF);
RUNTEST 10 TCK;
SDR 16 TDI (5FFF);
RUNTEST 10 TCK;
SDR 16 TDI (FFFF);
RUNTEST 10 TCK;
SDR 16 TDI (BFFF);
RUNTEST 10 TCK;
SDR 16 TDI (FFFF);
RUNTEST 10 TCK;
SDR 16 TDI (7FFF);
RUNTEST 10 TCK;
SDR 16 TDI (FFFF);
RUNTEST 10 TCK;
SDR 16 TDI (BFFF);
RUNTEST 10 TCK;
SDR 16 TDI (FFFF);
RUNTEST 10 TCK;
SDR 16 TDI (7FFF);
RUNTEST 10 TCK;
SDR 16 TDI (FFFF);
RUNTEST 10 TCK;
SDR 16 TDI (BFFF);
RUNTEST 10 TCK;
SDR 16 TDI (FFFF);
RUNTEST 10 TCK;
SDR 16 TDI (5FFF);
RUNTEST 10 TCK;
SDR 16 TDI (FFFF);
RUNTEST 10 TCK;
SDR 16 TDI (BFFF);
RUNTEST 10 TCK;
SDR 16 TDI (FFFF);
RUNTEST 10 TCK;
SDR 16 TDI (5FFF);
RUNTEST 10 TCK;
SDR 16 TDI (FFFF);
RUNTEST 10 TCK;
SDR 16 TDI (BFFF);
RUNTEST 10 TCK;
SDR 16 TDI (FFFF);
RUNTEST 10 TCK;
SDR 16 TDI (7FFF);
RUNTEST 10 TCK;
SDR 16 TDI (FFFF);
RUNTEST 10 TCK;
SDR 16 TDI (BFFF);
RUNTEST 10 TCK;
SDR 16 TDI (FFFF);
RUNTEST 10 TCK;
SDR 16 TDI (7FFF);
RUNTEST 10 TCK;
SDR 16 TDI (FFFF);
RUNTEST 10 TCK;
SDR 16 TDI (BFFF);
RUNTEST 10 TCK;
SDR 16 TDI (FFFF);
RUNTEST 10 TCK;
SDR 16 TDI (7FFF);
RUNTEST 10 TCK;
SDR 16 TDI (FFFF);
RUNTEST 10 TCK;
SDR 16 TDI (BFFF);
RUNTEST 10 TCK;
SDR 16 TDI (FFFF);
RUNTEST 10 TCK;
SDR 16 TDI (7FFF);
RUNTEST 10 TCK;
SDR 16 TDI (FFFF);
RUNTEST 10 TCK;
SDR 16 TDI (BFFF);
RUNTEST 10 TCK;
SDR 16 TDI (FFFF);
RUNTEST 10 TCK;
SDR 16 TDI (7FFF);
RUNTEST 10 TCK;
SDR 16 TDI (FFFF);
RUNTEST 10 TCK;
SDR 16 TDI (BFFF);
RUNTEST 10 TCK;
SDR 16 TDI (FFFF);
RUNTEST 10 TCK;
SDR 16 TDI (7FFF);
RUNTEST 10 TCK;
SDR 16 TDI (FFFF);
RUNTEST 10 TCK;
SDR 16 TDI (BFFF);
RUNTEST 10 TCK;
SDR 16 TDI (FFFF);
RUNTEST 10 TCK;
SDR 16 TDI (7FFF);
RUNTEST 10 TCK;
SDR 16 TDI (FFFF);
RUNTEST 10 TCK;
SDR 16 TDI (BFFF);
RUNTEST 10 TCK;
SDR 16 TDI (FFFF);
RUNTEST 10 TCK;
SDR 16 TDI (7FFF);
RUNTEST 10 TCK;
SDR 16 TDI (FFFF);
RUNTEST 10 TCK;
SDR 16 TDI (BFFF);
RUNTEST 10 TCK;
SDR 16 TDI (FFFF);
RUNTEST 10 TCK;
SDR 16 TDI (7FFF);
RUNTEST 10 TCK;
SDR 16 TDI (FFFF);
RUNTEST 10 TCK;
SDR 16 TDI (BFFF);
RUNTEST 10 TCK;
SDR 16 TDI (FFFF);
RUNTEST 10 TCK;
SDR 16 TDI (7FFF);
RUNTEST 10 TCK;
SDR 16 TDI (FFFF);
RUNTEST 10 TCK;
SDR 16 TDI (BFFF);
RUNTEST 10 TCK;
SDR 16 TDI (FFFF);
RUNTEST 10 TCK;
SDR 16 TDI (7FFF);
RUNTEST 10 TCK;
SDR 16 TDI (FFFF);
RUNTEST 10 TCK;
SDR 16 TDI (BFFF);
RUNTEST 10 TCK;
SDR 16 TDI (FFFF);
RUNTEST 10 TCK;
SDR 16 TDI (7FFF);
RUNTEST 10 TCK;
SDR 16 TDI (FFFF);
RUNTEST 10 TCK;
SDR 16 TDI (BFFF);
RUNTEST 10 TCK;
SDR 16 TDI (FFFF);
RUNTEST 10 TCK;
SDR 16 TDI (7FFF);
RUNTEST 10 TCK;
SDR 16 TDI (FFFF);
RUNTEST 10 TCK;
SDR 16 TDI (BFFF);
RUNTEST 10 TCK;
SDR 16 TDI (FFFF);
RUNTEST 10 TCK;
SDR 16 TDI (7FFF);
RUNTEST 10 TCK;
SDR 16 TDI (FFFF);
RUNTEST 10 TCK;
SDR 16 TDI (BFFF);
RUNTEST 10 TCK;
SDR 16 TDI (FFFF);
RUNTEST 10 TCK;
SDR 16 TDI (7FFF);
RUNTEST 10 TCK;
SDR 16 TDI (FFFF);
RUNTEST 10 TCK;
SDR 16 TDI (BFFF);
RUNTEST 10 TCK;
SDR 16 TDI (FFFF);
RUNTEST 10 TCK;
SDR 16 TDI (7FFF);
RUNTEST 10 TCK;
SDR 16 TDI (FFFF);
RUNTEST 10 TCK;
SDR 16 TDI (BFFF);
RUNTEST 10 TCK;
SDR 16 TDI (FFFF);
RUNTEST 10 TCK;
SDR 16 TDI (7FFF);
RUNTEST 10 TCK;
SDR 16 TDI (FFFF);
RUNTEST 10 TCK;
SDR 16 TDI (BFFF);
RUNTEST 10 TCK;
SDR 16 TDI (FFFF);
RUNTEST 10 TCK;
SDR 16 TDI (7FFF);
RUNTEST 10 TCK;
SDR 16 TDI (FFFF);
RUNTEST 10 TCK;
SDR 16 TDI (BFFF);
RUNTEST 10 TCK;
SDR 16 TDI (FFFF);
RUNTEST 10 TCK;
SDR 16 TDI (7FFF);
RUNTEST 10 TCK;
SDR 16 TDI (FFFF);
RUNTEST 10 TCK;
SDR 16 TDI (BFFF);
RUNTEST 10 TCK;
SDR 16 TDI (FFFF);
RUNTEST 10 TCK;
SDR 16 TDI (7FFF);
RUNTEST 10 TCK;
SDR 16 TDI (FFFF);
RUNTEST 10 TCK;
SDR 16 TDI (BFFF);
RUNTEST 10 TCK;
SDR 16 TDI (FFFF);
RUNTEST 10 TCK;
SDR 16 TDI (7FFF);
RUNTEST 10 TCK;
SDR 16 TDI (FFFF);
RUNTEST 10 TCK;
SDR 16 TDI (BFFF);
RUNTEST 10 TCK;
SDR 16 TDI (FFFF);
RUNTEST 10 TCK;
SDR 16 TDI (7FFF);
RUNTEST 10 TCK;
SDR 16 TDI (FFFF);
RUNTEST 10 TCK;
SDR 16 TDI (BFFF);
RUNTEST 10 TCK;
SDR 16 TDI (FFFF);
RUNTEST 10 TCK;
SDR 16 TDI (7FFF);
RUNTEST 10 TCK;
SDR 16 TDI (FFFF);
RUNTEST 10 TCK;
SDR 16 TDI (BFFF);
RUNTEST 10 TCK;
SDR 16 TDI (FFFF);
RUNTEST 10 TCK;
SDR 16 TDI (7FFF);
RUNTEST 10 TCK;
SDR 16 TDI (FFFF);
RUNTEST 10 TCK;
SDR 16 TDI (BFFF);
RUNTEST 10 TCK;
SDR 16 TDI (FFFF);
RUNTEST 10 TCK;
SDR 16 TDI (7FFF);
RUNTEST 10 TCK;
SDR 16 TDI (FFFF);
RUNTEST 10 TCK;
SDR 16 TDI (BFFF);
RUNTEST 10 TCK;
SDR 16 TDI (FFFF);
RUNTEST 10 TCK;
SDR 16 TDI (7FFF);
RUNTEST 10 TCK;
SDR 16 TDI (FFFF);
RUNTEST 10 TCK;
SDR 16 TDI (BFFF);
RUNTEST 10 TCK;
SDR 16 TDI (FFFF);
RUNTEST 10 TCK;
SDR 16 TDI (7FFF);
RUNTEST 10 TCK;
SDR 16 TDI (FFFF);
RUNTEST 10 TCK;
SDR 16 TDI (BFFF);
RUNTEST 10 TCK;
SDR 16 TDI (FFFF);
RUNTEST 10 TCK;
SDR 16 TDI (7FFF);
RUNTEST 10 TCK;
SDR 16 TDI (FFFF);
RUNTEST 10 TCK;
SDR 16 TDI (BFFF);
RUNTEST 10 TCK;
SDR 16 TDI (FFFF);
RUNTEST 10 TCK;
SDR 16 TDI (7FFF);
RUNTEST 10 TCK;
SDR 16 TDI (FFFF);
RUNTEST 10 TCK;
SDR 16 TDI (BFFF);
RUNTEST 10 TCK;
SDR 16 TDI (FFFF);
RUNTEST 10 TCK;
SDR 16 TDI (7FFF);
RUNTEST 10 TCK;
SDR 16 TDI (FFFF);
RUNTEST 10 TCK;
SDR 16 TDI (BFFF);
RUNTEST 10 TCK;
SDR 16 TDI (FFFF);
RUNTEST 10 TCK;
SDR 16 TDI (7FFF);
RUNTEST 10 TCK;
SDR 16 TDI (FFFF);
RUNTEST 10 TCK;
SDR 16 TDI (BFFF);
RUNTEST 10 TCK;
SDR 16 TDI (FFFF);
RUNTEST 10 TCK;
SDR 16 TDI (7FFF);
RUNTEST 10 TCK;
SDR 16 TDI (FFFF);
RUNTEST 10 TCK;
SDR 16 TDI (BFFF);
RUNTEST 10 TCK;
SDR 16 TDI (FFFF);
RUNTEST 10 TCK;
SDR 16 TDI (7FFF);
RUNTEST 10 TCK;
SDR 16 TDI (FFFF);
RUNTEST 10 TCK;
SDR 16 TDI (BFFF);
RUNTEST 10 TCK;
SDR 16 TDI (FFFF);
RUNTEST 10 TCK;
SDR 16 TDI (7FFF);
RUNTEST 10 TCK;
SDR 16 TDI (FFFF);
RUNTEST 10 TCK;
SDR 16 TDI (BFFF);
RUNTEST 10 TCK;
SDR 16 TDI (FFFF);
RUNTEST 10 TCK;
SDR 16 TDI (7FFF);
RUNTEST 10 TCK;
SDR 16 TDI (FFFF);
RUNTEST 10 TCK;
SDR 16 TDI (BFFF);
RUNTEST 10 TCK;
SDR 16 TDI (FFFF);
RUNTEST 10 TCK;
SDR 16 TDI (7FFF);
RUNTEST 10 TCK;
SDR 16 TDI (FFFF);
RUNTEST 10 TCK;
SDR 16 TDI (BFFF);
RUNTEST 10 TCK;
SDR 16 TDI (FFFF);
RUNTEST 10 TCK;
SDR 16 TDI (7FFF);
RUNTEST 10 TCK;
SDR 16 TDI (FFFF);
RUNTEST 10 TCK;
SDR 16 TDI (BFFF);
RUNTEST 10 TCK;
SDR 16 TDI (FFFF);
RUNTEST 10 TCK;
SDR 16 TDI (7FFF);
RUNTEST 10 TCK;
SDR 16 TDI (FFFF);
RUNTEST 10 TCK;
SDR 16 TDI (BFFF);
RUNTEST 10 TCK;
SDR 16 TDI (FFFF);
RUNTEST 10 TCK;
SDR 16 TDI (7FFF);
RUNTEST 10 TCK;
SDR 16 TDI (FFFF);
RUNTEST 10 TCK;
SDR 16 TDI (BFFF);
RUNTEST 10 TCK;
SDR 16 TDI (FFFF);
RUNTEST 10 TCK;
SDR 16 TDI (7FFF);
RUNTEST 10 TCK;
SDR 16 TDI (FFFF);
RUNTEST 10 TCK;
SDR 16 TDI (BFFF);
RUNTEST 10 TCK;
SDR 16 TDI (FFFF);
RUNTEST 10 TCK;
SDR 16 TDI (7FFF);
RUNTEST 10 TCK;
SDR 16 TDI (FFFF);
RUNTEST 10 TCK;
SDR 16 TDI (BFFF);
RUNTEST 10 TCK;
SDR 16 TDI (FFFF);
RUNTEST 10 TCK;
SDR 16 TDI (7FFF);
RUNTEST 10 TCK;
SDR 16 TDI (FFFF);
RUNTEST 10 TCK;
SDR 16 TDI (BFFF);
RUNTEST 10 TCK;
SDR 16 TDI (FFFF);
RUNTEST 10 TCK;
SDR 16 TDI (7FFF);
RUNTEST 10 TCK;
SDR 16 TDI (FFFF);
RUNTEST 10 TCK;
SDR 16 TDI (BFFF);
RUNTEST 10 TCK;
SDR 16 TDI (FFFF);
RUNTEST 10 TCK;
SDR 16 TDI (7FFF);
RUNTEST 10 TCK;
SDR 16 TDI (FFFF);
RUNTEST 10 TCK;
SDR 16 TDI (BFFF);
RUNTEST 10 TCK;
SDR 16 TDI (FFFF);
RUNTEST 10 TCK;
SDR 16 TDI (7FFF);
RUNTEST 10 TCK;
SDR 16 TDI (FFFF);
RUNTEST 10 TCK;
SDR 16 TDI (BFFF);
RUNTEST 10 TCK;
SDR 16 TDI (FFFF);
RUNTEST 10 TCK;
SDR 16 TDI (7FFF);
RUNTEST 10 TCK;
SDR 16 TDI (FFFF);
RUNTEST 10 TCK;
SDR 16 TDI (BFFF);
RUNTEST 10 TCK;
SDR 16 TDI (FFFF);
RUNTEST 10 TCK;
SDR 16 TDI (7FFF);
RUNTEST 10 TCK;
SDR 16 TDI (FFFF);
RUNTEST 10 TCK;
SDR 16 TDI (BFFF);
RUNTEST 10 TCK;
SDR 16 TDI (FFFF);
RUNTEST 10 TCK;
SDR 16 TDI (7FFF);
RUNTEST 10 TCK;
SDR 16 TDI (FFFF);
RUNTEST 10 TCK;
SDR 16 TDI (BFFF);
RUNTEST 10 TCK;
SDR 16 TDI (FFFF);
RUNTEST 10 TCK;
SDR 16 TDI (7FFF);
RUNTEST 10 TCK;
SDR 16 TDI (FFFF);
RUNTEST 10 TCK;
SDR 16 TDI (BFFF);
RUNTEST 10 TCK;
SDR 16 TDI (FFFF);
RUNTEST 10 TCK;
SDR 16 TDI (7FFF);
RUNTEST 10 TCK;
SDR 16 TDI (FFFF);
RUNTEST 10 TCK;
SDR 16 TDI (BFFF);
RUNTEST 10 TCK;
SDR 16 TDI (FFFF);
RUNTEST 10 TCK;
SDR 16 TDI (7FFF);
RUNTEST 10 TCK;
SDR 16 TDI (FFFF);
RUNTEST 10 TCK;
SDR 16 TDI (BFFF);
RUNTEST 10 TCK;
SDR 16 TDI (FFFF);
RUNTEST 10 TCK;
SIR 10 TDI (203);
RUNTEST 4 TCK;
SDR 13 TDI (0001);
SIR 10 TDI (2F4);
RUNTEST 4 TCK;
SDR 16 TDI (FFFF);
RUNTEST 10 TCK;
SDR 16 TDI (FFFF);
RUNTEST 10 TCK;
SDR 16 TDI (FFFF);
RUNTEST 10 TCK;
SDR 16 TDI (FFFF);
RUNTEST 10 TCK;
SDR 16 TDI (FFFF);
RUNTEST 10 TCK;
SDR 16 TDI (FFFF);
RUNTEST 10 TCK;
SDR 16 TDI (FFFF);
RUNTEST 10 TCK;
SDR 16 TDI (FFFF);
RUNTEST 10 TCK;
SDR 16 TDI (FFFF);
RUNTEST 10 TCK;
SDR 16 TDI (FFFF);
RUNTEST 10 TCK;
SDR 16 TDI (FFFF);
RUNTEST 10 TCK;
SDR 16 TDI (FFFF);
RUNTEST 10 TCK;
SDR 16 TDI (FFFF);
RUNTEST 10 TCK;
SDR 16 TDI (FFFF);
RUNTEST 10 TCK;
SDR 16 TDI (FFFF);
RUNTEST 10 TCK;
SDR 16 TDI (FFFF);
RUNTEST 10 TCK;
SDR 16 TDI (FFFF);
RUNTEST 10 TCK;
SDR 16 TDI (FFFF);
RUNTEST 10 TCK;
SDR 16 TDI (FFFF);
RUNTEST 10 TCK;
SDR 16 TDI (FFFF);
RUNTEST 10 TCK;
SDR 16 TDI (FFFF);
RUNTEST 10 TCK;
SDR 16 TDI (FFFF);
RUNTEST 10 TCK;
SDR 16 TDI (FFFF);
RUNTEST 10 TCK;
SDR 16 TDI (FFFF);
RUNTEST 10 TCK;
SDR 16 TDI (FFFF);
RUNTEST 10 TCK;
SDR 16 TDI (FFFF);
RUNTEST 10 TCK;
SDR 16 TDI (FFFF);
RUNTEST 10 TCK;
SDR 16 TDI (FFFF);
RUNTEST 10 TCK;
SDR 16 TDI (FFFF);
RUNTEST 10 TCK;
SDR 16 TDI (FFFF);
RUNTEST 10 TCK;
SDR 16 TDI (FFFF);
RUNTEST 10 TCK;
SDR 16 TDI (FFFF);
RUNTEST 10 TCK;
SDR 16 TDI (FFFF);
RUNTEST 10 TCK;
SDR 16 TDI (FFFF);
RUNTEST 10 TCK;
SDR 16 TDI (FFFF);
RUNTEST 10 TCK;
SDR 16 TDI (FFFF);
RUNTEST 10 TCK;
SDR 16 TDI (FFFF);
RUNTEST 10 TCK;
SDR 16 TDI (FFFF);
RUNTEST 10 TCK;
SDR 16 TDI (FFFF);
RUNTEST 10 TCK;
SDR 16 TDI (FFFF);
RUNTEST 10 TCK;
SDR 16 TDI (FFFF);
RUNTEST 10 TCK;
SDR 16 TDI (FFFF);
RUNTEST 10 TCK;
SDR 16 TDI (FFFF);
RUNTEST 10 TCK;
SDR 16 TDI (FFFF);
RUNTEST 10 TCK;
SDR 16 TDI (FFFF);
RUNTEST 10 TCK;
SDR 16 TDI (FFFF);
RUNTEST 10 TCK;
SDR 16 TDI (FFFF);
RUNTEST 10 TCK;
SDR 16 TDI (FFFF);
RUNTEST 10 TCK;
SDR 16 TDI (FFFF);
RUNTEST 10 TCK;
SDR 16 TDI (FFFF);
RUNTEST 10 TCK;
SDR 16 TDI (FFFF);
RUNTEST 10 TCK;
SDR 16 TDI (FFFF);
RUNTEST 10 TCK;
SDR 16 TDI (FFFF);
RUNTEST 10 TCK;
SDR 16 TDI (FFFF);
RUNTEST 10 TCK;
SDR 16 TDI (FFFF);
RUNTEST 10 TCK;
SDR 16 TDI (FFFF);
RUNTEST 10 TCK;
SDR 16 TDI (FFFF);
RUNTEST 10 TCK;
SDR 16 TDI (FFFF);
RUNTEST 10 TCK;
SDR 16 TDI (FFFF);
RUNTEST 10 TCK;
SDR 16 TDI (FFFF);
RUNTEST 10 TCK;
SDR 16 TDI (FFFF);
RUNTEST 10 TCK;
SDR 16 TDI (FFFF);
RUNTEST 10 TCK;
SDR 16 TDI (FFFF);
RUNTEST 10 TCK;
SDR 16 TDI (FFFF);
RUNTEST 10 TCK;
SDR 16 TDI (FFFF);
RUNTEST 10 TCK;
SDR 16 TDI (FFFF);
RUNTEST 10 TCK;
SDR 16 TDI (FFFF);
RUNTEST 10 TCK;
SDR 16 TDI (FFFF);
RUNTEST 10 TCK;
SDR 16 TDI (FFFF);
RUNTEST 10 TCK;
SDR 16 TDI (FFFF);
RUNTEST 10 TCK;
SDR 16 TDI (FFFF);
RUNTEST 10 TCK;
SDR 16 TDI (FFFF);
RUNTEST 10 TCK;
SDR 16 TDI (FFFF);
RUNTEST 10 TCK;
SDR 16 TDI (FFFF);
RUNTEST 10 TCK;
SDR 16 TDI (FFFF);
RUNTEST 10 TCK;
SDR 16 TDI (FFFF);
RUNTEST 10 TCK;
SDR 16 TDI (FFFF);
RUNTEST 10 TCK;
SDR 16 TDI (FFFF);
RUNTEST 10 TCK;
SDR 16 TDI (FFFF);
RUNTEST 10 TCK;
SDR 16 TDI (FFFF);
RUNTEST 10 TCK;
SDR 16 TDI (FFFF);
RUNTEST 10 TCK;
SDR 16 TDI (FFFF);
RUNTEST 10 TCK;
SDR 16 TDI (FFFF);
RUNTEST 10 TCK;
SDR 16 TDI (FFFF);
RUNTEST 10 TCK;
SDR 16 TDI (FFFF);
RUNTEST 10 TCK;
SDR 16 TDI (FFFF);
RUNTEST 10 TCK;
SDR 16 TDI (FFFF);
RUNTEST 10 TCK;
SDR 16 TDI (FFFF);
RUNTEST 10 TCK;
SDR 16 TDI (FFFF);
RUNTEST 10 TCK;
SDR 16 TDI (FFFF);
RUNTEST 10 TCK;
SDR 16 TDI (FFFF);
RUNTEST 10 TCK;
SDR 16 TDI (FFFF);
RUNTEST 10 TCK;
SDR 16 TDI (FFFF);
RUNTEST 10 TCK;
SDR 16 TDI (FFFF);
RUNTEST 10 TCK;
SDR 16 TDI (FFFF);
RUNTEST 10 TCK;
SDR 16 TDI (FFFF);
RUNTEST 10 TCK;
SDR 16 TDI (FFFF);
RUNTEST 10 TCK;
SDR 16 TDI (FFFF);
RUNTEST 10 TCK;
SDR 16 TDI (FFFF);
RUNTEST 10 TCK;
SDR 16 TDI (FFFF);
RUNTEST 10 TCK;
SDR 16 TDI (FFFF);
RUNTEST 10 TCK;
SDR 16 TDI (FFFF);
RUNTEST 10 TCK;
SDR 16 TDI (FFFF);
RUNTEST 10 TCK;
SDR 16 TDI (FFFF);
RUNTEST 10 TCK;
SDR 16 TDI (FFFF);
RUNTEST 10 TCK;
SDR 16 TDI (FFFF);
RUNTEST 10 TCK;
SDR 16 TDI (FFFF);
RUNTEST 10 TCK;
SDR 16 TDI (FFFF);
RUNTEST 10 TCK;
SDR 16 TDI (FFFF);
RUNTEST 10 TCK;
SDR 16 TDI (FFFF);
RUNTEST 10 TCK;
SDR 16 TDI (FFFF);
RUNTEST 10 TCK;
SDR 16 TDI (FFFF);
RUNTEST 10 TCK;
SDR 16 TDI (FFFF);
RUNTEST 10 TCK;
SDR 16 TDI (FFFF);
RUNTEST 10 TCK;
SDR 16 TDI (FFFF);
RUNTEST 10 TCK;
SDR 16 TDI (FFFF);
RUNTEST 10 TCK;
SDR 16 TDI (FFFF);
RUNTEST 10 TCK;
SDR 16 TDI (FFFF);
RUNTEST 10 TCK;
SDR 16 TDI (FFFF);
RUNTEST 10 TCK;
SDR 16 TDI (FFFF);
RUNTEST 10 TCK;
SDR 16 TDI (FFFF);
RUNTEST 10 TCK;
SDR 16 TDI (FFFF);
RUNTEST 10 TCK;
SDR 16 TDI (FFFF);
RUNTEST 10 TCK;
SDR 16 TDI (FFFF);
RUNTEST 10 TCK;
SDR 16 TDI (FFFF);
RUNTEST 10 TCK;
SDR 16 TDI (FFFF);
RUNTEST 10 TCK;
SDR 16 TDI (FFFF);
RUNTEST 10 TCK;
SDR 16 TDI (FFFF);
RUNTEST 10 TCK;
SDR 16 TDI (FFFF);
RUNTEST 10 TCK;
SDR 16 TDI (FFFF);
RUNTEST 10 TCK;
SDR 16 TDI (FFFF);
RUNTEST 10 TCK;
SDR 16 TDI (FFFF);
RUNTEST 10 TCK;
SDR 16 TDI (FFFF);
RUNTEST 10 TCK;
SDR 16 TDI (FFFF);
RUNTEST 10 TCK;
SDR 16 TDI (FFFF);
RUNTEST 10 TCK;
SDR 16 TDI (FFFF);
RUNTEST 10 TCK;
SDR 16 TDI (FFFF);
RUNTEST 10 TCK;
SDR 16 TDI (FFFF);
RUNTEST 10 TCK;
SDR 16 TDI (FFFF);
RUNTEST 10 TCK;
SDR 16 TDI (FFFF);
RUNTEST 10 TCK;
SDR 16 TDI (FFFF);
RUNTEST 10 TCK;
SDR 16 TDI (FFFF);
RUNTEST 10 TCK;
SDR 16 TDI (FFFF);
RUNTEST 10 TCK;
SDR 16 TDI (FFFF);
RUNTEST 10 TCK;
SDR 16 TDI (FFFF);
RUNTEST 10 TCK;
SDR 16 TDI (FFFF);
RUNTEST 10 TCK;
SDR 16 TDI (FFFF);
RUNTEST 10 TCK;
SDR 16 TDI (FFFF);
RUNTEST 10 TCK;
SDR 16 TDI (FFFF);
RUNTEST 10 TCK;
SDR 16 TDI (FFFF);
RUNTEST 10 TCK;
SDR 16 TDI (FFFF);
RUNTEST 10 TCK;
SDR 16 TDI (FFFF);
RUNTEST 10 TCK;
SDR 16 TDI (FFFF);
RUNTEST 10 TCK;
SDR 16 TDI (FFFF);
RUNTEST 10 TCK;
SDR 16 TDI (FFFF);
RUNTEST 10 TCK;
SDR 16 TDI (FFFF);
RUNTEST 10 TCK;
SDR 16 TDI (FFFF);
RUNTEST 10 TCK;
SDR 16 TDI (FFFF);
RUNTEST 10 TCK;
SDR 16 TDI (FFFF);
RUNTEST 10 TCK;
SDR 16 TDI (FFFF);
RUNTEST 10 TCK;
SDR 16 TDI (FFFF);
RUNTEST 10 TCK;
SDR 16 TDI (FFFF);
RUNTEST 10 TCK;
SDR 16 TDI (FFFF);
RUNTEST 10 TCK;
SDR 16 TDI (FFFF);
RUNTEST 10 TCK;
SDR 16 TDI (FFFF);
RUNTEST 10 TCK;
SDR 16 TDI (FFFF);
RUNTEST 10 TCK;
SDR 16 TDI (FFFF);
RUNTEST 10 TCK;
SDR 16 TDI (FFFF);
RUNTEST 10 TCK;
SDR 16 TDI (FFFF);
RUNTEST 10 TCK;
SDR 16 TDI (FFFF);
RUNTEST 10 TCK;
SDR 16 TDI (FFFF);
RUNTEST 10 TCK;
SDR 16 TDI (FFFF);
RUNTEST 10 TCK;
SDR 16 TDI (FFFF);
RUNTEST 10 TCK;
SDR 16 TDI (FFFF);
RUNTEST 10 TCK;
SDR 16 TDI (FFFF);
RUNTEST 10 TCK;
SDR 16 TDI (FFFF);
RUNTEST 10 TCK;
SDR 16 TDI (FFFF);
RUNTEST 10 TCK;
SDR 16 TDI (FFFF);
RUNTEST 10 TCK;
SDR 16 TDI (FFFF);
RUNTEST 10 TCK;
SDR 16 TDI (FFFF);
RUNTEST 10 TCK;
SDR 16 TDI (FFFF);
RUNTEST 10 TCK;
SDR 16 TDI (FFFF);
RUNTEST 10 TCK;
SDR 16 TDI (FFFF);
RUNTEST 10 TCK;
SDR 16 TDI (FFFF);
RUNTEST 10 TCK;
SDR 16 TDI (FFFF);
RUNTEST 10 TCK;
SDR 16 TDI (FFFF);
RUNTEST 10 TCK;
SDR 16 TDI (FFFF);
RUNTEST 10 TCK;
SDR 16 TDI (FFFF);
RUNTEST 10 TCK;
SDR 16 TDI (FFFF);
RUNTEST 10 TCK;
SDR 16 TDI (FFFF);
RUNTEST 10 TCK;
SDR 16 TDI (FFFF);
RUNTEST 10 TCK;
SDR 16 TDI (FFFF);
RUNTEST 10 TCK;
SDR 16 TDI (FFFF);
RUNTEST 10 TCK;
SDR 16 TDI (FFFF);
RUNTEST 10 TCK;
SDR 16 TDI (FFFF);
RUNTEST 10 TCK;
SDR 16 TDI (FFFF);
RUNTEST 10 TCK;
SDR 16 TDI (FFFF);
RUNTEST 10 TCK;
SDR 16 TDI (FFFF);
RUNTEST 10 TCK;
SDR 16 TDI (FFFF);
RUNTEST 10 TCK;
SDR 16 TDI (FFFF);
RUNTEST 10 TCK;
SDR 16 TDI (FFFF);
RUNTEST 10 TCK;
SDR 16 TDI (FFFF);
RUNTEST 10 TCK;
SDR 16 TDI (FFFF);
RUNTEST 10 TCK;
SDR 16 TDI (FFFF);
RUNTEST 10 TCK;
SDR 16 TDI (FFFF);
RUNTEST 10 TCK;
SDR 16 TDI (FFFF);
RUNTEST 10 TCK;
SDR 16 TDI (FFFF);
RUNTEST 10 TCK;
SDR 16 TDI (FFFF);
RUNTEST 10 TCK;
SDR 16 TDI (FFFF);
RUNTEST 10 TCK;
SDR 16 TDI (FFFF);
RUNTEST 10 TCK;
SDR 16 TDI (FFFF);
RUNTEST 10 TCK;
SDR 16 TDI (FFFF);
RUNTEST 10 TCK;
SDR 16 TDI (FFFF);
RUNTEST 10 TCK;
SDR 16 TDI (FFFF);
RUNTEST 10 TCK;
SDR 16 TDI (FFFF);
RUNTEST 10 TCK;
SDR 16 TDI (FFFF);
RUNTEST 10 TCK;
SDR 16 TDI (FFFF);
RUNTEST 10 TCK;
SDR 16 TDI (FFFF);
RUNTEST 10 TCK;
SDR 16 TDI (FFFF);
RUNTEST 10 TCK;
SDR 16 TDI (FFFF);
RUNTEST 10 TCK;
SDR 16 TDI (FFFF);
RUNTEST 10 TCK;
SDR 16 TDI (FFFF);
RUNTEST 10 TCK;
SDR 16 TDI (FFFF);
RUNTEST 10 TCK;
SDR 16 TDI (FFFF);
RUNTEST 10 TCK;
SDR 16 TDI (FFFF);
RUNTEST 10 TCK;
SDR 16 TDI (FFFF);
RUNTEST 10 TCK;
SDR 16 TDI (FFFF);
RUNTEST 10 TCK;
SDR 16 TDI (FFFF);
RUNTEST 10 TCK;
SDR 16 TDI (FFFF);
RUNTEST 10 TCK;
SDR 16 TDI (FFFF);
RUNTEST 10 TCK;
SDR 16 TDI (FFFF);
RUNTEST 10 TCK;
SDR 16 TDI (FFFF);
RUNTEST 10 TCK;
SDR 16 TDI (FFFF);
RUNTEST 10 TCK;
SDR 16 TDI (FFFF);
RUNTEST 10 TCK;
SDR 16 TDI (FFFF);
RUNTEST 10 TCK;
SDR 16 TDI (FFFF);
RUNTEST 10 TCK;
SDR 16 TDI (FFFF);
RUNTEST 10 TCK;
SDR 16 TDI (FFFF);
RUNTEST 10 TCK;
SDR 16 TDI (FFFF);
RUNTEST 10 TCK;
SDR 16 TDI (FFFF);
RUNTEST 10 TCK;
SDR 16 TDI (FFFF);
RUNTEST 10 TCK;
SDR 16 TDI (FFFF);
RUNTEST 10 TCK;
SDR 16 TDI (FFFF);
RUNTEST 10 TCK;
SDR 16 TDI (FFFF);
RUNTEST 10 TCK;
SDR 16 TDI (FFFF);
RUNTEST 10 TCK;
SDR 16 TDI (FFFF);
RUNTEST 10 TCK;
SDR 16 TDI (FFFF);
RUNTEST 10 TCK;
SDR 16 TDI (FFFF);
RUNTEST 10 TCK;
SDR 16 TDI (FFFF);
RUNTEST 10 TCK;
SDR 16 TDI (FFFF);
RUNTEST 10 TCK;
SDR 16 TDI (FFFF);
RUNTEST 10 TCK;
SDR 16 TDI (FFFF);
RUNTEST 10 TCK;
SDR 16 TDI (FFFF);
RUNTEST 10 TCK;
SDR 16 TDI (FFFF);
RUNTEST 10 TCK;
SDR 16 TDI (FFFF);
RUNTEST 10 TCK;
SDR 16 TDI (FFFF);
RUNTEST 10 TCK;
SDR 16 TDI (FFFF);
RUNTEST 10 TCK;
SDR 16 TDI (FFFF);
RUNTEST 10 TCK;
SDR 16 TDI (FFFF);
RUNTEST 10 TCK;
SDR 16 TDI (FFFF);
RUNTEST 10 TCK;
SDR 16 TDI (FFFF);
RUNTEST 10 TCK;
SDR 16 TDI (FFFF);
RUNTEST 10 TCK;
SDR 16 TDI (FFFF);
RUNTEST 10 TCK;
SDR 16 TDI (FFFF);
RUNTEST 10 TCK;
SDR 16 TDI (FFFF);
RUNTEST 10 TCK;
SDR 16 TDI (FFFF);
RUNTEST 10 TCK;
SDR 16 TDI (FFFF);
RUNTEST 10 TCK;
SDR 16 TDI (FFFF);
RUNTEST 10 TCK;
SDR 16 TDI (FFFF);
RUNTEST 10 TCK;
SDR 16 TDI (FFFF);
RUNTEST 10 TCK;
SDR 16 TDI (FFFF);
RUNTEST 10 TCK;
SDR 16 TDI (FFFF);
RUNTEST 10 TCK;
SDR 16 TDI (FFFF);
RUNTEST 10 TCK;
SDR 16 TDI (FFFF);
RUNTEST 10 TCK;
SDR 16 TDI (FFFF);
RUNTEST 10 TCK;
SDR 16 TDI (FFFF);
RUNTEST 10 TCK;
SDR 16 TDI (FFFF);
RUNTEST 10 TCK;
SDR 16 TDI (FFFF);
RUNTEST 10 TCK;
SDR 16 TDI (FFFF);
RUNTEST 10 TCK;
SDR 16 TDI (FFFF);
RUNTEST 10 TCK;
SDR 16 TDI (FFFF);
RUNTEST 10 TCK;
SDR 16 TDI (FFFF);
RUNTEST 10 TCK;
SDR 16 TDI (FFFF);
RUNTEST 10 TCK;
SDR 16 TDI (FFFF);
RUNTEST 10 TCK;
SDR 16 TDI (FFFF);
RUNTEST 10 TCK;
SDR 16 TDI (FFFF);
RUNTEST 10 TCK;
SDR 16 TDI (FFFF);
RUNTEST 10 TCK;
SDR 16 TDI (FFFF);
RUNTEST 10 TCK;
SDR 16 TDI (FFFF);
RUNTEST 10 TCK;
SDR 16 TDI (FFFF);
RUNTEST 10 TCK;
SDR 16 TDI (FFFF);
RUNTEST 10 TCK;
SDR 16 TDI (FFFF);
RUNTEST 10 TCK;
SDR 16 TDI (FFFF);
RUNTEST 10 TCK;
SDR 16 TDI (FFFF);
RUNTEST 10 TCK;
SDR 16 TDI (FFFF);
RUNTEST 10 TCK;
SDR 16 TDI (FFFF);
RUNTEST 10 TCK;
SDR 16 TDI (FFFF);
RUNTEST 10 TCK;
SDR 16 TDI (FFFF);
RUNTEST 10 TCK;
SDR 16 TDI (FFFF);
RUNTEST 10 TCK;
SDR 16 TDI (FFFF);
RUNTEST 10 TCK;
SDR 16 TDI (FFFF);
RUNTEST 10 TCK;
SDR 16 TDI (FFFF);
RUNTEST 10 TCK;
SDR 16 TDI (FFFF);
RUNTEST 10 TCK;
SDR 16 TDI (FFFF);
RUNTEST 10 TCK;
SDR 16 TDI (FFFF);
RUNTEST 10 TCK;
SDR 16 TDI (FFFF);
RUNTEST 10 TCK;
SDR 16 TDI (FFFF);
RUNTEST 10 TCK;
SDR 16 TDI (FFFF);
RUNTEST 10 TCK;
SDR 16 TDI (FFFF);
RUNTEST 10 TCK;
SDR 16 TDI (FFFF);
RUNTEST 10 TCK;
SDR 16 TDI (FFFF);
RUNTEST 10 TCK;
SDR 16 TDI (FFFF);
RUNTEST 10 TCK;
SDR 16 TDI (FFFF);
RUNTEST 10 TCK;
SDR 16 TDI (FFFF);
RUNTEST 10 TCK;
SDR 16 TDI (FFFF);
RUNTEST 10 TCK;
SDR 16 TDI (FFFF);
RUNTEST 10 TCK;
SDR 16 TDI (FFFF);
RUNTEST 10 TCK;
SDR 16 TDI (FFFF);
RUNTEST 10 TCK;
SDR 16 TDI (FFFF);
RUNTEST 10 TCK;
SDR 16 TDI (FFFF);
RUNTEST 10 TCK;
SDR 16 TDI (FFFF);
RUNTEST 10 TCK;
SDR 16 TDI (FFFF);
RUNTEST 10 TCK;
SDR 16 TDI (FFFF);
RUNTEST 10 TCK;
SDR 16 TDI (FFFF);
RUNTEST 10 TCK;
SDR 16 TDI (FFFF);
RUNTEST 10 TCK;
SDR 16 TDI (FFFF);
RUNTEST 10 TCK;
SDR 16 TDI (FFFF);
RUNTEST 10 TCK;
SDR 16 TDI (FFFF);
RUNTEST 10 TCK;
SDR 16 TDI (FFFF);
RUNTEST 10 TCK;
SDR 16 TDI (FFFF);
RUNTEST 10 TCK;
SDR 16 TDI (FFFF);
RUNTEST 10 TCK;
SDR 16 TDI (FFFF);
RUNTEST 10 TCK;
SDR 16 TDI (FFFF);
RUNTEST 10 TCK;
SDR 16 TDI (FFFF);
RUNTEST 10 TCK;
SDR 16 TDI (FFFF);
RUNTEST 10 TCK;
SDR 16 TDI (FFFF);
RUNTEST 10 TCK;
SDR 16 TDI (FFFF);
RUNTEST 10 TCK;
SDR 16 TDI (FFFF);
RUNTEST 10 TCK;
SDR 16 TDI (FFFF);
RUNTEST 10 TCK;
SDR 16 TDI (FFFF);
RUNTEST 10 TCK;
SDR 16 TDI (FFFF);
RUNTEST 10 TCK;
SDR 16 TDI (FFFF);
RUNTEST 10 TCK;
SDR 16 TDI (FFFF);
RUNTEST 10 TCK;
SDR 16 TDI (FFFF);
RUNTEST 10 TCK;
SDR 16 TDI (FFFF);
RUNTEST 10 TCK;
SDR 16 TDI (FFFF);
RUNTEST 10 TCK;
SDR 16 TDI (FFFF);
RUNTEST 10 TCK;
SDR 16 TDI (FFFF);
RUNTEST 10 TCK;
SDR 16 TDI (FFFF);
RUNTEST 10 TCK;
SDR 16 TDI (FFFF);
RUNTEST 10 TCK;
SDR 16 TDI (FFFF);
RUNTEST 10 TCK;
SDR 16 TDI (FFFF);
RUNTEST 10 TCK;
SDR 16 TDI (FFFF);
RUNTEST 10 TCK;
SDR 16 TDI (FFFF);
RUNTEST 10 TCK;
SDR 16 TDI (FFFF);
RUNTEST 10 TCK;
SDR 16 TDI (FFFF);
RUNTEST 10 TCK;
SDR 16 TDI (FFFF);
RUNTEST 10 TCK;
SDR 16 TDI (FFFF);
RUNTEST 10 TCK;
SDR 16 TDI (FFFF);
RUNTEST 10 TCK;
SDR 16 TDI (FFFF);
RUNTEST 10 TCK;
SDR 16 TDI (FFFF);
RUNTEST 10 TCK;
SDR 16 TDI (FFFF);
RUNTEST 10 TCK;
SDR 16 TDI (FFFF);
RUNTEST 10 TCK;
SDR 16 TDI (FFFF);
RUNTEST 10 TCK;
SDR 16 TDI (FFFF);
RUNTEST 10 TCK;
SDR 16 TDI (FFFF);
RUNTEST 10 TCK;
SDR 16 TDI (FFFF);
RUNTEST 10 TCK;
SDR 16 TDI (FFFF);
RUNTEST 10 TCK;
SDR 16 TDI (FFFF);
RUNTEST 10 TCK;
SDR 16 TDI (FFFF);
RUNTEST 10 TCK;
SDR 16 TDI (FFFF);
RUNTEST 10 TCK;
SDR 16 TDI (FFFF);
RUNTEST 10 TCK;
SDR 16 TDI (FFFF);
RUNTEST 10 TCK;
SDR 16 TDI (FFFF);
RUNTEST 10 TCK;
SDR 16 TDI (FFFF);
RUNTEST 10 TCK;
SDR 16 TDI (FFFF);
RUNTEST 10 TCK;
SDR 16 TDI (FFFF);
RUNTEST 10 TCK;
SDR 16 TDI (FFFF);
RUNTEST 10 TCK;
SDR 16 TDI (FFFF);
RUNTEST 10 TCK;
SDR 16 TDI (FFFF);
RUNTEST 10 TCK;
SDR 16 TDI (FFFF);
RUNTEST 10 TCK;
SDR 16 TDI (FFFF);
RUNTEST 10 TCK;
SDR 16 TDI (FFFF);
RUNTEST 10 TCK;
SDR 16 TDI (FFFF);
RUNTEST 10 TCK;
SDR 16 TDI (FFFF);
RUNTEST 10 TCK;
SDR 16 TDI (FFFF);
RUNTEST 10 TCK;
SDR 16 TDI (FFFF);
RUNTEST 10 TCK;
SDR 16 TDI (FFFF);
RUNTEST 10 TCK;
SDR 16 TDI (FFFF);
RUNTEST 10 TCK;
SDR 16 TDI (FFFF);
RUNTEST 10 TCK;
SDR 16 TDI (FFFF);
RUNTEST 10 TCK;
SDR 16 TDI (FFFF);
RUNTEST 10 TCK;
SDR 16 TDI (FFFF);
RUNTEST 10 TCK;
SDR 16 TDI (FFFF);
RUNTEST 10 TCK;
SDR 16 TDI (FFFF);
RUNTEST 10 TCK;
SDR 16 TDI (FFFF);
RUNTEST 10 TCK;
SDR 16 TDI (FFFF);
RUNTEST 10 TCK;
SDR 16 TDI (FFFF);
RUNTEST 10 TCK;
SDR 16 TDI (FFFF);
RUNTEST 10 TCK;
SDR 16 TDI (FFFF);
RUNTEST 10 TCK;
SDR 16 TDI (FFFF);
RUNTEST 10 TCK;
SDR 16 TDI (FFFF);
RUNTEST 10 TCK;
SDR 16 TDI (FFFF);
RUNTEST 10 TCK;
SDR 16 TDI (FFFF);
RUNTEST 10 TCK;
SDR 16 TDI (FFFF);
RUNTEST 10 TCK;
SDR 16 TDI (FFFF);
RUNTEST 10 TCK;
SDR 16 TDI (FFFF);
RUNTEST 10 TCK;
SDR 16 TDI (FFFF);
RUNTEST 10 TCK;
SDR 16 TDI (FFFF);
RUNTEST 10 TCK;
SDR 16 TDI (FFFF);
RUNTEST 10 TCK;
SDR 16 TDI (FFFF);
RUNTEST 10 TCK;
SDR 16 TDI (FFFF);
RUNTEST 10 TCK;
SDR 16 TDI (FFFF);
RUNTEST 10 TCK;
SDR 16 TDI (FFFF);
RUNTEST 10 TCK;
SDR 16 TDI (FFFF);
RUNTEST 10 TCK;
SDR 16 TDI (FFFF);
RUNTEST 10 TCK;
SDR 16 TDI (FFFF);
RUNTEST 10 TCK;
SDR 16 TDI (FFFF);
RUNTEST 10 TCK;
SDR 16 TDI (FFFF);
RUNTEST 10 TCK;
SDR 16 TDI (FFFF);
RUNTEST 10 TCK;
SDR 16 TDI (FFFF);
RUNTEST 10 TCK;
SDR 16 TDI (FFFF);
RUNTEST 10 TCK;
SDR 16 TDI (FFFF);
RUNTEST 10 TCK;
SDR 16 TDI (FFFF);
RUNTEST 10 TCK;
SDR 16 TDI (FFFF);
RUNTEST 10 TCK;
SDR 16 TDI (FFFF);
RUNTEST 10 TCK;
SDR 16 TDI (FFFF);
RUNTEST 10 TCK;
SDR 16 TDI (FFFF);
RUNTEST 10 TCK;
SDR 16 TDI (FFFF);
RUNTEST 10 TCK;
SDR 16 TDI (FFFF);
RUNTEST 10 TCK;
SDR 16 TDI (FFFF);
RUNTEST 10 TCK;
SDR 16 TDI (FFFF);
RUNTEST 10 TCK;
SDR 16 TDI (FFFF);
RUNTEST 10 TCK;
SDR 16 TDI (FFFF);
RUNTEST 10 TCK;
SDR 16 TDI (FFFF);
RUNTEST 10 TCK;
SDR 16 TDI (FFFF);
RUNTEST 10 TCK;
SDR 16 TDI (FFFF);
RUNTEST 10 TCK;
SDR 16 TDI (FFFF);
RUNTEST 10 TCK;
SDR 16 TDI (FFFF);
RUNTEST 10 TCK;
SDR 16 TDI (FFFF);
RUNTEST 10 TCK;
SDR 16 TDI (FFFF);
RUNTEST 10 TCK;
SDR 16 TDI (FFFF);
RUNTEST 10 TCK;
SDR 16 TDI (FFFF);
RUNTEST 10 TCK;
SDR 16 TDI (FFFF);
RUNTEST 10 TCK;
SDR 16 TDI (FFFF);
RUNTEST 10 TCK;
SDR 16 TDI (FFFF);
RUNTEST 10 TCK;
SDR 16 TDI (FFFF);
RUNTEST 10 TCK;
SDR 16 TDI (FFFF);
RUNTEST 10 TCK;
SDR 16 TDI (FFFF);
RUNTEST 10 TCK;
SDR 16 TDI (FFFF);
RUNTEST 10 TCK;
SDR 16 TDI (FFFF);
RUNTEST 10 TCK;
SDR 16 TDI (FFFF);
RUNTEST 10 TCK;
SDR 16 TDI (FFFF);
RUNTEST 10 TCK;
SDR 16 TDI (FFFF);
RUNTEST 10 TCK;
SDR 16 TDI (FFFF);
RUNTEST 10 TCK;
SDR 16 TDI (FFFF);
RUNTEST 10 TCK;
SDR 16 TDI (FFFF);
RUNTEST 10 TCK;
SDR 16 TDI (FFFF);
RUNTEST 10 TCK;
SDR 16 TDI (FFFF);
RUNTEST 10 TCK;
SDR 16 TDI (FFFF);
RUNTEST 10 TCK;
SDR 16 TDI (FFFF);
RUNTEST 10 TCK;
SDR 16 TDI (FFFF);
RUNTEST 10 TCK;
SDR 16 TDI (FFFF);
RUNTEST 10 TCK;
SDR 16 TDI (FFFF);
RUNTEST 10 TCK;
SDR 16 TDI (FFFF);
RUNTEST 10 TCK;
SDR 16 TDI (FFFF);
RUNTEST 10 TCK;
SDR 16 TDI (FFFF);
RUNTEST 10 TCK;
SDR 16 TDI (FFFF);
RUNTEST 10 TCK;
SDR 16 TDI (FFFF);
RUNTEST 10 TCK;
SDR 16 TDI (FFFF);
RUNTEST 10 TCK;
SDR 16 TDI (FFFF);
RUNTEST 10 TCK;
SDR 16 TDI (FFFF);
RUNTEST 10 TCK;
SDR 16 TDI (FFFF);
RUNTEST 10 TCK;
SDR 16 TDI (FFFF);
RUNTEST 10 TCK;
SDR 16 TDI (FFFF);
RUNTEST 10 TCK;
SDR 16 TDI (FFFF);
RUNTEST 10 TCK;
SDR 16 TDI (FFFF);
RUNTEST 10 TCK;
SDR 16 TDI (FFFF);
RUNTEST 10 TCK;
SDR 16 TDI (FFFF);
RUNTEST 10 TCK;
SDR 16 TDI (FFFF);
RUNTEST 10 TCK;
SDR 16 TDI (FFFF);
RUNTEST 10 TCK;
SDR 16 TDI (FFFF);
RUNTEST 10 TCK;
SDR 16 TDI (FFFF);
RUNTEST 10 TCK;
SDR 16 TDI (FFFF);
RUNTEST 10 TCK;
SDR 16 TDI (FFFF);
RUNTEST 10 TCK;
SDR 16 TDI (FFFF);
RUNTEST 10 TCK;
SDR 16 TDI (FFFF);
RUNTEST 10 TCK;
SDR 16 TDI (FFFF);
RUNTEST 10 TCK;
SDR 16 TDI (FFFF);
RUNTEST 10 TCK;
SDR 16 TDI (FFFF);
RUNTEST 10 TCK;
SDR 16 TDI (FFFF);
RUNTEST 10 TCK;
SDR 16 TDI (FFFF);
RUNTEST 10 TCK;
SDR 16 TDI (FFFF);
RUNTEST 10 TCK;
SDR 16 TDI (FFFF);
RUNTEST 10 TCK;
SDR 16 TDI (FFFF);
RUNTEST 10 TCK;
SDR 16 TDI (FFFF);
RUNTEST 10 TCK;
SDR 16 TDI (FFFF);
RUNTEST 10 TCK;
SDR 16 TDI (FFFF);
RUNTEST 10 TCK;
SDR 16 TDI (FFFF);
RUNTEST 10 TCK;
SDR 16 TDI (FFFF);
RUNTEST 10 TCK;
SDR 16 TDI (FFFF);
RUNTEST 10 TCK;
SDR 16 TDI (FFFF);
RUNTEST 10 TCK;
SDR 16 TDI (FFFF);
RUNTEST 10 TCK;
SDR 16 TDI (FFFF);
RUNTEST 10 TCK;
SDR 16 TDI (FFFF);
RUNTEST 10 TCK;
SDR 16 TDI (FFFF);
RUNTEST 10 TCK;
SDR 16 TDI (FFFF);
RUNTEST 10 TCK;
SDR 16 TDI (FFFF);
RUNTEST 10 TCK;
SDR 16 TDI (FFFF);
RUNTEST 10 TCK;
SDR 16 TDI (FFFF);
RUNTEST 10 TCK;
SDR 16 TDI (FFFF);
RUNTEST 10 TCK;
SDR 16 TDI (FFFF);
RUNTEST 10 TCK;
!
!
!
!VERIFY
!
!
!
SIR 10 TDI (203);
RUNTEST 4 TCK;
SDR 13 TDI (0000);
SIR 10 TDI (205);
RUNTEST 4 TCK;
SDR 16 TDI (FFFF) TDO (7FFF) MASK (FFFF);
SDR 16 TDI (FFFF) TDO (FFFF);
SDR 16 TDI (FFFF) TDO (BFFF);
SDR 16 TDI (FFFF) TDO (FFFF);
SDR 16 TDI (FFFF) TDO (7FFF);
SDR 16 TDI (FFFF) TDO (FFFF);
SDR 16 TDI (FFFF) TDO (BFFF);
SDR 16 TDI (FFFF) TDO (FFFF);
SDR 16 TDI (FFFF) TDO (7FFF);
SDR 16 TDI (FFFF) TDO (FFFF);
SDR 16 TDI (FFFF) TDO (BFFF);
SDR 16 TDI (FFFF) TDO (FFFF);
SDR 16 TDI (FFFF) TDO (7FFF);
SDR 16 TDI (FFFF) TDO (FFFF);
SDR 16 TDI (FFFF) TDO (BFFF);
SDR 16 TDI (FFFF) TDO (FFFF);
SDR 16 TDI (FFFF) TDO (7FFF);
SDR 16 TDI (FFFF) TDO (FFFF);
SDR 16 TDI (FFFF) TDO (BFF7);
SDR 16 TDI (FFFF) TDO (FFFF);
SDR 16 TDI (FFFF) TDO (7FFF);
SDR 16 TDI (FFFF) TDO (FFFF);
SDR 16 TDI (FFFF) TDO (BFFF);
SDR 16 TDI (FFFF) TDO (FFFF);
SDR 16 TDI (FFFF) TDO (7FFF);
SDR 16 TDI (FFFF) TDO (FFFF);
SDR 16 TDI (FFFF) TDO (BFFF);
SDR 16 TDI (FFFF) TDO (FFFF);
SDR 16 TDI (FFFF) TDO (7FFF);
SDR 16 TDI (FFFF) TDO (FFFF);
SDR 16 TDI (FFFF) TDO (BFFF);
SDR 16 TDI (FFFF) TDO (FFFF);
SDR 16 TDI (FFFF) TDO (77FF);
SDR 16 TDI (FFFF) TDO (FFFF);
SDR 16 TDI (FFFF) TDO (BFFF);
SDR 16 TDI (FFFF) TDO (CEEE);
SDR 16 TDI (FFFF) TDO (7FFB);
SDR 16 TDI (FFFF) TDO (FF7F);
SDR 16 TDI (FFFF) TDO (BFEE);
SDR 16 TDI (FFFF) TDO (EFF9);
SDR 16 TDI (FFFF) TDO (733F);
SDR 16 TDI (FFFF) TDO (FF5F);
SDR 16 TDI (FFFF) TDO (B77F);
SDR 16 TDI (FFFF) TDO (ECCF);
SDR 16 TDI (FFFF) TDO (7FF3);
SDR 16 TDI (FFFF) TDO (77BF);
SDR 16 TDI (FFFF) TDO (BECC);
SDR 16 TDI (FFFF) TDO (CFFF);
SDR 16 TDI (FFFF) TDO (7FFF);
SDR 16 TDI (FFFF) TDO (FFFF);
SDR 16 TDI (FFFF) TDO (BFFF);
SDR 16 TDI (FFFF) TDO (FDDD);
SDR 16 TDI (FFFF) TDO (7FFD);
SDR 16 TDI (FFFF) TDO (FFFF);
SDR 16 TDI (FFFF) TDO (BFDD);
SDR 16 TDI (FFFF) TDO (DFFF);
SDR 16 TDI (FFFF) TDO (7F7F);
SDR 16 TDI (FFFF) TDO (FBF9);
SDR 16 TDI (FFFF) TDO (B77F);
SDR 16 TDI (FFFF) TDO (EFFF);
SDR 16 TDI (FFFF) TDO (7FFF);
SDR 16 TDI (FFFF) TDO (EE7F);
SDR 16 TDI (FFFF) TDO (BF7F);
SDR 16 TDI (FFFF) TDO (FFFF);
SDR 16 TDI (FFFF) TDO (7FFF);
SDR 16 TDI (FFFF) TDO (FFFF);
SDR 16 TDI (FFFF) TDO (BFFF);
SDR 16 TDI (FFFF) TDO (BFFF);
SDR 16 TDI (FFFF) TDO (7FFF);
SDR 16 TDI (FFFF) TDO (FFFF);
SDR 16 TDI (FFFF) TDO (BFFF);
SDR 16 TDI (FFFF) TDO (FFFF);
SDR 16 TDI (FFFF) TDO (7FFF);
SDR 16 TDI (FFFF) TDO (EEFF);
SDR 16 TDI (FFFF) TDO (BFF7);
SDR 16 TDI (FFFF) TDO (FFFF);
SDR 16 TDI (FFFF) TDO (7FFF);
SDR 16 TDI (FFFF) TDO (BFFF);
SDR 16 TDI (FFFF) TDO (BFFF);
SDR 16 TDI (FFFF) TDO (FFFE);
SDR 16 TDI (FFFF) TDO (7FFF);
SDR 16 TDI (FFFF) TDO (FFFF);
SDR 16 TDI (FFFF) TDO (BFFF);
SDR 16 TDI (FFFF) TDO (FEEE);
SDR 16 TDI (FFFF) TDO (7FFB);
SDR 16 TDI (FFFF) TDO (FFFB);
SDR 16 TDI (FFFF) TDO (BFEE);
SDR 16 TDI (FFFF) TDO (EFFF);
SDR 16 TDI (FFFF) TDO (7FFF);
SDR 16 TDI (FFFF) TDO (EFFD);
SDR 16 TDI (FFFF) TDO (B77F);
SDR 16 TDI (FFFF) TDO (EFFF);
SDR 16 TDI (FFFF) TDO (77FF);
SDR 16 TDI (FFFF) TDO (F7FF);
SDR 16 TDI (FFFF) TDO (BFFF);
SDR 16 TDI (FFFF) TDO (FFFF);
SDR 16 TDI (FFFF) TDO (6FFF);
SDR 16 TDI (FFFF) TDO (FFFF);
SDR 16 TDI (FFFF) TDO (BFFF);
SDR 16 TDI (FFFF) TDO (FFFF);
SDR 16 TDI (FFFF) TDO (7FFF);
SDR 16 TDI (FFFF) TDO (FFFF);
SDR 16 TDI (FFFF) TDO (BFFF);
SDR 16 TDI (FFFF) TDO (FFFF);
SDR 16 TDI (FFFF) TDO (7F7F);
SDR 16 TDI (FFFF) TDO (EFF7);
SDR 16 TDI (FFFF) TDO (BFFF);
SDR 16 TDI (FFFF) TDO (FFFF);
SDR 16 TDI (FFFF) TDO (7FFF);
SDR 16 TDI (FFFF) TDO (EE7F);
SDR 16 TDI (FFFF) TDO (BF7F);
SDR 16 TDI (FFFF) TDO (FFFF);
SDR 16 TDI (FFFF) TDO (7FFF);
SDR 16 TDI (FFFF) TDO (FFFF);
SDR 16 TDI (FFFF) TDO (BFFF);
SDR 16 TDI (FFFF) TDO (FFFF);
SDR 16 TDI (FFFF) TDO (7FFF);
SDR 16 TDI (FFFF) TDO (FFEF);
SDR 16 TDI (FFFF) TDO (BFFF);
SDR 16 TDI (FFFF) TDO (FFF7);
SDR 16 TDI (FFFF) TDO (7FFF);
SDR 16 TDI (FFFF) TDO (EFFF);
SDR 16 TDI (FFFF) TDO (BFFF);
SDR 16 TDI (FFFF) TDO (FFFD);
SDR 16 TDI (FFFF) TDO (7FFF);
SDR 16 TDI (FFFF) TDO (DFBF);
SDR 16 TDI (FFFF) TDO (BFFF);
SDR 16 TDI (FFFF) TDO (7FFE);
SDR 16 TDI (FFFF) TDO (7FFF);
SDR 16 TDI (FFFF) TDO (FFFF);
SDR 16 TDI (FFFF) TDO (BFFF);
SDR 16 TDI (FFFF) TDO (FFFF);
SDR 16 TDI (FFFF) TDO (7FFF);
SDR 16 TDI (FFFF) TDO (FFFF);
SDR 16 TDI (FFFF) TDO (BFFF);
SDR 16 TDI (FFFF) TDO (FFFF);
SDR 16 TDI (FFFF) TDO (7FFF);
SDR 16 TDI (FFFF) TDO (6FFF);
SDR 16 TDI (FFFF) TDO (BFFF);
SDR 16 TDI (FFFF) TDO (FF7F);
SDR 16 TDI (FFFF) TDO (7FFF);
SDR 16 TDI (FFFF) TDO (FFFF);
SDR 16 TDI (FFFF) TDO (BFFF);
SDR 16 TDI (FFFF) TDO (FFFE);
SDR 16 TDI (FFFF) TDO (7FFF);
SDR 16 TDI (FFFF) TDO (FFFF);
SDR 16 TDI (FFFF) TDO (BFFF);
SDR 16 TDI (FFFF) TDO (FFFF);
SDR 16 TDI (FFFF) TDO (7FFF);
SDR 16 TDI (FFFF) TDO (FFFF);
SDR 16 TDI (FFFF) TDO (BFFF);
SDR 16 TDI (FFFF) TDO (FFFF);
SDR 16 TDI (FFFF) TDO (7FFE);
SDR 16 TDI (FFFF) TDO (EFFF);
SDR 16 TDI (FFFF) TDO (BFFF);
SDR 16 TDI (FFFF) TDO (FEFD);
SDR 16 TDI (FFFF) TDO (7FFF);
SDR 16 TDI (FFFF) TDO (FFFF);
SDR 16 TDI (FFFF) TDO (BFFE);
SDR 16 TDI (FFFF) TDO (FFFE);
SDR 16 TDI (FFFF) TDO (7FFF);
SDR 16 TDI (FFFF) TDO (FFFF);
SDR 16 TDI (FFFF) TDO (BFFF);
SDR 16 TDI (FFFF) TDO (FFFF);
SDR 16 TDI (FFFF) TDO (7FFF);
SDR 16 TDI (FFFF) TDO (FFF7);
SDR 16 TDI (FFFF) TDO (BFFF);
SDR 16 TDI (FFFF) TDO (FFF7);
SDR 16 TDI (FFFF) TDO (7FFF);
SDR 16 TDI (FFFF) TDO (FFFF);
SDR 16 TDI (FFFF) TDO (BFFF);
SDR 16 TDI (FFFF) TDO (FFFF);
SDR 16 TDI (FFFF) TDO (7FFF);
SDR 16 TDI (FFFF) TDO (DF7F);
SDR 16 TDI (FFFF) TDO (BFFF);
SDR 16 TDI (FFFF) TDO (FFFE);
SDR 16 TDI (FFFF) TDO (6FFF);
SDR 16 TDI (FFFF) TDO (FFFF);
SDR 16 TDI (FFFF) TDO (BFFF);
SDR 16 TDI (FFFF) TDO (FFFF);
SDR 16 TDI (FFFF) TDO (7FFF);
SDR 16 TDI (FFFF) TDO (FFFF);
SDR 16 TDI (FFFF) TDO (BFFF);
SDR 16 TDI (FFFF) TDO (FFFF);
SDR 16 TDI (FFFF) TDO (7FFF);
SDR 16 TDI (FFFF) TDO (FFFF);
SDR 16 TDI (FFFF) TDO (BFFF);
SDR 16 TDI (FFFF) TDO (FFFF);
SDR 16 TDI (FFFF) TDO (7F7F);
SDR 16 TDI (FFFF) TDO (FFFF);
SDR 16 TDI (FFFF) TDO (BFEF);
SDR 16 TDI (FFFF) TDO (FBFF);
SDR 16 TDI (FFFF) TDO (7FFF);
SDR 16 TDI (FFFF) TDO (FFFF);
SDR 16 TDI (FFFF) TDO (BFFF);
SDR 16 TDI (FFFF) TDO (FFFF);
SDR 16 TDI (FFFF) TDO (7FFF);
SDR 16 TDI (FFFF) TDO (FFFF);
SDR 16 TDI (FFFF) TDO (BFFF);
SDR 16 TDI (FFFF) TDO (FFFF);
SDR 16 TDI (FFFF) TDO (7FFF);
SDR 16 TDI (FFFF) TDO (EFFF);
SDR 16 TDI (FFFF) TDO (BFFF);
SDR 16 TDI (FFFF) TDO (FFFF);
SDR 16 TDI (FFFF) TDO (7FFF);
SDR 16 TDI (FFFF) TDO (FFFF);
SDR 16 TDI (FFFF) TDO (BFFF);
SDR 16 TDI (FFFF) TDO (DFFF);
SDR 16 TDI (FFFF) TDO (7FFF);
SDR 16 TDI (FFFF) TDO (FFFF);
SDR 16 TDI (FFFF) TDO (BFFF);
SDR 16 TDI (FFFF) TDO (FFFF);
SDR 16 TDI (FFFF) TDO (7FFF);
SDR 16 TDI (FFFF) TDO (FFFF);
SDR 16 TDI (FFFF) TDO (BFFF);
SDR 16 TDI (FFFF) TDO (FFFF);
SDR 16 TDI (FFFF) TDO (7FFF);
SDR 16 TDI (FFFF) TDO (EFFF);
SDR 16 TDI (FFFF) TDO (BFFF);
SDR 16 TDI (FFFF) TDO (FFFF);
SDR 16 TDI (FFFF) TDO (7F7F);
SDR 16 TDI (FFFF) TDO (FFFF);
SDR 16 TDI (FFFF) TDO (BFBF);
SDR 16 TDI (FFFF) TDO (FFFD);
SDR 16 TDI (FFFF) TDO (7FFF);
SDR 16 TDI (FFFF) TDO (FFFF);
SDR 16 TDI (FFFF) TDO (BFFF);
SDR 16 TDI (FFFF) TDO (FFFF);
SDR 16 TDI (FFFF) TDO (7FFF);
SDR 16 TDI (FFFF) TDO (FFFF);
SDR 16 TDI (FFFF) TDO (BFFF);
SDR 16 TDI (FFFF) TDO (FFFF);
SDR 16 TDI (FFFF) TDO (7FFF);
SDR 16 TDI (FFFF) TDO (EFFF);
SDR 16 TDI (FFFF) TDO (BFFF);
SDR 16 TDI (FFFF) TDO (FFFF);
SDR 16 TDI (FFFF) TDO (7FFF);
SDR 16 TDI (FFFF) TDO (FFFF);
SDR 16 TDI (FFFF) TDO (BFF7);
SDR 16 TDI (FFFF) TDO (DDFF);
SDR 16 TDI (FFFF) TDO (7FFF);
SDR 16 TDI (FFFF) TDO (FFFF);
SDR 16 TDI (FFFF) TDO (BFFF);
SDR 16 TDI (FFFF) TDO (FFFF);
SDR 16 TDI (FFFF) TDO (7FFF);
SDR 16 TDI (FFFF) TDO (FFFF);
SDR 16 TDI (FFFF) TDO (BFFF);
SDR 16 TDI (FFFF) TDO (FFFF);
SDR 16 TDI (FFFF) TDO (7FFF);
SDR 16 TDI (FFFF) TDO (EFFF);
SDR 16 TDI (FFFF) TDO (BFFF);
SDR 16 TDI (FFFF) TDO (FFFF);
SDR 16 TDI (FFFF) TDO (7FFF);
SDR 16 TDI (FFFF) TDO (FFFF);
SDR 16 TDI (FFFF) TDO (BFFF);
SDR 16 TDI (FFFF) TDO (FFFF);
SDR 16 TDI (FFFF) TDO (7FFF);
SDR 16 TDI (FFFF) TDO (FFFF);
SDR 16 TDI (FFFF) TDO (BFFF);
SDR 16 TDI (FFFF) TDO (FFFF);
SDR 16 TDI (FFFF) TDO (7FFF);
SDR 16 TDI (FFFF) TDO (FFFF);
SDR 16 TDI (FFFF) TDO (BFFF);
SDR 16 TDI (FFFF) TDO (FFFF);
SDR 16 TDI (FFFF) TDO (7FFF);
SDR 16 TDI (FFFF) TDO (EFFF);
SDR 16 TDI (FFFF) TDO (BFFF);
SDR 16 TDI (FFFF) TDO (FFFF);
SDR 16 TDI (FFFF) TDO (7FFF);
SDR 16 TDI (FFFF) TDO (FFFF);
SDR 16 TDI (FFFF) TDO (BFFF);
SDR 16 TDI (FFFF) TDO (FFFF);
SDR 16 TDI (FFFF) TDO (7FFF);
SDR 16 TDI (FFFF) TDO (FFFF);
SDR 16 TDI (FFFF) TDO (BFFF);
SDR 16 TDI (FFFF) TDO (FFFF);
SDR 16 TDI (FFFF) TDO (7FFF);
SDR 16 TDI (FFFF) TDO (FFFF);
SDR 16 TDI (FFFF) TDO (BFFF);
SDR 16 TDI (FFFF) TDO (FFFF);
SDR 16 TDI (FFFF) TDO (7FFF);
SDR 16 TDI (FFFF) TDO (FFFF);
SDR 16 TDI (FFFF) TDO (BFFF);
SDR 16 TDI (FFFF) TDO (FFFF);
SDR 16 TDI (FFFF) TDO (7FFF);
SDR 16 TDI (FFFF) TDO (FFFF);
SDR 16 TDI (FFFF) TDO (BFFF);
SDR 16 TDI (FFFF) TDO (FFFF);
SDR 16 TDI (FFFF) TDO (7FFF);
SDR 16 TDI (FFFF) TDO (FFFF);
SDR 16 TDI (FFFF) TDO (BFFF);
SDR 16 TDI (FFFF) TDO (FFFF);
SDR 16 TDI (FFFF) TDO (7FFF);
SDR 16 TDI (FFFF) TDO (FFFF);
SDR 16 TDI (FFFF) TDO (BFFF);
SDR 16 TDI (FFFF) TDO (FFFF);
SDR 16 TDI (FFFF) TDO (7FFF);
SDR 16 TDI (FFFF) TDO (FFFF);
SDR 16 TDI (FFFF) TDO (BFFF);
SDR 16 TDI (FFFF) TDO (FFFF);
SDR 16 TDI (FFFF) TDO (7FFF);
SDR 16 TDI (FFFF) TDO (FFFF);
SDR 16 TDI (FFFF) TDO (BFFF);
SDR 16 TDI (FFFF) TDO (FFFF);
SDR 16 TDI (FFFF) TDO (7FFF);
SDR 16 TDI (FFFF) TDO (FFFF);
SDR 16 TDI (FFFF) TDO (A55F);
SDR 16 TDI (FFFF) TDO (FFFF);
SDR 16 TDI (FFFF) TDO (7FFF);
SDR 16 TDI (FFFF) TDO (FFFF);
SDR 16 TDI (FFFF) TDO (BFFF);
SDR 16 TDI (FFFF) TDO (FFFF);
SDR 16 TDI (FFFF) TDO (7FFF);
SDR 16 TDI (FFFF) TDO (FFFF);
SDR 16 TDI (FFFF) TDO (BFFF);
SDR 16 TDI (FFFF) TDO (FFFF);
SDR 16 TDI (FFFF) TDO (7FFF);
SDR 16 TDI (FFFF) TDO (FFFF);
SDR 16 TDI (FFFF) TDO (BFFF);
SDR 16 TDI (FFFF) TDO (FFF5);
SDR 16 TDI (FFFF) TDO (7BFF);
SDR 16 TDI (FFFF) TDO (FFFF);
SDR 16 TDI (FFFF) TDO (AFFF);
SDR 16 TDI (FFFF) TDO (FFFF);
SDR 16 TDI (FFFF) TDO (7FFF);
SDR 16 TDI (FFFF) TDO (FFFF);
SDR 16 TDI (FFFF) TDO (BFFF);
SDR 16 TDI (FFFF) TDO (FFFF);
SDR 16 TDI (FFFF) TDO (7FFF);
SDR 16 TDI (FFFF) TDO (FFFF);
SDR 16 TDI (FFFF) TDO (BFFF);
SDR 16 TDI (FFFF) TDO (FFFF);
SDR 16 TDI (FFFF) TDO (7FFF);
SDR 16 TDI (FFFF) TDO (FFFF);
SDR 16 TDI (FFFF) TDO (BFFF);
SDR 16 TDI (FFFF) TDO (FFFE);
SDR 16 TDI (FFFF) TDO (7FFF);
SDR 16 TDI (FFFF) TDO (FFFF);
SDR 16 TDI (FFFF) TDO (B55F);
SDR 16 TDI (FFFF) TDO (FFFF);
SDR 16 TDI (FFFF) TDO (7FFF);
SDR 16 TDI (FFFF) TDO (FFFF);
SDR 16 TDI (FFFF) TDO (BFFF);
SDR 16 TDI (FFFF) TDO (FFFF);
SDR 16 TDI (FFFF) TDO (7FFF);
SDR 16 TDI (FFFF) TDO (FFFF);
SDR 16 TDI (FFFF) TDO (BFFF);
SDR 16 TDI (FFFF) TDO (FFFF);
SDR 16 TDI (FFFF) TDO (7FFF);
SDR 16 TDI (FFFF) TDO (FFFF);
SDR 16 TDI (FFFF) TDO (BFFF);
SDR 16 TDI (FFFF) TDO (FFF5);
SDR 16 TDI (FFFF) TDO (7BFF);
SDR 16 TDI (FFFF) TDO (FFFF);
SDR 16 TDI (FFFF) TDO (BAAF);
SDR 16 TDI (FFFF) TDO (FFFF);
SDR 16 TDI (FFFF) TDO (7FFF);
SDR 16 TDI (FFFF) TDO (FFFF);
SDR 16 TDI (FFFF) TDO (BFFF);
SDR 16 TDI (FFFF) TDO (FFFF);
SDR 16 TDI (FFFF) TDO (7FFF);
SDR 16 TDI (FFFF) TDO (FFFF);
SDR 16 TDI (FFFF) TDO (BFFF);
SDR 16 TDI (FFFF) TDO (FFFF);
SDR 16 TDI (FFFF) TDO (7FFF);
SDR 16 TDI (FFFF) TDO (FFFF);
SDR 16 TDI (FFFF) TDO (BFFF);
SDR 16 TDI (FFFF) TDO (FFFA);
SDR 16 TDI (FFFF) TDO (67FF);
SDR 16 TDI (FFFF) TDO (FFFF);
SDR 16 TDI (FFFF) TDO (BFFF);
SDR 16 TDI (FFFF) TDO (FFFF);
SDR 16 TDI (FFFF) TDO (7FFF);
SDR 16 TDI (FFFF) TDO (FFFF);
SDR 16 TDI (FFFF) TDO (BFFF);
SDR 16 TDI (FFFF) TDO (FFFF);
SDR 16 TDI (FFFF) TDO (7FFF);
SDR 16 TDI (FFFF) TDO (FFFF);
SDR 16 TDI (FFFF) TDO (BFFF);
SDR 16 TDI (FFFF) TDO (FFFF);
SDR 16 TDI (FFFF) TDO (7FFF);
SDR 16 TDI (FFFF) TDO (FFFF);
SDR 16 TDI (FFFF) TDO (BFFF);
SDR 16 TDI (FFFF) TDO (FFFF);
SDR 16 TDI (FFFF) TDO (7FFF);
SDR 16 TDI (FFFF) TDO (FFFF);
SDR 16 TDI (FFFF) TDO (BFFF);
SDR 16 TDI (FFFF) TDO (FFFF);
SDR 16 TDI (FFFF) TDO (7FFF);
SDR 16 TDI (FFFF) TDO (FFFF);
SDR 16 TDI (FFFF) TDO (BFFF);
SDR 16 TDI (FFFF) TDO (FFFF);
SDR 16 TDI (FFFF) TDO (7FFF);
SDR 16 TDI (FFFF) TDO (FFFF);
SDR 16 TDI (FFFF) TDO (BFFF);
SDR 16 TDI (FFFF) TDO (FFFF);
SDR 16 TDI (FFFF) TDO (7FFF);
SDR 16 TDI (FFFF) TDO (FFFF);
SDR 16 TDI (FFFF) TDO (BFFF);
SDR 16 TDI (FFFF) TDO (FFFF);
SDR 16 TDI (FFFF) TDO (7FFF);
SDR 16 TDI (FFFF) TDO (FFFF);
SDR 16 TDI (FFFF) TDO (BFFF);
SDR 16 TDI (FFFF) TDO (FFFF);
SDR 16 TDI (FFFF) TDO (7FFF);
SDR 16 TDI (FFFF) TDO (FFFF);
SDR 16 TDI (FFFF) TDO (BFFF);
SDR 16 TDI (FFFF) TDO (FFFF);
SDR 16 TDI (FFFF) TDO (7FFF);
SDR 16 TDI (FFFF) TDO (FFFF);
SDR 16 TDI (FFFF) TDO (BFFF);
SDR 16 TDI (FFFF) TDO (FFFF);
SDR 16 TDI (FFFF) TDO (7FFF);
SDR 16 TDI (FFFF) TDO (FFFF);
SDR 16 TDI (FFFF) TDO (BFFF);
SDR 16 TDI (FFFF) TDO (FFFF);
SDR 16 TDI (FFFF) TDO (7FFF);
SDR 16 TDI (FFFF) TDO (FFFF);
SDR 16 TDI (FFFF) TDO (BAAF);
SDR 16 TDI (FFFF) TDO (FFFF);
SDR 16 TDI (FFFF) TDO (7FFF);
SDR 16 TDI (FFFF) TDO (FFFF);
SDR 16 TDI (FFFF) TDO (BFFF);
SDR 16 TDI (FFFF) TDO (FFFF);
SDR 16 TDI (FFFF) TDO (7FFF);
SDR 16 TDI (FFFF) TDO (FFFF);
SDR 16 TDI (FFFF) TDO (BFFF);
SDR 16 TDI (FFFF) TDO (FFFF);
SDR 16 TDI (FFFF) TDO (7FFF);
SDR 16 TDI (FFFF) TDO (FFFF);
SDR 16 TDI (FFFF) TDO (BFFF);
SDR 16 TDI (FFFF) TDO (FFEA);
SDR 16 TDI (FFFF) TDO (77FF);
SDR 16 TDI (FFFF) TDO (FFFF);
SDR 16 TDI (FFFF) TDO (BFFF);
SDR 16 TDI (FFFF) TDO (FFFF);
SDR 16 TDI (FFFF) TDO (7FFF);
SDR 16 TDI (FFFF) TDO (FFFF);
SDR 16 TDI (FFFF) TDO (BFFF);
SDR 16 TDI (FFFF) TDO (FFFF);
SDR 16 TDI (FFFF) TDO (7FFF);
SDR 16 TDI (FFFF) TDO (FFFF);
SDR 16 TDI (FFFF) TDO (BFFF);
SDR 16 TDI (FFFF) TDO (FFFF);
SDR 16 TDI (FFFF) TDO (7FFF);
SDR 16 TDI (FFFF) TDO (FFFF);
SDR 16 TDI (FFFF) TDO (BFFF);
SDR 16 TDI (FFFF) TDO (FFFF);
SDR 16 TDI (FFFF) TDO (7FFF);
SDR 16 TDI (FFFF) TDO (FFFF);
SDR 16 TDI (FFFF) TDO (B55F);
SDR 16 TDI (FFFF) TDO (FFFF);
SDR 16 TDI (FFFF) TDO (7FDF);
SDR 16 TDI (FFFF) TDO (FFFF);
SDR 16 TDI (FFFF) TDO (BFFF);
SDR 16 TDI (FFFF) TDO (FFEF);
SDR 16 TDI (FFFF) TDO (7FFF);
SDR 16 TDI (FFFF) TDO (FFFF);
SDR 16 TDI (FFFF) TDO (BFFF);
SDR 16 TDI (FFFF) TDO (7FFF);
SDR 16 TDI (FFFF) TDO (7FFF);
SDR 16 TDI (FFFF) TDO (FFFF);
SDR 16 TDI (FFFF) TDO (B7FF);
SDR 16 TDI (FFFF) TDO (FFF5);
SDR 16 TDI (FFFF) TDO (6BFF);
SDR 16 TDI (FFFF) TDO (FFFF);
SDR 16 TDI (FFFF) TDO (BFFF);
SDR 16 TDI (FFFF) TDO (FFFF);
SDR 16 TDI (FFFF) TDO (7FBF);
SDR 16 TDI (FFFF) TDO (FFFF);
SDR 16 TDI (FFFF) TDO (BFFF);
SDR 16 TDI (FFFF) TDO (FFDF);
SDR 16 TDI (FFFF) TDO (7FFF);
SDR 16 TDI (FFFF) TDO (FFFF);
SDR 16 TDI (FFFF) TDO (BFFE);
SDR 16 TDI (FFFF) TDO (FFFF);
SDR 16 TDI (FFFF) TDO (7FFF);
SDR 16 TDI (FFFF) TDO (FFFF);
SDR 16 TDI (FFFF) TDO (AFFF);
SDR 16 TDI (FFFF) TDO (FFFF);
SDR 16 TDI (FFFF) TDO (7FFF);
SDR 16 TDI (FFFF) TDO (FFFF);
SDR 16 TDI (FFFF) TDO (B55F);
SDR 16 TDI (FFFF) TDO (FFFF);
SDR 16 TDI (FFFF) TDO (7FFF);
SDR 16 TDI (FFFF) TDO (FFFF);
SDR 16 TDI (FFFF) TDO (BFFF);
SDR 16 TDI (FFFF) TDO (FFFF);
SDR 16 TDI (FFFF) TDO (7FFF);
SDR 16 TDI (FFFF) TDO (FFFF);
SDR 16 TDI (FFFF) TDO (BFFF);
SDR 16 TDI (FFFF) TDO (FFFF);
SDR 16 TDI (FFFF) TDO (7FFF);
SDR 16 TDI (FFFF) TDO (FFFF);
SDR 16 TDI (FFFF) TDO (BFFF);
SDR 16 TDI (FFFF) TDO (FFF5);
SDR 16 TDI (FFFF) TDO (6BFF);
SDR 16 TDI (FFFF) TDO (FFFF);
SDR 16 TDI (FFFF) TDO (BFFF);
SDR 16 TDI (FFFF) TDO (FFFF);
SDR 16 TDI (FFFF) TDO (7FFF);
SDR 16 TDI (FFFF) TDO (FFFF);
SDR 16 TDI (FFFF) TDO (BFFF);
SDR 16 TDI (FFFF) TDO (FFFF);
SDR 16 TDI (FFFF) TDO (7FFF);
SDR 16 TDI (FFFF) TDO (FFFF);
SDR 16 TDI (FFFF) TDO (BFFF);
SDR 16 TDI (FFFF) TDO (FFFF);
SDR 16 TDI (FFFF) TDO (7FFF);
SDR 16 TDI (FFFF) TDO (FFFF);
SDR 16 TDI (FFFF) TDO (BFFF);
SDR 16 TDI (FFFF) TDO (FFFF);
SDR 16 TDI (FFFF) TDO (7FFF);
SDR 16 TDI (FFFF) TDO (FFFF);
SDR 16 TDI (FFFF) TDO (BFFF);
SDR 16 TDI (FFFF) TDO (3333);
SDR 16 TDI (FFFF) TDO (63E6);
SDR 16 TDI (FFFF) TDO (6667);
SDR 16 TDI (FFFF) TDO (B333);
SDR 16 TDI (FFFF) TDO (31F3);
SDR 16 TDI (FFFF) TDO (6666);
SDR 16 TDI (FFFF) TDO (7CCC);
SDR 16 TDI (FFFF) TDO (B98F);
SDR 16 TDI (FFFF) TDO (9999);
SDR 16 TDI (FFFF) TDO (73CC);
SDR 16 TDI (FFFF) TDO (CCC7);
SDR 16 TDI (FFFF) TDO (B999);
SDR 16 TDI (FFFF) TDO (99F2);
SDR 16 TDI (FFFF) TDO (77FF);
SDR 16 TDI (FFFF) TDO (FFFF);
SDR 16 TDI (FFFF) TDO (BFFF);
SDR 16 TDI (FFFF) TDO (7777);
SDR 16 TDI (FFFF) TDO (6957);
SDR 16 TDI (FFFF) TDO (7777);
SDR 16 TDI (FFFF) TDO (B777);
SDR 16 TDI (FFFF) TDO (74AB);
SDR 16 TDI (FFFF) TDO (7777);
SDR 16 TDI (FFFF) TDO (7DDD);
SDR 16 TDI (FFFF) TDO (BBA5);
SDR 16 TDI (FFFF) TDO (5DDD);
SDR 16 TDI (FFFF) TDO (7BDD);
SDR 16 TDI (FFFF) TDO (DDD2);
SDR 16 TDI (FFFF) TDO (B5DD);
SDR 16 TDI (FFFF) TDO (DDFF);
SDR 16 TDI (FFFF) TDO (7FFF);
SDR 16 TDI (FFFF) TDO (FFFF);
SDR 16 TDI (FFFF) TDO (BFFF);
SDR 16 TDI (FFFF) TDO (FFFF);
SDR 16 TDI (FFFF) TDO (7FDF);
SDR 16 TDI (FFFF) TDO (FFFF);
SDR 16 TDI (FFFF) TDO (BFFF);
SDR 16 TDI (FFFF) TDO (FFEF);
SDR 16 TDI (FFFF) TDO (7FFF);
SDR 16 TDI (FFFF) TDO (FFFF);
SDR 16 TDI (FFFF) TDO (BFFF);
SDR 16 TDI (FFFF) TDO (7FFF);
SDR 16 TDI (FFFF) TDO (7FFF);
SDR 16 TDI (FFFF) TDO (FFFF);
SDR 16 TDI (FFFF) TDO (B7FF);
SDR 16 TDI (FFFF) TDO (FFF7);
SDR 16 TDI (FFFF) TDO (7FFF);
SDR 16 TDI (FFFF) TDO (FFFF);
SDR 16 TDI (FFFF) TDO (BFFF);
SDR 16 TDI (FFFF) TDO (FFFF);
SDR 16 TDI (FFFF) TDO (7FFF);
SDR 16 TDI (FFFF) TDO (FFFF);
SDR 16 TDI (FFFF) TDO (BFFF);
SDR 16 TDI (FFFF) TDO (FFFF);
SDR 16 TDI (FFFF) TDO (7FFF);
SDR 16 TDI (FFFF) TDO (FFFF);
SDR 16 TDI (FFFF) TDO (BFFF);
SDR 16 TDI (FFFF) TDO (FFFF);
SDR 16 TDI (FFFF) TDO (7EFF);
SDR 16 TDI (FFFF) TDO (FFFF);
SDR 16 TDI (FFFF) TDO (BFFF);
SDR 16 TDI (FFFF) TDO (FFFF);
SDR 16 TDI (FFFF) TDO (7FFF);
SDR 16 TDI (FFFF) TDO (FFFF);
SDR 16 TDI (FFFF) TDO (BFFF);
SDR 16 TDI (FFFF) TDO (FFFF);
SDR 16 TDI (FFFF) TDO (7FFF);
SDR 16 TDI (FFFF) TDO (FFFF);
SDR 16 TDI (FFFF) TDO (BFFF);
SDR 16 TDI (FFFF) TDO (FFFF);
SDR 16 TDI (FFFF) TDO (7FFF);
SDR 16 TDI (FFFF) TDO (FFFF);
SDR 16 TDI (FFFF) TDO (BFFF);
SDR 16 TDI (FFFF) TDO (FFFF);
SDR 16 TDI (FFFF) TDO (7F7F);
SDR 16 TDI (FFFF) TDO (BBFF);
SDR 16 TDI (FFFF) TDO (BFFF);
SDR 16 TDI (FFFF) TDO (EFF7);
SDR 16 TDI (FFFF) TDO (6FFF);
SDR 16 TDI (FFFF) TDO (FFFF);
SDR 16 TDI (FFFF) TDO (AFFF);
SDR 16 TDI (FFFF) TDO (FFFF);
SDR 16 TDI (FFFF) TDO (7FFF);
SDR 16 TDI (FFFF) TDO (FFFF);
SDR 16 TDI (FFFF) TDO (BFFF);
SDR 16 TDI (FFFF) TDO (FFFF);
SDR 16 TDI (FFFF) TDO (7FFF);
SDR 16 TDI (FFFF) TDO (FFFF);
SDR 16 TDI (FFFF) TDO (BFFF);
SDR 16 TDI (FFFF) TDO (FFFF);
SDR 16 TDI (FFFF) TDO (7F7F);
SDR 16 TDI (FFFF) TDO (FFFF);
SDR 16 TDI (FFFF) TDO (BFFF);
SDR 16 TDI (FFFF) TDO (FFFF);
SDR 16 TDI (FFFF) TDO (7FFF);
SDR 16 TDI (FFFF) TDO (FFFF);
SDR 16 TDI (FFFF) TDO (ABBF);
SDR 16 TDI (FFFF) TDO (FFFF);
SDR 16 TDI (FFFF) TDO (7FFF);
SDR 16 TDI (FFFF) TDO (FFFF);
SDR 16 TDI (FFFF) TDO (BFFF);
SDR 16 TDI (FFFF) TDO (FFFF);
SDR 16 TDI (FFFF) TDO (7FFF);
SDR 16 TDI (FFFF) TDO (FFFF);
SDR 16 TDI (FFFF) TDO (BFFF);
SDR 16 TDI (FFFF) TDO (FFFF);
SDR 16 TDI (FFFF) TDO (7EFF);
SDR 16 TDI (FFFF) TDO (FFFF);
SDR 16 TDI (FFFF) TDO (BFFF);
SDR 16 TDI (FFFF) TDO (FFFF);
SDR 16 TDI (FFFF) TDO (7FFF);
SDR 16 TDI (FFFF) TDO (FFFF);
SDR 16 TDI (FFFF) TDO (BFFF);
SDR 16 TDI (FFFF) TDO (F7FF);
SDR 16 TDI (FFFF) TDO (7FFF);
SDR 16 TDI (FFFF) TDO (FFFF);
SDR 16 TDI (FFFF) TDO (BF7F);
SDR 16 TDI (FFFF) TDO (FFFF);
SDR 16 TDI (FFFF) TDO (7FFF);
SDR 16 TDI (FFFF) TDO (FFFF);
SDR 16 TDI (FFFF) TDO (BFFF);
SDR 16 TDI (FFFF) TDO (FFFF);
SDR 16 TDI (FFFF) TDO (7FBD);
SDR 16 TDI (FFFF) TDO (FFFF);
SDR 16 TDI (FFFF) TDO (BFFF);
SDR 16 TDI (FFFF) TDO (FFFF);
SDR 16 TDI (FFFF) TDO (7FFF);
SDR 16 TDI (FFFF) TDO (FFFF);
SDR 16 TDI (FFFF) TDO (BFFD);
SDR 16 TDI (FFFF) TDO (FFEF);
SDR 16 TDI (FFFF) TDO (7FFF);
SDR 16 TDI (FFFF) TDO (FFFF);
SDR 16 TDI (FFFF) TDO (BFFF);
SDR 16 TDI (FFFF) TDO (FFFF);
SDR 16 TDI (FFFF) TDO (7FFF);
SDR 16 TDI (FFFF) TDO (FFFF);
SDR 16 TDI (FFFF) TDO (BBFF);
SDR 16 TDI (FFFF) TDO (FFFF);
SDR 16 TDI (FFFF) TDO (7FFF);
SDR 16 TDI (FFFF) TDO (FBFF);
SDR 16 TDI (FFFF) TDO (BFFF);
SDR 16 TDI (FFFF) TDO (FFFF);
SDR 16 TDI (FFFF) TDO (7FFF);
SDR 16 TDI (FFFF) TDO (FFFF);
SDR 16 TDI (FFFF) TDO (BFFD);
SDR 16 TDI (FFFF) TDO (FEDF);
SDR 16 TDI (FFFF) TDO (7FFF);
SDR 16 TDI (FFFF) TDO (FFFF);
SDR 16 TDI (FFFF) TDO (BFFF);
SDR 16 TDI (FFFF) TDO (FFFF);
SDR 16 TDI (FFFF) TDO (7FFF);
SDR 16 TDI (FFFF) TDO (EFFF);
SDR 16 TDI (FFFF) TDO (BFFF);
SDR 16 TDI (FFFF) TDO (FFFF);
SDR 16 TDI (FFFF) TDO (7D7F);
SDR 16 TDI (FFFF) TDO (FFFF);
SDR 16 TDI (FFFF) TDO (BFFF);
SDR 16 TDI (FFFF) TDO (EFFF);
SDR 16 TDI (FFFF) TDO (7FFF);
SDR 16 TDI (FFFF) TDO (FFFF);
SDR 16 TDI (FFFF) TDO (BFFF);
SDR 16 TDI (FFFF) TDO (F7FF);
SDR 16 TDI (FFFF) TDO (7FFF);
SDR 16 TDI (FFFF) TDO (FFFF);
SDR 16 TDI (FFFF) TDO (BF7F);
SDR 16 TDI (FFFF) TDO (FFFF);
SDR 16 TDI (FFFF) TDO (7FFF);
SDR 16 TDI (FFFF) TDO (FFFF);
SDR 16 TDI (FFFF) TDO (BBFF);
SDR 16 TDI (FFFF) TDO (FFFF);
SDR 16 TDI (FFFF) TDO (7FFE);
SDR 16 TDI (FFFF) TDO (F7FF);
SDR 16 TDI (FFFF) TDO (BFFF);
SDR 16 TDI (FFFF) TDO (FFFF);
SDR 16 TDI (FFFF) TDO (7FFF);
SDR 16 TDI (FFFF) TDO (FFFF);
SDR 16 TDI (FFFF) TDO (BFFF);
SDR 16 TDI (FFFF) TDO (FDFF);
SDR 16 TDI (FFFF) TDO (7FFF);
SDR 16 TDI (FFFF) TDO (FFFF);
SDR 16 TDI (FFFF) TDO (BFFF);
SDR 16 TDI (FFFF) TDO (FFFF);
SDR 16 TDI (FFFF) TDO (7FFF);
SDR 16 TDI (FFFF) TDO (EF77);
SDR 16 TDI (FFFF) TDO (BFFF);
SDR 16 TDI (FFFF) TDO (FFFF);
SDR 16 TDI (FFFF) TDO (7F7F);
SDR 16 TDI (FFFF) TDO (FFFF);
SDR 16 TDI (FFFF) TDO (BFFF);
SDR 16 TDI (FFFF) TDO (FFBF);
SDR 16 TDI (FFFF) TDO (7FFF);
SDR 16 TDI (FFFF) TDO (FFFF);
SDR 16 TDI (FFFF) TDO (BFFF);
SDR 16 TDI (FFFF) TDO (FFDF);
SDR 16 TDI (FFFF) TDO (6FFF);
SDR 16 TDI (FFFF) TDO (FFFF);
SDR 16 TDI (FFFF) TDO (BFFF);
SDR 16 TDI (FFFF) TDO (FFFF);
SDR 16 TDI (FFFF) TDO (7FFF);
SDR 16 TDI (FFFF) TDO (EFFF);
SDR 16 TDI (FFFF) TDO (B7BF);
SDR 16 TDI (FFFF) TDO (FFFF);
SDR 16 TDI (FFFF) TDO (7FFF);
SDR 16 TDI (FFFF) TDO (7FDF);
SDR 16 TDI (FFFF) TDO (BFF7);
SDR 16 TDI (FFFF) TDO (FFFF);
SDR 16 TDI (FFFF) TDO (77FF);
SDR 16 TDI (FFFF) TDO (FFFF);
SDR 16 TDI (FFFF) TDO (BFFF);
SDR 16 TDI (FFFF) TDO (FFFF);
SDR 16 TDI (FFFF) TDO (7FFF);
SDR 16 TDI (FFFF) TDO (FFFF);
SDR 16 TDI (FFFF) TDO (BFFF);
SDR 16 TDI (FFFF) TDO (FFFF);
SDR 16 TDI (FFFF) TDO (7FFF);
SDR 16 TDI (FFFF) TDO (FFFF);
SDR 16 TDI (FFFF) TDO (BFBF);
SDR 16 TDI (FFFF) TDO (FFFF);
SDR 16 TDI (FFFF) TDO (7FFF);
SDR 16 TDI (FFFF) TDO (FFDF);
SDR 16 TDI (FFFF) TDO (BFF7);
SDR 16 TDI (FFFF) TDO (FFFF);
SDR 16 TDI (FFFF) TDO (7FFF);
SDR 16 TDI (FFFF) TDO (FFFF);
SDR 16 TDI (FFFF) TDO (BFFF);
SDR 16 TDI (FFFF) TDO (FEDF);
SDR 16 TDI (FFFF) TDO (7FFF);
SDR 16 TDI (FFFF) TDO (FFFF);
SDR 16 TDI (FFFF) TDO (BFFF);
SDR 16 TDI (FFFF) TDO (FFFF);
SDR 16 TDI (FFFF) TDO (7FFF);
SDR 16 TDI (FFFF) TDO (FFB7);
SDR 16 TDI (FFFF) TDO (B7FF);
SDR 16 TDI (FFFF) TDO (FFFF);
SDR 16 TDI (FFFF) TDO (7F7F);
SDR 16 TDI (FFFF) TDO (7FFF);
SDR 16 TDI (FFFF) TDO (BFFF);
SDR 16 TDI (FFFF) TDO (FFBF);
SDR 16 TDI (FFFF) TDO (77FF);
SDR 16 TDI (FFFF) TDO (FFFF);
SDR 16 TDI (FFFF) TDO (A55F);
SDR 16 TDI (FFFF) TDO (FEBF);
SDR 16 TDI (FFFF) TDO (7FFF);
SDR 16 TDI (FFFF) TDO (FFFF);
SDR 16 TDI (FFFF) TDO (BFFF);
SDR 16 TDI (FFFF) TDO (FFFF);
SDR 16 TDI (FFFF) TDO (7FFF);
SDR 16 TDI (FFFF) TDO (FFFF);
SDR 16 TDI (FFFF) TDO (BFDF);
SDR 16 TDI (FFFF) TDO (FFBF);
SDR 16 TDI (FFFF) TDO (77FF);
SDR 16 TDI (FFFF) TDO (FEFF);
SDR 16 TDI (FFFF) TDO (BDFB);
SDR 16 TDI (FFFF) TDO (DDF5);
SDR 16 TDI (FFFF) TDO (69FF);
SDR 16 TDI (FFFF) TDO (FFFF);
SDR 16 TDI (FFFF) TDO (AFFF);
SDR 16 TDI (FFFF) TDO (FFFF);
SDR 16 TDI (FFFF) TDO (7FFF);
SDR 16 TDI (FFFF) TDO (FFFF);
SDR 16 TDI (FFFF) TDO (BFFF);
SDR 16 TDI (FFFF) TDO (FFFF);
SDR 16 TDI (FFFF) TDO (7FFF);
SDR 16 TDI (FFFF) TDO (FFFF);
SDR 16 TDI (FFFF) TDO (BFFF);
SDR 16 TDI (FFFF) TDO (FFFF);
SDR 16 TDI (FFFF) TDO (7FFF);
SDR 16 TDI (FFFF) TDO (FFFE);
SDR 16 TDI (FFFF) TDO (BFFF);
SDR 16 TDI (FFFF) TDO (FFFF);
SDR 16 TDI (FFFF) TDO (7DFF);
SDR 16 TDI (FFFF) TDO (FFFF);
SDR 16 TDI (FFFF) TDO (A55F);
SDR 16 TDI (FFFF) TDO (FFFF);
SDR 16 TDI (FFFF) TDO (7FFF);
SDR 16 TDI (FFFF) TDO (FFFF);
SDR 16 TDI (FFFF) TDO (BFFF);
SDR 16 TDI (FFFF) TDO (FFFF);
SDR 16 TDI (FFFF) TDO (7FFF);
SDR 16 TDI (FFFF) TDO (FFFF);
SDR 16 TDI (FFFF) TDO (BF7F);
SDR 16 TDI (FFFF) TDO (FFED);
SDR 16 TDI (FFFF) TDO (7DFF);
SDR 16 TDI (FFFF) TDO (DFDF);
SDR 16 TDI (FFFF) TDO (BFFF);
SDR 16 TDI (FFFF) TDO (7FF5);
SDR 16 TDI (FFFF) TDO (79FF);
SDR 16 TDI (FFFF) TDO (FFFF);
SDR 16 TDI (FFFF) TDO (AAAF);
SDR 16 TDI (FFFF) TDO (FDBF);
SDR 16 TDI (FFFF) TDO (7FFF);
SDR 16 TDI (FFFF) TDO (FFFF);
SDR 16 TDI (FFFF) TDO (BFFF);
SDR 16 TDI (FFFF) TDO (FFFF);
SDR 16 TDI (FFFF) TDO (7FFF);
SDR 16 TDI (FFFF) TDO (FFFF);
SDR 16 TDI (FFFF) TDO (BFFD);
SDR 16 TDI (FFFF) TDO (BDFF);
SDR 16 TDI (FFFF) TDO (7FFF);
SDR 16 TDI (FFFF) TDO (FF7F);
SDR 16 TDI (FFFF) TDO (BFFF);
SDR 16 TDI (FFFF) TDO (D57F);
SDR 16 TDI (FFFF) TDO (6DFF);
SDR 16 TDI (FFFF) TDO (FFFF);
SDR 16 TDI (FFFF) TDO (BFFF);
SDR 16 TDI (FFFF) TDO (FFFF);
SDR 16 TDI (FFFF) TDO (7FFF);
SDR 16 TDI (FFFF) TDO (FFFF);
SDR 16 TDI (FFFF) TDO (BFFF);
SDR 16 TDI (FFFF) TDO (FFFF);
SDR 16 TDI (FFFF) TDO (7FFF);
SDR 16 TDI (FFFF) TDO (FFFF);
SDR 16 TDI (FFFF) TDO (BFFF);
SDR 16 TDI (FFFF) TDO (FFFF);
SDR 16 TDI (FFFF) TDO (7FFF);
SDR 16 TDI (FFFF) TDO (FFEF);
SDR 16 TDI (FFFF) TDO (BFDD);
SDR 16 TDI (FFFF) TDO (FFFF);
SDR 16 TDI (FFFF) TDO (77FF);
SDR 16 TDI (FFFF) TDO (FFFF);
SDR 16 TDI (FFFF) TDO (BFFF);
SDR 16 TDI (FFFF) TDO (FFFF);
SDR 16 TDI (FFFF) TDO (7FFF);
SDR 16 TDI (FFFF) TDO (FFFF);
SDR 16 TDI (FFFF) TDO (BFFF);
SDR 16 TDI (FFFF) TDO (FFFF);
SDR 16 TDI (FFFF) TDO (7FFF);
SDR 16 TDI (FFFF) TDO (FFFF);
SDR 16 TDI (FFFF) TDO (BBFF);
SDR 16 TDI (FFFF) TDO (FFDF);
SDR 16 TDI (FFFF) TDO (7FFF);
SDR 16 TDI (FFFF) TDO (FF7F);
SDR 16 TDI (FFFF) TDO (BFFF);
SDR 16 TDI (FFFF) TDO (FFFF);
SDR 16 TDI (FFFF) TDO (7FFF);
SDR 16 TDI (FFFF) TDO (FFFF);
SDR 16 TDI (FFFF) TDO (BFFF);
SDR 16 TDI (FFFF) TDO (FDBF);
SDR 16 TDI (FFFF) TDO (7FFF);
SDR 16 TDI (FFFF) TDO (FFFF);
SDR 16 TDI (FFFF) TDO (BFFF);
SDR 16 TDI (FFFF) TDO (FFFF);
SDR 16 TDI (FFFF) TDO (7FFF);
SDR 16 TDI (FFFF) TDO (FFFF);
SDR 16 TDI (FFFF) TDO (BD3F);
SDR 16 TDI (FFFF) TDO (BFEF);
SDR 16 TDI (FFFF) TDO (79FF);
SDR 16 TDI (FFFF) TDO (DD6D);
SDR 16 TDI (FFFF) TDO (BDB9);
SDR 16 TDI (FFFF) TDO (DDFF);
SDR 16 TDI (FFFF) TDO (7FFF);
SDR 16 TDI (FFFF) TDO (FFFF);
SDR 16 TDI (FFFF) TDO (BAAF);
SDR 16 TDI (FFFF) TDO (FF7F);
SDR 16 TDI (FFFF) TDO (7FFF);
SDR 16 TDI (FFFF) TDO (FFFF);
SDR 16 TDI (FFFF) TDO (BFFF);
SDR 16 TDI (FFFF) TDO (FFFF);
SDR 16 TDI (FFFF) TDO (7FFF);
SDR 16 TDI (FFFF) TDO (FFFF);
SDR 16 TDI (FFFF) TDO (BFFD);
SDR 16 TDI (FFFF) TDO (FFDD);
SDR 16 TDI (FFFF) TDO (7FFF);
SDR 16 TDI (FFFF) TDO (FFFF);
SDR 16 TDI (FFFF) TDO (BFFF);
SDR 16 TDI (FFFF) TDO (EEFB);
SDR 16 TDI (FFFF) TDO (77FF);
SDR 16 TDI (FFFF) TDO (FFFF);
SDR 16 TDI (FFFF) TDO (BFFF);
SDR 16 TDI (FFFF) TDO (FEFF);
SDR 16 TDI (FFFF) TDO (7FFF);
SDR 16 TDI (FFFF) TDO (FFFF);
SDR 16 TDI (FFFF) TDO (BFFF);
SDR 16 TDI (FFFF) TDO (FFFF);
SDR 16 TDI (FFFF) TDO (7FFF);
SDR 16 TDI (FFFF) TDO (FFFF);
SDR 16 TDI (FFFF) TDO (BFFF);
SDR 16 TDI (FFFF) TDO (FBBF);
SDR 16 TDI (FFFF) TDO (7FFF);
SDR 16 TDI (FFFF) TDO (FF9F);
SDR 16 TDI (FFFF) TDO (BFFE);
SDR 16 TDI (FFFF) TDO (BBFF);
SDR 16 TDI (FFFF) TDO (7FFF);
SDR 16 TDI (FFFF) TDO (FFFF);
SDR 16 TDI (FFFF) TDO (A55F);
SDR 16 TDI (FFFF) TDO (FEBF);
SDR 16 TDI (FFFF) TDO (7FDF);
SDR 16 TDI (FFFF) TDO (FFFF);
SDR 16 TDI (FFFF) TDO (BFFF);
SDR 16 TDI (FFFF) TDO (FFEF);
SDR 16 TDI (FFFF) TDO (7FFF);
SDR 16 TDI (FFFF) TDO (FFFF);
SDR 16 TDI (FFFF) TDO (A7FF);
SDR 16 TDI (FFFF) TDO (6627);
SDR 16 TDI (FFFF) TDO (7FFF);
SDR 16 TDI (FFFF) TDO (000F);
SDR 16 TDI (FFFF) TDO (B01C);
SDR 16 TDI (FFFF) TDO (0074);
SDR 16 TDI (FFFF) TDO (79FF);
SDR 16 TDI (FFFF) TDO (FFFF);
SDR 16 TDI (FFFF) TDO (AFFF);
SDR 16 TDI (FFFF) TDO (FD7F);
SDR 16 TDI (FFFF) TDO (7FBF);
SDR 16 TDI (FFFF) TDO (FFFF);
SDR 16 TDI (FFFF) TDO (BFFF);
SDR 16 TDI (FFFF) TDO (FFDF);
SDR 16 TDI (FFFF) TDO (7FFF);
SDR 16 TDI (FFFF) TDO (FFFF);
SDR 16 TDI (FFFF) TDO (A7FB);
SDR 16 TDI (FFFF) TDO (E627);
SDR 16 TDI (FFFF) TDO (7FFF);
SDR 16 TDI (FFFF) TDO (000F);
SDR 16 TDI (FFFF) TDO (B81C);
SDR 16 TDI (FFFF) TDO (007F);
SDR 16 TDI (FFFF) TDO (7DFF);
SDR 16 TDI (FFFF) TDO (FFFF);
SDR 16 TDI (FFFF) TDO (B55F);
SDR 16 TDI (FFFF) TDO (FF3F);
SDR 16 TDI (FFFF) TDO (7FFF);
SDR 16 TDI (FFFF) TDO (FFFF);
SDR 16 TDI (FFFF) TDO (BFFF);
SDR 16 TDI (FFFF) TDO (FFFF);
SDR 16 TDI (FFFF) TDO (7FFF);
SDR 16 TDI (FFFF) TDO (FFFF);
SDR 16 TDI (FFFF) TDO (A73F);
SDR 16 TDI (FFFF) TDO (E658);
SDR 16 TDI (FFFF) TDO (66FF);
SDR 16 TDI (FFFF) TDO (008F);
SDR 16 TDI (FFFF) TDO (B818);
SDR 16 TDI (FFFF) TDO (0A74);
SDR 16 TDI (FFFF) TDO (7BFF);
SDR 16 TDI (FFFF) TDO (FFFF);
SDR 16 TDI (FFFF) TDO (BFFF);
SDR 16 TDI (FFFF) TDO (FF3F);
SDR 16 TDI (FFFF) TDO (7FFF);
SDR 16 TDI (FFFF) TDO (FFFF);
SDR 16 TDI (FFFF) TDO (BFFF);
SDR 16 TDI (FFFF) TDO (FFFF);
SDR 16 TDI (FFFF) TDO (7FFF);
SDR 16 TDI (FFFF) TDO (FFFF);
SDR 16 TDI (FFFF) TDO (A73F);
SDR 16 TDI (FFFF) TDO (E658);
SDR 16 TDI (FFFF) TDO (66FF);
SDR 16 TDI (FFFF) TDO (000F);
SDR 16 TDI (FFFF) TDO (B818);
SDR 16 TDI (FFFF) TDO (0A7F);
SDR 16 TDI (FFFF) TDO (7FFF);
SDR 16 TDI (FFFF) TDO (FFFF);
SDR 16 TDI (FFFF) TDO (BFFF);
SDR 16 TDI (FFFF) TDO (33B3);
SDR 16 TDI (FFFF) TDO (63E6);
SDR 16 TDI (FFFF) TDO (6667);
SDR 16 TDI (FFFF) TDO (B333);
SDR 16 TDI (FFFF) TDO (31F3);
SDR 16 TDI (FFFF) TDO (6666);
SDR 16 TDI (FFFF) TDO (7CCC);
SDR 16 TDI (FFFF) TDO (BDCF);
SDR 16 TDI (FFFF) TDO (BB9B);
SDR 16 TDI (FFFF) TDO (77CC);
SDR 16 TDI (FFFF) TDO (EE47);
SDR 16 TDI (FFFF) TDO (B9B9);
SDR 16 TDI (FFFF) TDO (98FF);
SDR 16 TDI (FFFF) TDO (77FF);
SDR 16 TDI (FFFF) TDO (FFFF);
SDR 16 TDI (FFFF) TDO (BFFF);
SDR 16 TDI (FFFF) TDO (7737);
SDR 16 TDI (FFFF) TDO (6957);
SDR 16 TDI (FFFF) TDO (7777);
SDR 16 TDI (FFFF) TDO (B777);
SDR 16 TDI (FFFF) TDO (74AB);
SDR 16 TDI (FFFF) TDO (7777);
SDR 16 TDI (FFFF) TDO (7DDD);
SDR 16 TDI (FFFF) TDO (B985);
SDR 16 TDI (FFFF) TDO (1999);
SDR 16 TDI (FFFF) TDO (73DD);
SDR 16 TDI (FFFF) TDO (CCCA);
SDR 16 TDI (FFFF) TDO (B199);
SDR 16 TDI (FFFF) TDO (CDFF);
SDR 16 TDI (FFFF) TDO (7FFF);
SDR 16 TDI (FFFF) TDO (FFFF);
SDR 16 TDI (FFFF) TDO (BFFF);
SDR 16 TDI (FFFF) TDO (FFFF);
SDR 16 TDI (FFFF) TDO (7FDF);
SDR 16 TDI (FFFF) TDO (FFFF);
SDR 16 TDI (FFFF) TDO (BFFF);
SDR 16 TDI (FFFF) TDO (FFEF);
SDR 16 TDI (FFFF) TDO (7FFF);
SDR 16 TDI (FFFF) TDO (FFFF);
SDR 16 TDI (FFFF) TDO (BFFF);
SDR 16 TDI (FFFF) TDO (7FFF);
SDR 16 TDI (FFFF) TDO (7FFF);
SDR 16 TDI (FFFF) TDO (776F);
SDR 16 TDI (FFFF) TDO (B77F);
SDR 16 TDI (FFFF) TDO (FFFF);
SDR 16 TDI (FFFF) TDO (7FFF);
SDR 16 TDI (FFFF) TDO (FFFF);
SDR 16 TDI (FFFF) TDO (BFFF);
SDR 16 TDI (FFFF) TDO (FFFF);
SDR 16 TDI (FFFF) TDO (7FFF);
SDR 16 TDI (FFFF) TDO (FFFF);
SDR 16 TDI (FFFF) TDO (BFFF);
SDR 16 TDI (FFFF) TDO (FFFF);
SDR 16 TDI (FFFF) TDO (7FFF);
SDR 16 TDI (FFFF) TDO (FFFF);
SDR 16 TDI (FFFF) TDO (BFFF);
SDR 16 TDI (FFFF) TDO (FDFF);
SDR 16 TDI (FFFF) TDO (7BFD);
SDR 16 TDI (FFFF) TDO (FFFF);
SDR 16 TDI (FFFF) TDO (BCFF);
SDR 16 TDI (FFFF) TDO (FFFF);
SDR 16 TDI (FFFF) TDO (7FFF);
SDR 16 TDI (FFFF) TDO (FFFF);
SDR 16 TDI (FFFF) TDO (BFFF);
SDR 16 TDI (FFFF) TDO (FFFF);
SDR 16 TDI (FFFF) TDO (6FFF);
SDR 16 TDI (FFFF) TDO (7FFF);
SDR 16 TDI (FFFF) TDO (BFFF);
SDR 16 TDI (FFFF) TDO (FFFF);
SDR 16 TDI (FFFF) TDO (7FFF);
SDR 16 TDI (FFFF) TDO (FFDF);
SDR 16 TDI (FFFF) TDO (BFBF);
SDR 16 TDI (FFFF) TDO (FFDF);
SDR 16 TDI (FFFF) TDO (7FDF);
SDR 16 TDI (FFFF) TDO (DFDF);
SDR 16 TDI (FFFF) TDO (BFFF);
SDR 16 TDI (FFFF) TDO (FF5F);
SDR 16 TDI (FFFF) TDO (7FFF);
SDR 16 TDI (FFFF) TDO (FFFF);
SDR 16 TDI (FFFF) TDO (AFFF);
SDR 16 TDI (FFFF) TDO (FFFF);
SDR 16 TDI (FFFF) TDO (77FF);
SDR 16 TDI (FFFF) TDO (FFFF);
SDR 16 TDI (FFFF) TDO (BFFF);
SDR 16 TDI (FFFF) TDO (FFFF);
SDR 16 TDI (FFFF) TDO (7FFF);
SDR 16 TDI (FFFF) TDO (FFDF);
SDR 16 TDI (FFFF) TDO (BFBF);
SDR 16 TDI (FFFF) TDO (FBFF);
SDR 16 TDI (FFFF) TDO (7FED);
SDR 16 TDI (FFFF) TDO (FFDF);
SDR 16 TDI (FFFF) TDO (BBFF);
SDR 16 TDI (FFFF) TDO (FF7F);
SDR 16 TDI (FFFF) TDO (7FFF);
SDR 16 TDI (FFFF) TDO (FFFF);
SDR 16 TDI (FFFF) TDO (AFFF);
SDR 16 TDI (FFFF) TDO (FFFF);
SDR 16 TDI (FFFF) TDO (7FFE);
SDR 16 TDI (FFFF) TDO (FFFF);
SDR 16 TDI (FFFF) TDO (BFFF);
SDR 16 TDI (FFFF) TDO (FFFF);
SDR 16 TDI (FFFF) TDO (7FFF);
SDR 16 TDI (FFFF) TDO (FFFF);
SDR 16 TDI (FFFF) TDO (BFFF);
SDR 16 TDI (FFFF) TDO (FFDF);
SDR 16 TDI (FFFF) TDO (77FF);
SDR 16 TDI (FFFF) TDO (DFFF);
SDR 16 TDI (FFFF) TDO (BF7F);
SDR 16 TDI (FFFF) TDO (FFFF);
SDR 16 TDI (FFFF) TDO (7FFF);
SDR 16 TDI (FFFF) TDO (FFFF);
SDR 16 TDI (FFFF) TDO (BFFF);
SDR 16 TDI (FFFF) TDO (FFFF);
SDR 16 TDI (FFFF) TDO (7FFF);
SDR 16 TDI (FFFF) TDO (FFFF);
SDR 16 TDI (FFFF) TDO (BFFF);
SDR 16 TDI (FFFF) TDO (FFFF);
SDR 16 TDI (FFFF) TDO (7FFF);
SDR 16 TDI (FFFF) TDO (FFFF);
SDR 16 TDI (FFFF) TDO (BFFF);
SDR 16 TDI (FFFF) TDO (FFFF);
SDR 16 TDI (FFFF) TDO (7FFF);
SDR 16 TDI (FFFF) TDO (FFFF);
SDR 16 TDI (FFFF) TDO (BFF7);
SDR 16 TDI (FFFF) TDO (FFFF);
SDR 16 TDI (FFFF) TDO (7FFF);
SDR 16 TDI (FFFF) TDO (FFFF);
SDR 16 TDI (FFFF) TDO (BFFF);
SDR 16 TDI (FFFF) TDO (FFFF);
SDR 16 TDI (FFFF) TDO (7FFF);
SDR 16 TDI (FFFF) TDO (FFFF);
SDR 16 TDI (FFFF) TDO (BFFF);
SDR 16 TDI (FFFF) TDO (FFFF);
SDR 16 TDI (FFFF) TDO (7FFF);
SDR 16 TDI (FFFF) TDO (EFFF);
SDR 16 TDI (FFFF) TDO (BFFF);
SDR 16 TDI (FFFF) TDO (FFFF);
SDR 16 TDI (FFFF) TDO (7FFF);
SDR 16 TDI (FFFF) TDO (EFFF);
SDR 16 TDI (FFFF) TDO (BFFF);
SDR 16 TDI (FFFF) TDO (FDFF);
SDR 16 TDI (FFFF) TDO (7FFF);
SDR 16 TDI (FFFF) TDO (FFFF);
SDR 16 TDI (FFFF) TDO (BFFF);
SDR 16 TDI (FFFF) TDO (FFFF);
SDR 16 TDI (FFFF) TDO (7FFF);
SDR 16 TDI (FFFF) TDO (FFFF);
SDR 16 TDI (FFFF) TDO (BFFF);
SDR 16 TDI (FFFF) TDO (FFFF);
SDR 16 TDI (FFFF) TDO (7FFF);
SDR 16 TDI (FFFF) TDO (EFFF);
SDR 16 TDI (FFFF) TDO (BDFF);
SDR 16 TDI (FFFF) TDO (BBFB);
SDR 16 TDI (FFFF) TDO (7FFF);
SDR 16 TDI (FFFF) TDO (FFFF);
SDR 16 TDI (FFFF) TDO (BFF7);
SDR 16 TDI (FFFF) TDO (FDFF);
SDR 16 TDI (FFFF) TDO (7FFF);
SDR 16 TDI (FFFF) TDO (FFFF);
SDR 16 TDI (FFFF) TDO (BFFF);
SDR 16 TDI (FFFF) TDO (FFFF);
SDR 16 TDI (FFFF) TDO (7FFF);
SDR 16 TDI (FFFF) TDO (FFFF);
SDR 16 TDI (FFFF) TDO (BFFF);
SDR 16 TDI (FFFF) TDO (FFFF);
SDR 16 TDI (FFFF) TDO (7FFF);
SDR 16 TDI (FFFF) TDO (FFFF);
SDR 16 TDI (FFFF) TDO (BFFF);
SDR 16 TDI (FFFF) TDO (FFFF);
SDR 16 TDI (FFFF) TDO (7FFF);
SDR 16 TDI (FFFF) TDO (DFFF);
SDR 16 TDI (FFFF) TDO (BFFF);
SDR 16 TDI (FFFF) TDO (FFFF);
SDR 16 TDI (FFFF) TDO (7FFF);
SDR 16 TDI (FFFF) TDO (FFFF);
SDR 16 TDI (FFFF) TDO (BFFF);
SDR 16 TDI (FFFF) TDO (FFFF);
SDR 16 TDI (FFFF) TDO (7FFF);
SDR 16 TDI (FFFF) TDO (FFFF);
SDR 16 TDI (FFFF) TDO (BFFF);
SDR 16 TDI (FFFF) TDO (FFFF);
SDR 16 TDI (FFFF) TDO (7FFF);
SDR 16 TDI (FFFF) TDO (EFFF);
SDR 16 TDI (FFFF) TDO (BFFF);
SDR 16 TDI (FFFF) TDO (FFFF);
SDR 16 TDI (FFFF) TDO (7FFF);
SDR 16 TDI (FFFF) TDO (FFFF);
SDR 16 TDI (FFFF) TDO (BFFF);
SDR 16 TDI (FFFF) TDO (FFDF);
SDR 16 TDI (FFFF) TDO (7FFF);
SDR 16 TDI (FFFF) TDO (FFFF);
SDR 16 TDI (FFFF) TDO (BFFF);
SDR 16 TDI (FFFF) TDO (FFFF);
SDR 16 TDI (FFFF) TDO (7FFF);
SDR 16 TDI (FFFF) TDO (FFFF);
SDR 16 TDI (FFFF) TDO (BFFF);
SDR 16 TDI (FFFF) TDO (FFFF);
SDR 16 TDI (FFFF) TDO (7FFF);
SDR 16 TDI (FFFF) TDO (EFFF);
SDR 16 TDI (FFFF) TDO (BFFF);
SDR 16 TDI (FFFF) TDO (FFFF);
SDR 16 TDI (FFFF) TDO (7FFF);
SDR 16 TDI (FFFF) TDO (FFFF);
SDR 16 TDI (FFFF) TDO (BFFF);
SDR 16 TDI (FFFF) TDO (FFFF);
SDR 16 TDI (FFFF) TDO (7FFF);
SDR 16 TDI (FFFF) TDO (FFFF);
SDR 16 TDI (FFFF) TDO (BFFF);
SDR 16 TDI (FFFF) TDO (FFFF);
SDR 16 TDI (FFFF) TDO (7FFF);
SDR 16 TDI (FFFF) TDO (FFFF);
SDR 16 TDI (FFFF) TDO (BFFF);
SDR 16 TDI (FFFF) TDO (FFFF);
SDR 16 TDI (FFFF) TDO (7FFF);
SDR 16 TDI (FFFF) TDO (FFFF);
SDR 16 TDI (FFFF) TDO (BFFF);
SDR 16 TDI (FFFF) TDO (FFFF);
SDR 16 TDI (FFFF) TDO (7FFF);
SDR 16 TDI (FFFF) TDO (FFFF);
SDR 16 TDI (FFFF) TDO (BFFF);
SDR 16 TDI (FFFF) TDO (FFFF);
SDR 16 TDI (FFFF) TDO (7FFF);
SDR 16 TDI (FFFF) TDO (FFFF);
SDR 16 TDI (FFFF) TDO (BFFF);
SDR 16 TDI (FFFF) TDO (FFFF);
SDR 16 TDI (FFFF) TDO (7FFF);
SDR 16 TDI (FFFF) TDO (FFFF);
SDR 16 TDI (FFFF) TDO (BFFF);
SDR 16 TDI (FFFF) TDO (FFFF);
SDR 16 TDI (FFFF) TDO (7FFF);
SDR 16 TDI (FFFF) TDO (FFFF);
SDR 16 TDI (FFFF) TDO (BFFF);
SDR 16 TDI (FFFF) TDO (FFFF);
SDR 16 TDI (FFFF) TDO (7FFF);
SDR 16 TDI (FFFF) TDO (FFFF);
SDR 16 TDI (FFFF) TDO (BFFF);
SDR 16 TDI (FFFF) TDO (FFBF);
SDR 16 TDI (FFFF) TDO (7FFF);
SDR 16 TDI (FFFF) TDO (FFFF);
SDR 16 TDI (FFFF) TDO (B77F);
SDR 16 TDI (FFFF) TDO (FFFF);
SDR 16 TDI (FFFF) TDO (7FFF);
SDR 16 TDI (FFFF) TDO (FFFF);
SDR 16 TDI (FFFF) TDO (BFFF);
SDR 16 TDI (FFFF) TDO (FFFF);
SDR 16 TDI (FFFF) TDO (7FFF);
SDR 16 TDI (FFFF) TDO (FFFF);
SDR 16 TDI (FFFF) TDO (BFFF);
SDR 16 TDI (FFFF) TDO (FFFF);
SDR 16 TDI (FFFF) TDO (7FFF);
SDR 16 TDI (FFFF) TDO (FFFF);
SDR 16 TDI (FFFF) TDO (BFFF);
SDR 16 TDI (FFFF) TDO (FFFD);
SDR 16 TDI (FFFF) TDO (7FFF);
SDR 16 TDI (FFFF) TDO (FFFF);
SDR 16 TDI (FFFF) TDO (BFFF);
SDR 16 TDI (FFFF) TDO (FFFF);
SDR 16 TDI (FFFF) TDO (7FFF);
SDR 16 TDI (FFFF) TDO (FFFF);
SDR 16 TDI (FFFF) TDO (BFFF);
SDR 16 TDI (FFFF) TDO (FFFF);
SDR 16 TDI (FFFF) TDO (7FFF);
SDR 16 TDI (FFFF) TDO (FFFF);
SDR 16 TDI (FFFF) TDO (BFFF);
SDR 16 TDI (FFFF) TDO (FFFF);
SDR 16 TDI (FFFF) TDO (7FFF);
SDR 16 TDI (FFFF) TDO (FFFF);
SDR 16 TDI (FFFF) TDO (BFFF);
SDR 16 TDI (FFFF) TDO (FFFF);
SDR 16 TDI (FFFF) TDO (77FF);
SDR 16 TDI (FFFF) TDO (FFFF);
SDR 16 TDI (FFFF) TDO (A77F);
SDR 16 TDI (FFFF) TDO (FFFF);
SDR 16 TDI (FFFF) TDO (7FFF);
SDR 16 TDI (FFFF) TDO (FFFF);
SDR 16 TDI (FFFF) TDO (BFFF);
SDR 16 TDI (FFFF) TDO (FFFF);
SDR 16 TDI (FFFF) TDO (7FFF);
SDR 16 TDI (FFFF) TDO (FFFF);
SDR 16 TDI (FFFF) TDO (BFFF);
SDR 16 TDI (FFFF) TDO (FFFF);
SDR 16 TDI (FFFF) TDO (7FFF);
SDR 16 TDI (FFFF) TDO (FFFF);
SDR 16 TDI (FFFF) TDO (BFFF);
SDR 16 TDI (FFFF) TDO (FFFD);
SDR 16 TDI (FFFF) TDO (75FF);
SDR 16 TDI (FFFF) TDO (FFFF);
SDR 16 TDI (FFFF) TDO (ABBF);
SDR 16 TDI (FFFF) TDO (FFFF);
SDR 16 TDI (FFFF) TDO (7FFF);
SDR 16 TDI (FFFF) TDO (FFFF);
SDR 16 TDI (FFFF) TDO (BFFF);
SDR 16 TDI (FFFF) TDO (FFFF);
SDR 16 TDI (FFFF) TDO (7FFF);
SDR 16 TDI (FFFF) TDO (FFFF);
SDR 16 TDI (FFFF) TDO (BFFF);
SDR 16 TDI (FFFF) TDO (FFFF);
SDR 16 TDI (FFFF) TDO (7FFF);
SDR 16 TDI (FFFF) TDO (FFFF);
SDR 16 TDI (FFFF) TDO (BFFF);
SDR 16 TDI (FFFF) TDO (FFFF);
SDR 16 TDI (FFFF) TDO (75FF);
SDR 16 TDI (FFFF) TDO (FFFF);
SDR 16 TDI (FFFF) TDO (BFFF);
SDR 16 TDI (FFFF) TDO (FFFF);
SDR 16 TDI (FFFF) TDO (7FFF);
SDR 16 TDI (FFFF) TDO (FFFF);
SDR 16 TDI (FFFF) TDO (BFFF);
SDR 16 TDI (FFFF) TDO (FFFF);
SDR 16 TDI (FFFF) TDO (7FFF);
SDR 16 TDI (FFFF) TDO (FFFF);
SDR 16 TDI (FFFF) TDO (BFFF);
SDR 16 TDI (FFFF) TDO (FFFF);
SDR 16 TDI (FFFF) TDO (7FFF);
SDR 16 TDI (FFFF) TDO (FFFF);
SDR 16 TDI (FFFF) TDO (BFFF);
SDR 16 TDI (FFFF) TDO (FFFF);
SDR 16 TDI (FFFF) TDO (7FFF);
SDR 16 TDI (FFFF) TDO (FFFF);
SDR 16 TDI (FFFF) TDO (BFFF);
SDR 16 TDI (FFFF) TDO (FFFF);
SDR 16 TDI (FFFF) TDO (7FFF);
SDR 16 TDI (FFFF) TDO (FFFF);
SDR 16 TDI (FFFF) TDO (BFFF);
SDR 16 TDI (FFFF) TDO (FFFF);
SDR 16 TDI (FFFF) TDO (7FFF);
SDR 16 TDI (FFFF) TDO (FFFF);
SDR 16 TDI (FFFF) TDO (BFFF);
SDR 16 TDI (FFFF) TDO (FFFF);
SDR 16 TDI (FFFF) TDO (7FFF);
SDR 16 TDI (FFFF) TDO (FFFF);
SDR 16 TDI (FFFF) TDO (BFFF);
SDR 16 TDI (FFFF) TDO (FFFF);
SDR 16 TDI (FFFF) TDO (7FFF);
SDR 16 TDI (FFFF) TDO (FFFF);
SDR 16 TDI (FFFF) TDO (BFFF);
SDR 16 TDI (FFFF) TDO (FFFF);
SDR 16 TDI (FFFF) TDO (7FFF);
SDR 16 TDI (FFFF) TDO (FFFF);
SDR 16 TDI (FFFF) TDO (BFFF);
SDR 16 TDI (FFFF) TDO (FFFF);
SDR 16 TDI (FFFF) TDO (7FFF);
SDR 16 TDI (FFFF) TDO (FFFF);
SDR 16 TDI (FFFF) TDO (BFFF);
SDR 16 TDI (FFFF) TDO (FFFF);
SDR 16 TDI (FFFF) TDO (7FFF);
SDR 16 TDI (FFFF) TDO (FFFF);
SDR 16 TDI (FFFF) TDO (BFFF);
SDR 16 TDI (FFFF) TDO (FFFF);
SDR 16 TDI (FFFF) TDO (7FFF);
SDR 16 TDI (FFFF) TDO (FFFF);
SDR 16 TDI (FFFF) TDO (BAAF);
SDR 16 TDI (FFFF) TDO (FFFF);
SDR 16 TDI (FFFF) TDO (7FFF);
SDR 16 TDI (FFFF) TDO (FFFF);
SDR 16 TDI (FFFF) TDO (BFFF);
SDR 16 TDI (FFFF) TDO (FFFF);
SDR 16 TDI (FFFF) TDO (7FFF);
SDR 16 TDI (FFFF) TDO (FFFF);
SDR 16 TDI (FFFF) TDO (BFFF);
SDR 16 TDI (FFFF) TDO (FFFF);
SDR 16 TDI (FFFF) TDO (7FFF);
SDR 16 TDI (FFFF) TDO (FFFF);
SDR 16 TDI (FFFF) TDO (BFFF);
SDR 16 TDI (FFFF) TDO (FFEE);
SDR 16 TDI (FFFF) TDO (77FF);
SDR 16 TDI (FFFF) TDO (FFFF);
SDR 16 TDI (FFFF) TDO (BFFF);
SDR 16 TDI (FFFF) TDO (FFFF);
SDR 16 TDI (FFFF) TDO (7FFF);
SDR 16 TDI (FFFF) TDO (FFFF);
SDR 16 TDI (FFFF) TDO (BFFF);
SDR 16 TDI (FFFF) TDO (FFFF);
SDR 16 TDI (FFFF) TDO (7FFF);
SDR 16 TDI (FFFF) TDO (FFFF);
SDR 16 TDI (FFFF) TDO (BFFF);
SDR 16 TDI (FFFF) TDO (FFFF);
SDR 16 TDI (FFFF) TDO (7FFF);
SDR 16 TDI (FFFF) TDO (FFFF);
SDR 16 TDI (FFFF) TDO (BFFF);
SDR 16 TDI (FFFF) TDO (FFFF);
SDR 16 TDI (FFFF) TDO (7FFF);
SDR 16 TDI (FFFF) TDO (FFFF);
SDR 16 TDI (FFFF) TDO (A55F);
SDR 16 TDI (FFFF) TDO (FFFF);
SDR 16 TDI (FFFF) TDO (7FDF);
SDR 16 TDI (FFFF) TDO (FFFF);
SDR 16 TDI (FFFF) TDO (BFFF);
SDR 16 TDI (FFFF) TDO (FFEF);
SDR 16 TDI (FFFF) TDO (7FFF);
SDR 16 TDI (FFFF) TDO (FFFF);
SDR 16 TDI (FFFF) TDO (BFFF);
SDR 16 TDI (FFFF) TDO (7FFF);
SDR 16 TDI (FFFF) TDO (7FFF);
SDR 16 TDI (FFFF) TDO (FFFF);
SDR 16 TDI (FFFF) TDO (B7FF);
SDR 16 TDI (FFFF) TDO (FFF5);
SDR 16 TDI (FFFF) TDO (65FF);
SDR 16 TDI (FFFF) TDO (FFFF);
SDR 16 TDI (FFFF) TDO (AFFF);
SDR 16 TDI (FFFF) TDO (FFFF);
SDR 16 TDI (FFFF) TDO (7FBF);
SDR 16 TDI (FFFF) TDO (FFFF);
SDR 16 TDI (FFFF) TDO (BFFF);
SDR 16 TDI (FFFF) TDO (FFDF);
SDR 16 TDI (FFFF) TDO (7FFF);
SDR 16 TDI (FFFF) TDO (FFFF);
SDR 16 TDI (FFFF) TDO (BFFE);
SDR 16 TDI (FFFF) TDO (FFFF);
SDR 16 TDI (FFFF) TDO (7FFF);
SDR 16 TDI (FFFF) TDO (FFFF);
SDR 16 TDI (FFFF) TDO (AFFF);
SDR 16 TDI (FFFF) TDO (FFFF);
SDR 16 TDI (FFFF) TDO (7DFF);
SDR 16 TDI (FFFF) TDO (FFFF);
SDR 16 TDI (FFFF) TDO (B55F);
SDR 16 TDI (FFFF) TDO (FFFF);
SDR 16 TDI (FFFF) TDO (7FFF);
SDR 16 TDI (FFFF) TDO (FFFF);
SDR 16 TDI (FFFF) TDO (BFFF);
SDR 16 TDI (FFFF) TDO (FFFF);
SDR 16 TDI (FFFF) TDO (7FFF);
SDR 16 TDI (FFFF) TDO (FFFF);
SDR 16 TDI (FFFF) TDO (BFFF);
SDR 16 TDI (FFFF) TDO (FFFF);
SDR 16 TDI (FFFF) TDO (7FFF);
SDR 16 TDI (FFFF) TDO (FFFF);
SDR 16 TDI (FFFF) TDO (BFFF);
SDR 16 TDI (FFFF) TDO (FFF5);
SDR 16 TDI (FFFF) TDO (67FF);
SDR 16 TDI (FFFF) TDO (FFFF);
SDR 16 TDI (FFFF) TDO (BFFF);
SDR 16 TDI (FFFF) TDO (FFFF);
SDR 16 TDI (FFFF) TDO (7FFF);
SDR 16 TDI (FFFF) TDO (FFFF);
SDR 16 TDI (FFFF) TDO (BFFF);
SDR 16 TDI (FFFF) TDO (FFFF);
SDR 16 TDI (FFFF) TDO (7FFF);
SDR 16 TDI (FFFF) TDO (FFFF);
SDR 16 TDI (FFFF) TDO (BFFF);
SDR 16 TDI (FFFF) TDO (FFFF);
SDR 16 TDI (FFFF) TDO (7FFF);
SDR 16 TDI (FFFF) TDO (FFFF);
SDR 16 TDI (FFFF) TDO (BFFF);
SDR 16 TDI (FFFF) TDO (FFBF);
SDR 16 TDI (FFFF) TDO (7FFF);
SDR 16 TDI (FFFF) TDO (FFFF);
SDR 16 TDI (FFFF) TDO (BFFF);
SDR 16 TDI (FFFF) TDO (3333);
SDR 16 TDI (FFFF) TDO (63E6);
SDR 16 TDI (FFFF) TDO (6667);
SDR 16 TDI (FFFF) TDO (B333);
SDR 16 TDI (FFFF) TDO (31F3);
SDR 16 TDI (FFFF) TDO (6666);
SDR 16 TDI (FFFF) TDO (7CCC);
SDR 16 TDI (FFFF) TDO (B98F);
SDR 16 TDI (FFFF) TDO (9999);
SDR 16 TDI (FFFF) TDO (73CC);
SDR 16 TDI (FFFF) TDO (CCC7);
SDR 16 TDI (FFFF) TDO (B999);
SDR 16 TDI (FFFF) TDO (99FF);
SDR 16 TDI (FFFF) TDO (7FFF);
SDR 16 TDI (FFFF) TDO (FFFF);
SDR 16 TDI (FFFF) TDO (BFFF);
SDR 16 TDI (FFFF) TDO (7777);
SDR 16 TDI (FFFF) TDO (6957);
SDR 16 TDI (FFFF) TDO (7777);
SDR 16 TDI (FFFF) TDO (B777);
SDR 16 TDI (FFFF) TDO (74AB);
SDR 16 TDI (FFFF) TDO (7777);
SDR 16 TDI (FFFF) TDO (7DDD);
SDR 16 TDI (FFFF) TDO (BBA5);
SDR 16 TDI (FFFF) TDO (5DDD);
SDR 16 TDI (FFFF) TDO (7BDD);
SDR 16 TDI (FFFF) TDO (DDD2);
SDR 16 TDI (FFFF) TDO (B5DD);
SDR 16 TDI (FFFF) TDO (DDFF);
SDR 16 TDI (FFFF) TDO (7FFF);
SDR 16 TDI (FFFF) TDO (FFFF);
SDR 16 TDI (FFFF) TDO (BFFF);
SDR 16 TDI (FFFF) TDO (FFFF);
SDR 16 TDI (FFFF) TDO (7FDF);
SDR 16 TDI (FFFF) TDO (FFFF);
SDR 16 TDI (FFFF) TDO (BFFF);
SDR 16 TDI (FFFF) TDO (FFEF);
SDR 16 TDI (FFFF) TDO (7FFF);
SDR 16 TDI (FFFF) TDO (FFFF);
SDR 16 TDI (FFFF) TDO (BFFF);
SDR 16 TDI (FFFF) TDO (7FFF);
SDR 16 TDI (FFFF) TDO (7FFF);
SDR 16 TDI (FFFF) TDO (FFFF);
SDR 16 TDI (FFFF) TDO (B7FF);
SDR 16 TDI (FFFF) TDO (FFDF);
SDR 16 TDI (FFFF) TDO (7FFF);
SDR 16 TDI (FFFF) TDO (FFFF);
SDR 16 TDI (FFFF) TDO (BFFF);
SDR 16 TDI (FFFF) TDO (FFFF);
SDR 16 TDI (FFFF) TDO (7FFF);
SDR 16 TDI (FFFF) TDO (FFFF);
SDR 16 TDI (FFFF) TDO (BFFF);
SDR 16 TDI (FFFF) TDO (FFFF);
SDR 16 TDI (FFFF) TDO (7FFF);
SDR 16 TDI (FFFF) TDO (FFFF);
SDR 16 TDI (FFFF) TDO (BFFF);
SDR 16 TDI (FFFF) TDO (FFFF);
SDR 16 TDI (FFFF) TDO (7FFF);
SDR 16 TDI (FFFF) TDO (FFFF);
SDR 16 TDI (FFFF) TDO (BFFF);
SDR 16 TDI (FFFF) TDO (FFFF);
SDR 16 TDI (FFFF) TDO (7FFF);
SDR 16 TDI (FFFF) TDO (FFFF);
SDR 16 TDI (FFFF) TDO (BFFF);
SDR 16 TDI (FFFF) TDO (FFFF);
SDR 16 TDI (FFFF) TDO (7FFF);
SDR 16 TDI (FFFF) TDO (FFFD);
SDR 16 TDI (FFFF) TDO (BFFF);
SDR 16 TDI (FFFF) TDO (FFFD);
SDR 16 TDI (FFFF) TDO (7FFF);
SDR 16 TDI (FFFF) TDO (FFFF);
SDR 16 TDI (FFFF) TDO (BFFF);
SDR 16 TDI (FFFF) TDO (FFFE);
SDR 16 TDI (FFFF) TDO (7FFF);
SDR 16 TDI (FFFF) TDO (BFFF);
SDR 16 TDI (FFFF) TDO (BFFF);
SDR 16 TDI (FFFF) TDO (FEFF);
SDR 16 TDI (FFFF) TDO (7FFF);
SDR 16 TDI (FFFF) TDO (FFFF);
SDR 16 TDI (FFFF) TDO (AFFF);
SDR 16 TDI (FFFF) TDO (FFFF);
SDR 16 TDI (FFFF) TDO (7FFF);
SDR 16 TDI (FFFF) TDO (FFFB);
SDR 16 TDI (FFFF) TDO (BFFF);
SDR 16 TDI (FFFF) TDO (FFFF);
SDR 16 TDI (FFFF) TDO (7FFF);
SDR 16 TDI (FFFF) TDO (FFFF);
SDR 16 TDI (FFFF) TDO (BFFF);
SDR 16 TDI (FFFF) TDO (FFFF);
SDR 16 TDI (FFFF) TDO (7FFF);
SDR 16 TDI (FFFF) TDO (FFFF);
SDR 16 TDI (FFFF) TDO (BFFF);
SDR 16 TDI (FFFF) TDO (FFFF);
SDR 16 TDI (FFFF) TDO (7DFF);
SDR 16 TDI (FFFF) TDO (FFFF);
SDR 16 TDI (FFFF) TDO (AFFF);
SDR 16 TDI (FFFF) TDO (FFFF);
SDR 16 TDI (FFFF) TDO (7FFF);
SDR 16 TDI (FFFF) TDO (FFFF);
SDR 16 TDI (FFFF) TDO (BFFF);
SDR 16 TDI (FFFF) TDO (FFFF);
SDR 16 TDI (FFFF) TDO (7FFF);
SDR 16 TDI (FFFF) TDO (FFFF);
SDR 16 TDI (FFFF) TDO (BFFF);
SDR 16 TDI (FFFF) TDO (FFFF);
SDR 16 TDI (FFFF) TDO (7FFF);
SDR 16 TDI (FFFF) TDO (FFFF);
SDR 16 TDI (FFFF) TDO (BFFF);
SDR 16 TDI (FFFF) TDO (FFFF);
SDR 16 TDI (FFFF) TDO (7DFF);
SDR 16 TDI (FFFF) TDO (FFFF);
SDR 16 TDI (FFFF) TDO (BFFF);
SDR 16 TDI (FFFF) TDO (FFFF);
SDR 16 TDI (FFFF) TDO (7FFF);
SDR 16 TDI (FFFF) TDO (FFFF);
SDR 16 TDI (FFFF) TDO (BFFF);
SDR 16 TDI (FFFF) TDO (FFFB);
SDR 16 TDI (FFFF) TDO (7FFF);
SDR 16 TDI (FFFF) TDO (FFFF);
SDR 16 TDI (FFFF) TDO (BFFF);
SDR 16 TDI (FFFF) TDO (FFFF);
SDR 16 TDI (FFFF) TDO (7FFF);
SDR 16 TDI (FFFF) TDO (DFFF);
SDR 16 TDI (FFFF) TDO (BFFF);
SDR 16 TDI (FFFF) TDO (FDFF);
SDR 16 TDI (FFFF) TDO (7FFF);
SDR 16 TDI (FFFF) TDO (FFFF);
SDR 16 TDI (FFFF) TDO (BFFF);
SDR 16 TDI (FFFF) TDO (FFFF);
SDR 16 TDI (FFFF) TDO (7FFF);
SDR 16 TDI (FFFF) TDO (FFFF);
SDR 16 TDI (FFFF) TDO (BFFE);
SDR 16 TDI (FFFF) TDO (FFFF);
SDR 16 TDI (FFFF) TDO (7FF5);
SDR 16 TDI (FFFF) TDO (FFFF);
SDR 16 TDI (FFFF) TDO (BFBF);
SDR 16 TDI (FFFF) TDO (DFFF);
SDR 16 TDI (FFFF) TDO (7FFF);
SDR 16 TDI (FFFF) TDO (FFFF);
SDR 16 TDI (FFFF) TDO (BFDF);
SDR 16 TDI (FFFF) TDO (FFFF);
SDR 16 TDI (FFFF) TDO (7FFF);
SDR 16 TDI (FFFF) TDO (FFFF);
SDR 16 TDI (FFFF) TDO (BFFF);
SDR 16 TDI (FFFF) TDO (FFFF);
SDR 16 TDI (FFFF) TDO (7FFF);
SDR 16 TDI (FFFF) TDO (FFFF);
SDR 16 TDI (FFFF) TDO (BFFF);
SDR 16 TDI (FFFF) TDO (FFFD);
SDR 16 TDI (FFFF) TDO (7FFF);
SDR 16 TDI (FFFF) TDO (EFFF);
SDR 16 TDI (FFFF) TDO (BFFF);
SDR 16 TDI (FFFF) TDO (FEEF);
SDR 16 TDI (FFFF) TDO (7FFF);
SDR 16 TDI (FFFF) TDO (DFFF);
SDR 16 TDI (FFFF) TDO (BFEF);
SDR 16 TDI (FFFF) TDO (FDFF);
SDR 16 TDI (FFFF) TDO (7FFF);
SDR 16 TDI (FFFF) TDO (FFFF);
SDR 16 TDI (FFFF) TDO (BFFF);
SDR 16 TDI (FFFF) TDO (FFFF);
SDR 16 TDI (FFFF) TDO (7FFF);
SDR 16 TDI (FFFF) TDO (FFFF);
SDR 16 TDI (FFFF) TDO (BFFE);
SDR 16 TDI (FFFF) TDO (FFFB);
SDR 16 TDI (FFFF) TDO (7FF3);
SDR 16 TDI (FFFF) TDO (FFFF);
SDR 16 TDI (FFFF) TDO (BFBF);
SDR 16 TDI (FFFF) TDO (BFFF);
SDR 16 TDI (FFFF) TDO (7FFF);
SDR 16 TDI (FFFF) TDO (FFFF);
SDR 16 TDI (FFFF) TDO (BFDF);
SDR 16 TDI (FFFF) TDO (FFFF);
SDR 16 TDI (FFFF) TDO (7FFF);
SDR 16 TDI (FFFF) TDO (FFFF);
SDR 16 TDI (FFFF) TDO (BFFF);
SDR 16 TDI (FFFF) TDO (FFFF);
SDR 16 TDI (FFFF) TDO (7FFF);
SDR 16 TDI (FFFF) TDO (FFFF);
SDR 16 TDI (FFFF) TDO (BFFD);
SDR 16 TDI (FFFF) TDO (FFFF);
SDR 16 TDI (FFFF) TDO (7BFD);
SDR 16 TDI (FFFF) TDO (EFFD);
SDR 16 TDI (FFFF) TDO (BFFF);
SDR 16 TDI (FFFF) TDO (FAFF);
SDR 16 TDI (FFFF) TDO (6EF7);
SDR 16 TDI (FFFF) TDO (F7FF);
SDR 16 TDI (FFFF) TDO (BFFF);
SDR 16 TDI (FFFF) TDO (FEDF);
SDR 16 TDI (FFFF) TDO (7FFF);
SDR 16 TDI (FFFF) TDO (FFFF);
SDR 16 TDI (FFFF) TDO (BFFF);
SDR 16 TDI (FFFF) TDO (FFFF);
SDR 16 TDI (FFFF) TDO (7FFF);
SDR 16 TDI (FFFF) TDO (FFFF);
SDR 16 TDI (FFFF) TDO (BFFF);
SDR 16 TDI (FFFF) TDO (F7FF);
SDR 16 TDI (FFFF) TDO (7EAF);
SDR 16 TDI (FFFF) TDO (EFFF);
SDR 16 TDI (FFFF) TDO (BDBF);
SDR 16 TDI (FFFF) TDO (FFFF);
SDR 16 TDI (FFFF) TDO (7FFF);
SDR 16 TDI (FFFF) TDO (FDDF);
SDR 16 TDI (FFFF) TDO (BFBF);
SDR 16 TDI (FFFF) TDO (FFFF);
SDR 16 TDI (FFFF) TDO (7FFF);
SDR 16 TDI (FFFF) TDO (FFFF);
SDR 16 TDI (FFFF) TDO (BFFF);
SDR 16 TDI (FFFF) TDO (FFFF);
SDR 16 TDI (FFFF) TDO (7FFF);
SDR 16 TDI (FFFF) TDO (FFFF);
SDR 16 TDI (FFFF) TDO (BFED);
SDR 16 TDI (FFFF) TDO (FFFF);
SDR 16 TDI (FFFF) TDO (7FDD);
SDR 16 TDI (FFFF) TDO (FFFF);
SDR 16 TDI (FFFF) TDO (BFFF);
SDR 16 TDI (FFFF) TDO (FDEF);
SDR 16 TDI (FFFF) TDO (7FF7);
SDR 16 TDI (FFFF) TDO (F7FF);
SDR 16 TDI (FFFF) TDO (BFDF);
SDR 16 TDI (FFFF) TDO (FF7F);
SDR 16 TDI (FFFF) TDO (7FFF);
SDR 16 TDI (FFFF) TDO (FFFF);
SDR 16 TDI (FFFF) TDO (BFFF);
SDR 16 TDI (FFFF) TDO (FFFF);
SDR 16 TDI (FFFF) TDO (7FFF);
SDR 16 TDI (FFFF) TDO (FFFF);
SDR 16 TDI (FFFF) TDO (BFFF);
SDR 16 TDI (FFFF) TDO (FFFF);
SDR 16 TDI (FFFF) TDO (7AEF);
SDR 16 TDI (FFFF) TDO (FFFE);
SDR 16 TDI (FFFF) TDO (BDFF);
SDR 16 TDI (FFFF) TDO (FEFF);
SDR 16 TDI (FFFF) TDO (6DFF);
SDR 16 TDI (FFFF) TDO (FDFF);
SDR 16 TDI (FFFF) TDO (BFFF);
SDR 16 TDI (FFFF) TDO (FFBF);
SDR 16 TDI (FFFF) TDO (7FFF);
SDR 16 TDI (FFFF) TDO (FFFF);
SDR 16 TDI (FFFF) TDO (A55F);
SDR 16 TDI (FFFF) TDO (FFFF);
SDR 16 TDI (FFFF) TDO (7FFF);
SDR 16 TDI (FFFF) TDO (FFFE);
SDR 16 TDI (FFFF) TDO (BF6F);
SDR 16 TDI (FFFF) TDO (BFFF);
SDR 16 TDI (FFFF) TDO (7FBD);
SDR 16 TDI (FFFF) TDO (FFFF);
SDR 16 TDI (FFFF) TDO (BFFF);
SDR 16 TDI (FFFF) TDO (FFFD);
SDR 16 TDI (FFFF) TDO (7FFF);
SDR 16 TDI (FFFF) TDO (FFBF);
SDR 16 TDI (FFFF) TDO (BFFF);
SDR 16 TDI (FFFF) TDO (FFF5);
SDR 16 TDI (FFFF) TDO (65FF);
SDR 16 TDI (FFFF) TDO (FFFF);
SDR 16 TDI (FFFF) TDO (AFFF);
SDR 16 TDI (FFFF) TDO (FFFF);
SDR 16 TDI (FFFF) TDO (7FFF);
SDR 16 TDI (FFFF) TDO (FFFF);
SDR 16 TDI (FFFF) TDO (BFF9);
SDR 16 TDI (FFFF) TDO (FBF9);
SDR 16 TDI (FFFF) TDO (6DFF);
SDR 16 TDI (FFFF) TDO (BFFD);
SDR 16 TDI (FFFF) TDO (BFDF);
SDR 16 TDI (FFFF) TDO (DDD6);
SDR 16 TDI (FFFF) TDO (7BFD);
SDR 16 TDI (FFFF) TDO (EDEF);
SDR 16 TDI (FFFF) TDO (BFFF);
SDR 16 TDI (FFFF) TDO (FFFF);
SDR 16 TDI (FFFF) TDO (7DFF);
SDR 16 TDI (FFFF) TDO (FFFF);
SDR 16 TDI (FFFF) TDO (A55F);
SDR 16 TDI (FFFF) TDO (FFFF);
SDR 16 TDI (FFFF) TDO (7FFF);
SDR 16 TDI (FFFF) TDO (FFFF);
SDR 16 TDI (FFFF) TDO (BBFF);
SDR 16 TDI (FFFF) TDO (FFFF);
SDR 16 TDI (FFFF) TDO (7AEF);
SDR 16 TDI (FFFF) TDO (FFFF);
SDR 16 TDI (FFFF) TDO (BFFF);
SDR 16 TDI (FFFF) TDO (FFFF);
SDR 16 TDI (FFFF) TDO (7FDF);
SDR 16 TDI (FFFF) TDO (FF7F);
SDR 16 TDI (FFFF) TDO (BFDD);
SDR 16 TDI (FFFF) TDO (FDF5);
SDR 16 TDI (FFFF) TDO (65FF);
SDR 16 TDI (FFFF) TDO (FFFF);
SDR 16 TDI (FFFF) TDO (AAAF);
SDR 16 TDI (FFFF) TDO (FFFF);
SDR 16 TDI (FFFF) TDO (7FFF);
SDR 16 TDI (FFFF) TDO (FFFE);
SDR 16 TDI (FFFF) TDO (BF7B);
SDR 16 TDI (FFFF) TDO (BFFF);
SDR 16 TDI (FFFF) TDO (7FFE);
SDR 16 TDI (FFFF) TDO (FFFF);
SDR 16 TDI (FFFF) TDO (BFFF);
SDR 16 TDI (FFFF) TDO (3F7F);
SDR 16 TDI (FFFF) TDO (7FDF);
SDR 16 TDI (FFFF) TDO (E7EF);
SDR 16 TDI (FFFF) TDO (BF75);
SDR 16 TDI (FFFF) TDO (DDEE);
SDR 16 TDI (FFFF) TDO (75FF);
SDR 16 TDI (FFFF) TDO (FFFF);
SDR 16 TDI (FFFF) TDO (BFFF);
SDR 16 TDI (FFFF) TDO (FFFF);
SDR 16 TDI (FFFF) TDO (7FFF);
SDR 16 TDI (FFFF) TDO (FFFF);
SDR 16 TDI (FFFF) TDO (BEED);
SDR 16 TDI (FFFF) TDO (E7FB);
SDR 16 TDI (FFFF) TDO (76AB);
SDR 16 TDI (FFFF) TDO (DFF9);
SDR 16 TDI (FFFF) TDO (BF7F);
SDR 16 TDI (FFFF) TDO (F5CE);
SDR 16 TDI (FFFF) TDO (79FA);
SDR 16 TDI (FFFF) TDO (BFFF);
SDR 16 TDI (FFFF) TDO (BFFF);
SDR 16 TDI (FFFF) TDO (FFFF);
SDR 16 TDI (FFFF) TDO (7FFF);
SDR 16 TDI (FFFF) TDO (FFFF);
SDR 16 TDI (FFFF) TDO (BFFF);
SDR 16 TDI (FFFF) TDO (FFFF);
SDR 16 TDI (FFFF) TDO (7FFF);
SDR 16 TDI (FFFF) TDO (FFFF);
SDR 16 TDI (FFFF) TDO (BBFF);
SDR 16 TDI (FFFF) TDO (EFFF);
SDR 16 TDI (FFFF) TDO (7FFF);
SDR 16 TDI (FFFF) TDO (FFF7);
SDR 16 TDI (FFFF) TDO (BFBF);
SDR 16 TDI (FFFF) TDO (F6FD);
SDR 16 TDI (FFFF) TDO (7D77);
SDR 16 TDI (FFFF) TDO (F6FF);
SDR 16 TDI (FFFF) TDO (BAB7);
SDR 16 TDI (FFFF) TDO (777F);
SDR 16 TDI (FFFF) TDO (7FFF);
SDR 16 TDI (FFFF) TDO (FFFF);
SDR 16 TDI (FFFF) TDO (BFFF);
SDR 16 TDI (FFFF) TDO (FFFF);
SDR 16 TDI (FFFF) TDO (7FFF);
SDR 16 TDI (FFFF) TDO (FFFE);
SDR 16 TDI (FFFF) TDO (BB7F);
SDR 16 TDI (FFFF) TDO (37FE);
SDR 16 TDI (FFFF) TDO (7A6E);
SDR 16 TDI (FFFF) TDO (9FFF);
SDR 16 TDI (FFFF) TDO (BF9F);
SDR 16 TDI (FFFF) TDO (F8FA);
SDR 16 TDI (FFFF) TDO (7F71);
SDR 16 TDI (FFFF) TDO (D6CF);
SDR 16 TDI (FFFF) TDO (BBF7);
SDR 16 TDI (FFFF) TDO (777F);
SDR 16 TDI (FFFF) TDO (7FFF);
SDR 16 TDI (FFFF) TDO (FFFF);
SDR 16 TDI (FFFF) TDO (BAAF);
SDR 16 TDI (FFFF) TDO (FFFF);
SDR 16 TDI (FFFF) TDO (7FFF);
SDR 16 TDI (FFFF) TDO (FFFF);
SDR 16 TDI (FFFF) TDO (B6D9);
SDR 16 TDI (FFFF) TDO (CBF3);
SDR 16 TDI (FFFF) TDO (75B5);
SDR 16 TDI (FFFF) TDO (FFFB);
SDR 16 TDI (FFFF) TDO (BF7F);
SDR 16 TDI (FFFF) TDO (BFE5);
SDR 16 TDI (FFFF) TDO (7DFF);
SDR 16 TDI (FFFF) TDO (FF3F);
SDR 16 TDI (FFFF) TDO (BF3F);
SDR 16 TDI (FFFF) TDO (FFFF);
SDR 16 TDI (FFFF) TDO (7FFF);
SDR 16 TDI (FFFF) TDO (FFFF);
SDR 16 TDI (FFFF) TDO (BFFF);
SDR 16 TDI (FFFF) TDO (FFFF);
SDR 16 TDI (FFFF) TDO (7FFF);
SDR 16 TDI (FFFF) TDO (FFFF);
SDR 16 TDI (FFFF) TDO (AFA6);
SDR 16 TDI (FFFF) TDO (FFFF);
SDR 16 TDI (FFFF) TDO (6FDB);
SDR 16 TDI (FFFF) TDO (FFF4);
SDR 16 TDI (FFFF) TDO (BFFF);
SDR 16 TDI (FFFF) TDO (471F);
SDR 16 TDI (FFFF) TDO (62CE);
SDR 16 TDI (FFFF) TDO (A9FF);
SDR 16 TDI (FFFF) TDO (BEC9);
SDR 16 TDI (FFFF) TDO (B9FF);
SDR 16 TDI (FFFF) TDO (7FFF);
SDR 16 TDI (FFFF) TDO (FFFF);
SDR 16 TDI (FFFF) TDO (A55F);
SDR 16 TDI (FFFF) TDO (FFFF);
SDR 16 TDI (FFFF) TDO (7FDF);
SDR 16 TDI (FFFF) TDO (FFFE);
SDR 16 TDI (FFFF) TDO (A00A);
SDR 16 TDI (FFFF) TDO (CBE0);
SDR 16 TDI (FFFF) TDO (618A);
SDR 16 TDI (FFFF) TDO (3FF2);
SDR 16 TDI (FFFF) TDO (BF9E);
SDR 16 TDI (FFFF) TDO (1FFE);
SDR 16 TDI (FFFF) TDO (730E);
SDR 16 TDI (FFFF) TDO (E04F);
SDR 16 TDI (FFFF) TDO (B040);
SDR 16 TDI (FFFF) TDO (67F5);
SDR 16 TDI (FFFF) TDO (65FF);
SDR 16 TDI (FFFF) TDO (FFFF);
SDR 16 TDI (FFFF) TDO (AFFF);
SDR 16 TDI (FFFF) TDO (FFFF);
SDR 16 TDI (FFFF) TDO (7FBF);
SDR 16 TDI (FFFF) TDO (FFFE);
SDR 16 TDI (FFFF) TDO (B42B);
SDR 16 TDI (FFFF) TDO (C3DC);
SDR 16 TDI (FFFF) TDO (61C2);
SDR 16 TDI (FFFF) TDO (BFF2);
SDR 16 TDI (FFFF) TDO (BF9E);
SDR 16 TDI (FFFF) TDO (800A);
SDR 16 TDI (FFFF) TDO (710C);
SDR 16 TDI (FFFF) TDO (E04F);
SDR 16 TDI (FFFF) TDO (A880);
SDR 16 TDI (FFFF) TDO (07FE);
SDR 16 TDI (FFFF) TDO (75FF);
SDR 16 TDI (FFFF) TDO (FFFF);
SDR 16 TDI (FFFF) TDO (B55F);
SDR 16 TDI (FFFF) TDO (FFFF);
SDR 16 TDI (FFFF) TDO (7FFF);
SDR 16 TDI (FFFF) TDO (FFFE);
SDR 16 TDI (FFFF) TDO (A846);
SDR 16 TDI (FFFF) TDO (FFF0);
SDR 16 TDI (FFFF) TDO (7D8C);
SDR 16 TDI (FFFF) TDO (3FFB);
SDR 16 TDI (FFFF) TDO (BFDF);
SDR 16 TDI (FFFF) TDO (8F9E);
SDR 16 TDI (FFFF) TDO (7034);
SDR 16 TDI (FFFF) TDO (004F);
SDR 16 TDI (FFFF) TDO (B800);
SDR 16 TDI (FFFF) TDO (67F5);
SDR 16 TDI (FFFF) TDO (7FFF);
SDR 16 TDI (FFFF) TDO (FFFF);
SDR 16 TDI (FFFF) TDO (BFFF);
SDR 16 TDI (FFFF) TDO (FFFF);
SDR 16 TDI (FFFF) TDO (7FFF);
SDR 16 TDI (FFFF) TDO (FFFE);
SDR 16 TDI (FFFF) TDO (B852);
SDR 16 TDI (FFFF) TDO (47F0);
SDR 16 TDI (FFFF) TDO (6D8D);
SDR 16 TDI (FFFF) TDO (3FF9);
SDR 16 TDI (FFFF) TDO (BFDF);
SDR 16 TDI (FFFF) TDO (8106);
SDR 16 TDI (FFFF) TDO (700C);
SDR 16 TDI (FFFF) TDO (08FF);
SDR 16 TDI (FFFF) TDO (B881);
SDR 16 TDI (FFFF) TDO (81FF);
SDR 16 TDI (FFFF) TDO (7FFF);
SDR 16 TDI (FFFF) TDO (FFFF);
SDR 16 TDI (FFFF) TDO (BFFF);
SDR 16 TDI (FFFF) TDO (3333);
SDR 16 TDI (FFFF) TDO (63E6);
SDR 16 TDI (FFFF) TDO (6667);
SDR 16 TDI (FFFF) TDO (BB3B);
SDR 16 TDI (FFFF) TDO (39F6);
SDR 16 TDI (FFFF) TDO (6666);
SDR 16 TDI (FFFF) TDO (7CCE);
SDR 16 TDI (FFFF) TDO (B9CF);
SDR 16 TDI (FFFF) TDO (9BBB);
SDR 16 TDI (FFFF) TDO (718E);
SDR 16 TDI (FFFF) TDO (C2E7);
SDR 16 TDI (FFFF) TDO (B9A0);
SDR 16 TDI (FFFF) TDO (99DD);
SDR 16 TDI (FFFF) TDO (7FFF);
SDR 16 TDI (FFFF) TDO (FFFF);
SDR 16 TDI (FFFF) TDO (BFFF);
SDR 16 TDI (FFFF) TDO (7777);
SDR 16 TDI (FFFF) TDO (6957);
SDR 16 TDI (FFFF) TDO (7777);
SDR 16 TDI (FFFF) TDO (B373);
SDR 16 TDI (FFFF) TDO (72A3);
SDR 16 TDI (FFFF) TDO (7777);
SDR 16 TDI (FFFF) TDO (7DDC);
SDR 16 TDI (FFFF) TDO (BB85);
SDR 16 TDI (FFFF) TDO (5999);
SDR 16 TDI (FFFF) TDO (7BDC);
SDR 16 TDI (FFFF) TDO (9CCA);
SDR 16 TDI (FFFF) TDO (B59D);
SDR 16 TDI (FFFF) TDO (CCFD);
SDR 16 TDI (FFFF) TDO (7FFF);
SDR 16 TDI (FFFF) TDO (FFFF);
SDR 16 TDI (FFFF) TDO (BFFF);
SDR 16 TDI (FFFF) TDO (FFFF);
SDR 16 TDI (FFFF) TDO (7FDF);
SDR 16 TDI (FFFF) TDO (FFFF);
SDR 16 TDI (FFFF) TDO (BFBF);
SDR 16 TDI (FFFF) TDO (BFE6);
SDR 16 TDI (FFFF) TDO (6EEE);
SDR 16 TDI (FFFF) TDO (FFFF);
SDR 16 TDI (FFFF) TDO (BFEF);
SDR 16 TDI (FFFF) TDO (3F7F);
SDR 16 TDI (FFFF) TDO (7FFF);
SDR 16 TDI (FFFF) TDO (F7FF);
SDR 16 TDI (FFFF) TDO (B3F7);
SDR 16 TDI (FFFF) TDO (FFDF);
SDR 16 TDI (FFFF) TDO (7FFF);
SDR 16 TDI (FFFF) TDO (FFFF);
SDR 16 TDI (FFFF) TDO (BFFF);
SDR 16 TDI (FFFF) TDO (FFFF);
SDR 16 TDI (FFFF) TDO (7FFF);
SDR 16 TDI (FFFF) TDO (FFFF);
SDR 16 TDI (FFFF) TDO (BFDF);
SDR 16 TDI (FFFF) TDO (DBFF);
SDR 16 TDI (FFFF) TDO (7FEF);
SDR 16 TDI (FFFF) TDO (7FFF);
SDR 16 TDI (FFFF) TDO (BFFF);
SDR 16 TDI (FFFF) TDO (FFFF);
SDR 16 TDI (FFFF) TDO (7F7D);
SDR 16 TDI (FFFF) TDO (FFFF);
SDR 16 TDI (FFFF) TDO (BEDF);
SDR 16 TDI (FFFF) TDO (FFFF);
SDR 16 TDI (FFFF) TDO (7FFF);
SDR 16 TDI (FFFF) TDO (FFFF);
SDR 16 TDI (FFFF) TDO (BFFF);
SDR 16 TDI (FFFF) TDO (FFFF);
SDR 16 TDI (FFFF) TDO (7FFF);
SDR 16 TDI (FFFF) TDO (FFFF);
SDR 16 TDI (FFFF) TDO (B7FF);
SDR 16 TDI (FFFF) TDO (BFFF);
SDR 16 TDI (FFFF) TDO (6FFF);
SDR 16 TDI (FFFF) TDO (FFFF);
SDR 16 TDI (FFFF) TDO (BBFF);
SDR 16 TDI (FFFF) TDO (FFBF);
SDR 16 TDI (FFFF) TDO (7BFB);
SDR 16 TDI (FFFF) TDO (F7DF);
SDR 16 TDI (FFFF) TDO (BDEF);
SDR 16 TDI (FFFF) TDO (FFFF);
SDR 16 TDI (FFFF) TDO (7FFF);
SDR 16 TDI (FFFF) TDO (FFFF);
SDR 16 TDI (FFFF) TDO (AFFF);
SDR 16 TDI (FFFF) TDO (FFFF);
SDR 16 TDI (FFFF) TDO (7FFF);
SDR 16 TDI (FFFF) TDO (FFFF);
SDR 16 TDI (FFFF) TDO (BFDF);
SDR 16 TDI (FFFF) TDO (F7FF);
SDR 16 TDI (FFFF) TDO (7FFF);
SDR 16 TDI (FFFF) TDO (FFFF);
SDR 16 TDI (FFFF) TDO (BBFF);
SDR 16 TDI (FFFF) TDO (FFFF);
SDR 16 TDI (FFFF) TDO (7B7F);
SDR 16 TDI (FFFF) TDO (F7DF);
SDR 16 TDI (FFFF) TDO (BDFF);
SDR 16 TDI (FFFF) TDO (FFFF);
SDR 16 TDI (FFFF) TDO (7DFF);
SDR 16 TDI (FFFF) TDO (FFFF);
SDR 16 TDI (FFFF) TDO (AFFF);
SDR 16 TDI (FFFF) TDO (FFFF);
SDR 16 TDI (FFFF) TDO (7FFF);
SDR 16 TDI (FFFF) TDO (FFFF);
SDR 16 TDI (FFFF) TDO (B7FF);
SDR 16 TDI (FFFF) TDO (EFFF);
SDR 16 TDI (FFFF) TDO (7FEE);
SDR 16 TDI (FFFF) TDO (FFFF);
SDR 16 TDI (FFFF) TDO (BFFF);
SDR 16 TDI (FFFF) TDO (FFFF);
SDR 16 TDI (FFFF) TDO (7FFD);
SDR 16 TDI (FFFF) TDO (FFFF);
SDR 16 TDI (FFFF) TDO (BF5F);
SDR 16 TDI (FFFF) TDO (FFFF);
SDR 16 TDI (FFFF) TDO (7DFF);
SDR 16 TDI (FFFF) TDO (FFFF);
SDR 16 TDI (FFFF) TDO (BFFF);
SDR 16 TDI (FFFF) TDO (FFFF);
SDR 16 TDI (FFFF) TDO (7FFF);
SDR 16 TDI (FFFF) TDO (FFFF);
SDR 16 TDI (FFFF) TDO (BFFF);
SDR 16 TDI (FFFF) TDO (FFFF);
SDR 16 TDI (FFFF) TDO (7FFF);
SDR 16 TDI (FFFF) TDO (FFFF);
SDR 16 TDI (FFFF) TDO (BFFF);
SDR 16 TDI (FFFF) TDO (FFFF);
SDR 16 TDI (FFFF) TDO (7FFF);
SDR 16 TDI (FFFF) TDO (7FBF);
SDR 16 TDI (FFFF) TDO (BFFF);
SDR 16 TDI (FFFF) TDO (FFFF);
SDR 16 TDI (FFFF) TDO (7FFF);
SDR 16 TDI (FFFF) TDO (FFFF);
SDR 16 TDI (FFFF) TDO (BFFF);
SDR 16 TDI (FFFF) TDO (FFFF);
SDR 16 TDI (FFFF) TDO (7FFF);
SDR 16 TDI (FFFF) TDO (FFFF);
SDR 16 TDI (FFFF) TDO (BFFD);
SDR 16 TDI (FFFF) TDO (FFFF);
SDR 16 TDI (FFFF) TDO (7F7F);
SDR 16 TDI (FFFF) TDO (FFFF);
SDR 16 TDI (FFFF) TDO (BFFF);
SDR 16 TDI (FFFF) TDO (DFFF);
SDR 16 TDI (FFFF) TDO (7FFF);
SDR 16 TDI (FFFF) TDO (FFFF);
SDR 16 TDI (FFFF) TDO (BFFF);
SDR 16 TDI (FFFF) TDO (FFFF);
SDR 16 TDI (FFFF) TDO (7FFF);
SDR 16 TDI (FFFF) TDO (FFFF);
SDR 16 TDI (FFFF) TDO (BFFF);
SDR 16 TDI (FFFF) TDO (FFFF);
SDR 16 TDI (FFFF) TDO (7FFF);
SDR 16 TDI (FFFF) TDO (FFFF);
SDR 16 TDI (FFFF) TDO (BFFF);
SDR 16 TDI (FFFF) TDO (FFFD);
SDR 16 TDI (FFFF) TDO (7F7B);
SDR 16 TDI (FFFF) TDO (EFBA);
SDR 16 TDI (FFFF) TDO (BF7F);
SDR 16 TDI (FFFF) TDO (FFEF);
SDR 16 TDI (FFFF) TDO (77EE);
SDR 16 TDI (FFFF) TDO (FFFF);
SDR 16 TDI (FFFF) TDO (BFFB);
SDR 16 TDI (FFFF) TDO (FFFF);
SDR 16 TDI (FFFF) TDO (7FFF);
SDR 16 TDI (FFFF) TDO (FFFF);
SDR 16 TDI (FFFF) TDO (BFFF);
SDR 16 TDI (FFFF) TDO (FFFF);
SDR 16 TDI (FFFF) TDO (7FFF);
SDR 16 TDI (FFFF) TDO (FFFF);
SDR 16 TDI (FFFF) TDO (BFFE);
SDR 16 TDI (FFFF) TDO (FFFF);
SDR 16 TDI (FFFF) TDO (7FFF);
SDR 16 TDI (FFFF) TDO (FFFF);
SDR 16 TDI (FFFF) TDO (BFFF);
SDR 16 TDI (FFFF) TDO (BFFF);
SDR 16 TDI (FFFF) TDO (7FFF);
SDR 16 TDI (FFFF) TDO (7FBF);
SDR 16 TDI (FFFF) TDO (BFFF);
SDR 16 TDI (FFFF) TDO (FFFF);
SDR 16 TDI (FFFF) TDO (7FFF);
SDR 16 TDI (FFFF) TDO (FFFF);
SDR 16 TDI (FFFF) TDO (BFFF);
SDR 16 TDI (FFFF) TDO (FFFF);
SDR 16 TDI (FFFF) TDO (7FFF);
SDR 16 TDI (FFFF) TDO (FFFE);
SDR 16 TDI (FFFF) TDO (BFFF);
SDR 16 TDI (FFFF) TDO (FFFF);
SDR 16 TDI (FFFF) TDO (7FFF);
SDR 16 TDI (FFFF) TDO (EFFF);
SDR 16 TDI (FFFF) TDO (B7FF);
SDR 16 TDI (FFFF) TDO (FFEB);
SDR 16 TDI (FFFF) TDO (6FFF);
SDR 16 TDI (FFFF) TDO (FFFF);
SDR 16 TDI (FFFF) TDO (BFFF);
SDR 16 TDI (FFFF) TDO (FFDF);
SDR 16 TDI (FFFF) TDO (7FFF);
SDR 16 TDI (FFFF) TDO (FFFF);
SDR 16 TDI (FFFF) TDO (BFFF);
SDR 16 TDI (FFFF) TDO (FFFF);
SDR 16 TDI (FFFF) TDO (7FFF);
SDR 16 TDI (FFFF) TDO (FFFF);
SDR 16 TDI (FFFF) TDO (BFFF);
SDR 16 TDI (FFFF) TDO (F7FF);
SDR 16 TDI (FFFF) TDO (7DDF);
SDR 16 TDI (FFFF) TDO (EFFF);
SDR 16 TDI (FFFF) TDO (BFBF);
SDR 16 TDI (FFFF) TDO (FBFF);
SDR 16 TDI (FFFF) TDO (77FF);
SDR 16 TDI (FFFF) TDO (FFDF);
SDR 16 TDI (FFFF) TDO (BFF7);
SDR 16 TDI (FFFF) TDO (FFEF);
SDR 16 TDI (FFFF) TDO (7FFF);
SDR 16 TDI (FFFF) TDO (FFFF);
SDR 16 TDI (FFFF) TDO (BFFF);
SDR 16 TDI (FFFF) TDO (FFFF);
SDR 16 TDI (FFFF) TDO (7FFF);
SDR 16 TDI (FFFF) TDO (FFFF);
SDR 16 TDI (FFFF) TDO (BFEE);
SDR 16 TDI (FFFF) TDO (B7FF);
SDR 16 TDI (FFFF) TDO (6FDF);
SDR 16 TDI (FFFF) TDO (FFBF);
SDR 16 TDI (FFFF) TDO (BFBF);
SDR 16 TDI (FFFF) TDO (FDBF);
SDR 16 TDI (FFFF) TDO (6FFF);
SDR 16 TDI (FFFF) TDO (FFDF);
SDR 16 TDI (FFFF) TDO (BFF6);
SDR 16 TDI (FFFF) TDO (FFDF);
SDR 16 TDI (FFFF) TDO (7FFF);
SDR 16 TDI (FFFF) TDO (FFFF);
SDR 16 TDI (FFFF) TDO (BFFF);
SDR 16 TDI (FFFF) TDO (FFFF);
SDR 16 TDI (FFFF) TDO (7FFF);
SDR 16 TDI (FFFF) TDO (FFFE);
SDR 16 TDI (FFFF) TDO (BFFF);
SDR 16 TDI (FFFF) TDO (FFFF);
SDR 16 TDI (FFFF) TDO (7DFF);
SDR 16 TDI (FFFF) TDO (FFFF);
SDR 16 TDI (FFFF) TDO (AFFF);
SDR 16 TDI (FFFF) TDO (FFEB);
SDR 16 TDI (FFFF) TDO (7BFF);
SDR 16 TDI (FFFF) TDO (FFFF);
SDR 16 TDI (FFFF) TDO (BFFF);
SDR 16 TDI (FFFF) TDO (FFEF);
SDR 16 TDI (FFFF) TDO (7FFF);
SDR 16 TDI (FFFF) TDO (FFFF);
SDR 16 TDI (FFFF) TDO (A55F);
SDR 16 TDI (FFFF) TDO (FFFF);
SDR 16 TDI (FFFF) TDO (7FFF);
SDR 16 TDI (FFFF) TDO (FFFF);
SDR 16 TDI (FFFF) TDO (BFFF);
SDR 16 TDI (FFFF) TDO (FBBB);
SDR 16 TDI (FFFF) TDO (7EFF);
SDR 16 TDI (FFFF) TDO (FFFB);
SDR 16 TDI (FFFF) TDO (B7FF);
SDR 16 TDI (FFFF) TDO (BEFF);
SDR 16 TDI (FFFF) TDO (7FFF);
SDR 16 TDI (FFFF) TDO (FFF7);
SDR 16 TDI (FFFF) TDO (BFFF);
SDR 16 TDI (FFFF) TDO (FFF5);
SDR 16 TDI (FFFF) TDO (75FF);
SDR 16 TDI (FFFF) TDO (FFFF);
SDR 16 TDI (FFFF) TDO (AFFF);
SDR 16 TDI (FFFF) TDO (FFFF);
SDR 16 TDI (FFFF) TDO (7FFF);
SDR 16 TDI (FFFF) TDO (FFFF);
SDR 16 TDI (FFFF) TDO (BF76);
SDR 16 TDI (FFFF) TDO (FFFE);
SDR 16 TDI (FFFF) TDO (6FD6);
SDR 16 TDI (FFFF) TDO (FDEE);
SDR 16 TDI (FFFF) TDO (BFBF);
SDR 16 TDI (FFFF) TDO (EBF6);
SDR 16 TDI (FFFF) TDO (7DFD);
SDR 16 TDI (FFFF) TDO (FEFF);
SDR 16 TDI (FFFF) TDO (BFBA);
SDR 16 TDI (FFFF) TDO (EFFE);
SDR 16 TDI (FFFF) TDO (7DFF);
SDR 16 TDI (FFFF) TDO (FFFF);
SDR 16 TDI (FFFF) TDO (A55F);
SDR 16 TDI (FFFF) TDO (FFFF);
SDR 16 TDI (FFFF) TDO (7FFF);
SDR 16 TDI (FFFF) TDO (FFFF);
SDR 16 TDI (FFFF) TDO (BEFF);
SDR 16 TDI (FFFF) TDO (BFFF);
SDR 16 TDI (FFFF) TDO (7FBF);
SDR 16 TDI (FFFF) TDO (FFFB);
SDR 16 TDI (FFFF) TDO (ADFF);
SDR 16 TDI (FFFF) TDO (FFAA);
SDR 16 TDI (FFFF) TDO (75FF);
SDR 16 TDI (FFFF) TDO (FFFE);
SDR 16 TDI (FFFF) TDO (BFFF);
SDR 16 TDI (FFFF) TDO (DFF4);
SDR 16 TDI (FFFF) TDO (75FF);
SDR 16 TDI (FFFF) TDO (FFFF);
SDR 16 TDI (FFFF) TDO (AAAF);
SDR 16 TDI (FFFF) TDO (FFFF);
SDR 16 TDI (FFFF) TDO (7FFF);
SDR 16 TDI (FFFF) TDO (FFFF);
SDR 16 TDI (FFFF) TDO (B7EE);
SDR 16 TDI (FFFF) TDO (FBF7);
SDR 16 TDI (FFFF) TDO (72FF);
SDR 16 TDI (FFFF) TDO (FFFF);
SDR 16 TDI (FFFF) TDO (BFFF);
SDR 16 TDI (FFFF) TDO (FFFD);
SDR 16 TDI (FFFF) TDO (7FFF);
SDR 16 TDI (FFFF) TDO (FFFF);
SDR 16 TDI (FFFF) TDO (BFFF);
SDR 16 TDI (FFFF) TDO (FFFF);
SDR 16 TDI (FFFF) TDO (7DFF);
SDR 16 TDI (FFFF) TDO (FFFF);
SDR 16 TDI (FFFF) TDO (9FFF);
SDR 16 TDI (FFFF) TDO (FFFF);
SDR 16 TDI (FFFF) TDO (7FFF);
SDR 16 TDI (FFFF) TDO (FFFF);
SDR 16 TDI (FFFF) TDO (9FFB);
SDR 16 TDI (FFFF) TDO (AFFF);
SDR 16 TDI (FFFF) TDO (7FEF);
SDR 16 TDI (FFFF) TDO (DFFE);
SDR 16 TDI (FFFF) TDO (BEFD);
SDR 16 TDI (FFFF) TDO (FFDF);
SDR 16 TDI (FFFF) TDO (7FFF);
SDR 16 TDI (FFFF) TDO (FFEF);
SDR 16 TDI (FFFF) TDO (9DFF);
SDR 16 TDI (FFFF) TDO (AFFF);
SDR 16 TDI (FFFF) TDO (7FFF);
SDR 16 TDI (FFFF) TDO (FFFF);
SDR 16 TDI (FFFF) TDO (9FFF);
SDR 16 TDI (FFFF) TDO (FFFF);
SDR 16 TDI (FFFF) TDO (7FFF);
SDR 16 TDI (FFFF) TDO (FFFE);
SDR 16 TDI (FFFF) TDO (BFEF);
SDR 16 TDI (FFFF) TDO (EFFF);
SDR 16 TDI (FFFF) TDO (7DFF);
SDR 16 TDI (FFFF) TDO (DDFF);
SDR 16 TDI (FFFF) TDO (BDBF);
SDR 16 TDI (FFFF) TDO (FBFF);
SDR 16 TDI (FFFF) TDO (77FF);
SDR 16 TDI (FFFF) TDO (DFFF);
SDR 16 TDI (FFFF) TDO (9FFF);
SDR 16 TDI (FFFF) TDO (FDFF);
SDR 16 TDI (FFFF) TDO (7FFF);
SDR 16 TDI (FFFF) TDO (FFFF);
SDR 16 TDI (FFFF) TDO (BFFF);
SDR 16 TDI (FFFF) TDO (FFFF);
SDR 16 TDI (FFFF) TDO (7FFF);
SDR 16 TDI (FFFF) TDO (FFFF);
SDR 16 TDI (FFFF) TDO (BEFA);
SDR 16 TDI (FFFF) TDO (AF7F);
SDR 16 TDI (FFFF) TDO (7BBF);
SDR 16 TDI (FFFF) TDO (9EDD);
SDR 16 TDI (FFFF) TDO (9BDD);
SDR 16 TDI (FFFF) TDO (F1EF);
SDR 16 TDI (FFFF) TDO (6EFF);
SDR 16 TDI (FFFF) TDO (FDF7);
SDR 16 TDI (FFFF) TDO (BBFF);
SDR 16 TDI (FFFF) TDO (B3FF);
SDR 16 TDI (FFFF) TDO (7FFF);
SDR 16 TDI (FFFF) TDO (FFFF);
SDR 16 TDI (FFFF) TDO (9AAF);
SDR 16 TDI (FFFF) TDO (FFFF);
SDR 16 TDI (FFFF) TDO (7FFF);
SDR 16 TDI (FFFF) TDO (FFFF);
SDR 16 TDI (FFFF) TDO (9B75);
SDR 16 TDI (FFFF) TDO (7BFB);
SDR 16 TDI (FFFF) TDO (6757);
SDR 16 TDI (FFFF) TDO (7FF6);
SDR 16 TDI (FFFF) TDO (A57F);
SDR 16 TDI (FFFF) TDO (DF55);
SDR 16 TDI (FFFF) TDO (7BFD);
SDR 16 TDI (FFFF) TDO (FFEF);
SDR 16 TDI (FFFF) TDO (9FFD);
SDR 16 TDI (FFFF) TDO (6FFF);
SDR 16 TDI (FFFF) TDO (6BFF);
SDR 16 TDI (FFFF) TDO (FFFF);
SDR 16 TDI (FFFF) TDO (9FFF);
SDR 16 TDI (FFFF) TDO (FFFF);
SDR 16 TDI (FFFF) TDO (7FFF);
SDR 16 TDI (FFFF) TDO (FFFE);
SDR 16 TDI (FFFF) TDO (BFCF);
SDR 16 TDI (FFFF) TDO (D7F6);
SDR 16 TDI (FFFF) TDO (7CEF);
SDR 16 TDI (FFFF) TDO (FDFB);
SDR 16 TDI (FFFF) TDO (9FBF);
SDR 16 TDI (FFFF) TDO (FFBA);
SDR 16 TDI (FFFF) TDO (75FF);
SDR 16 TDI (FFFF) TDO (EFFD);
SDR 16 TDI (FFFF) TDO (9FDF);
SDR 16 TDI (FFFF) TDO (DFFF);
SDR 16 TDI (FFFF) TDO (7FFF);
SDR 16 TDI (FFFF) TDO (FFFF);
SDR 16 TDI (FFFF) TDO (A55F);
SDR 16 TDI (FFFF) TDO (FFFF);
SDR 16 TDI (FFFF) TDO (7FDF);
SDR 16 TDI (FFFF) TDO (FFFE);
SDR 16 TDI (FFFF) TDO (AFF2);
SDR 16 TDI (FFFF) TDO (3FE0);
SDR 16 TDI (FFFF) TDO (783E);
SDR 16 TDI (FFFF) TDO (50F5);
SDR 16 TDI (FFFF) TDO (801F);
SDR 16 TDI (FFFF) TDO (783F);
SDR 16 TDI (FFFF) TDO (7FF0);
SDR 16 TDI (FFFF) TDO (30CF);
SDR 16 TDI (FFFF) TDO (B606);
SDR 16 TDI (FFFF) TDO (0E75);
SDR 16 TDI (FFFF) TDO (7DFF);
SDR 16 TDI (FFFF) TDO (FFFF);
SDR 16 TDI (FFFF) TDO (AFFF);
SDR 16 TDI (FFFF) TDO (FFFF);
SDR 16 TDI (FFFF) TDO (7FBF);
SDR 16 TDI (FFFF) TDO (FFFF);
SDR 16 TDI (FFFF) TDO (9FC0);
SDR 16 TDI (FFFF) TDO (37F3);
SDR 16 TDI (FFFF) TDO (7EBE);
SDR 16 TDI (FFFF) TDO (50FC);
SDR 16 TDI (FFFF) TDO (B01B);
SDR 16 TDI (FFFF) TDO (81AE);
SDR 16 TDI (FFFF) TDO (7DF0);
SDR 16 TDI (FFFF) TDO (30CF);
SDR 16 TDI (FFFF) TDO (9E00);
SDR 16 TDI (FFFF) TDO (167F);
SDR 16 TDI (FFFF) TDO (7DFF);
SDR 16 TDI (FFFF) TDO (FFFF);
SDR 16 TDI (FFFF) TDO (955F);
SDR 16 TDI (FFFF) TDO (FFFF);
SDR 16 TDI (FFFF) TDO (7FFF);
SDR 16 TDI (FFFF) TDO (FFFE);
SDR 16 TDI (FFFF) TDO (AE7B);
SDR 16 TDI (FFFF) TDO (3FF0);
SDR 16 TDI (FFFF) TDO (7BE6);
SDR 16 TDI (FFFF) TDO (D306);
SDR 16 TDI (FFFF) TDO (9E3F);
SDR 16 TDI (FFFF) TDO (FF9F);
SDR 16 TDI (FFFF) TDO (7FF0);
SDR 16 TDI (FFFF) TDO (30C7);
SDR 16 TDI (FFFF) TDO (9E00);
SDR 16 TDI (FFFF) TDO (4674);
SDR 16 TDI (FFFF) TDO (77FF);
SDR 16 TDI (FFFF) TDO (FFFF);
SDR 16 TDI (FFFF) TDO (BFFF);
SDR 16 TDI (FFFF) TDO (FFFF);
SDR 16 TDI (FFFF) TDO (7FFF);
SDR 16 TDI (FFFF) TDO (FFFF);
SDR 16 TDI (FFFF) TDO (9E5B);
SDR 16 TDI (FFFF) TDO (3FF0);
SDR 16 TDI (FFFF) TDO (7FE7);
SDR 16 TDI (FFFF) TDO (F30F);
SDR 16 TDI (FFFF) TDO (903F);
SDR 16 TDI (FFFF) TDO (FF86);
SDR 16 TDI (FFFF) TDO (6CF0);
SDR 16 TDI (FFFF) TDO (30CF);
SDR 16 TDI (FFFF) TDO (BE06);
SDR 16 TDI (FFFF) TDO (267F);
SDR 16 TDI (FFFF) TDO (7FFF);
SDR 16 TDI (FFFF) TDO (FFFF);
SDR 16 TDI (FFFF) TDO (9FFF);
SDR 16 TDI (FFFF) TDO (3333);
SDR 16 TDI (FFFF) TDO (63E6);
SDR 16 TDI (FFFF) TDO (6667);
SDR 16 TDI (FFFF) TDO (93B3);
SDR 16 TDI (FFFF) TDO (31F2);
SDR 16 TDI (FFFF) TDO (666F);
SDR 16 TDI (FFFF) TDO (78CC);
SDR 16 TDI (FFFF) TDO (B98F);
SDR 16 TDI (FFFF) TDO (999B);
SDR 16 TDI (FFFF) TDO (77CE);
SDR 16 TDI (FFFF) TDO (CECF);
SDR 16 TDI (FFFF) TDO (99BD);
SDR 16 TDI (FFFF) TDO (11DF);
SDR 16 TDI (FFFF) TDO (7FFF);
SDR 16 TDI (FFFF) TDO (FFFF);
SDR 16 TDI (FFFF) TDO (9FFF);
SDR 16 TDI (FFFF) TDO (7777);
SDR 16 TDI (FFFF) TDO (6957);
SDR 16 TDI (FFFF) TDO (7777);
SDR 16 TDI (FFFF) TDO (B726);
SDR 16 TDI (FFFF) TDO (76A1);
SDR 16 TDI (FFFF) TDO (7266);
SDR 16 TDI (FFFF) TDO (7DCC);
SDR 16 TDI (FFFF) TDO (9985);
SDR 16 TDI (FFFF) TDO (5999);
SDR 16 TDI (FFFF) TDO (73DC);
SDR 16 TDI (FFFF) TDO (CCCA);
SDR 16 TDI (FFFF) TDO (9199);
SDR 16 TDI (FFFF) TDO (99DF);
SDR 16 TDI (FFFF) TDO (7FFF);
SDR 16 TDI (FFFF) TDO (FFFF);
SDR 16 TDI (FFFF) TDO (BFFF);
SDR 16 TDI (FFFF) TDO (FFFF);
SDR 16 TDI (FFFF) TDO (7FDF);
SDR 16 TDI (FFFF) TDO (FFFF);
SDR 16 TDI (FFFF) TDO (9BFF);
SDR 16 TDI (FFFF) TDO (FFE6);
SDR 16 TDI (FFFF) TDO (6FFF);
SDR 16 TDI (FFFF) TDO (FEFF);
SDR 16 TDI (FFFF) TDO (9FFF);
SDR 16 TDI (FFFF) TDO (3FFF);
SDR 16 TDI (FFFF) TDO (7FF7);
SDR 16 TDI (FFFF) TDO (F7FF);
SDR 16 TDI (FFFF) TDO (B7F3);
SDR 16 TDI (FFFF) TDO (77FF);
SDR 16 TDI (FFFF) TDO (7FFF);
SDR 16 TDI (FFFF) TDO (FFFF);
SDR 16 TDI (FFFF) TDO (BFFF);
SDR 16 TDI (FFFF) TDO (FFFE);
SDR 16 TDI (FFFF) TDO (7FFF);
SDR 16 TDI (FFFF) TDO (FBFF);
SDR 16 TDI (FFFF) TDO (BFFF);
SDR 16 TDI (FFFF) TDO (FFFE);
SDR 16 TDI (FFFF) TDO (5F7F);
SDR 16 TDI (FFFF) TDO (FFFF);
SDR 16 TDI (FFFF) TDO (BFFF);
SDR 16 TDI (FFFF) TDO (FFDF);
SDR 16 TDI (FFFF) TDO (7FDE);
SDR 16 TDI (FFFF) TDO (FFBF);
SDR 16 TDI (FFFF) TDO (BDFD);
SDR 16 TDI (FFFF) TDO (FFFF);
SDR 16 TDI (FFFF) TDO (7FFF);
SDR 16 TDI (FFFF) TDO (FFFF);
SDR 16 TDI (FFFF) TDO (9FFF);
SDR 16 TDI (FFFF) TDO (FFFF);
SDR 16 TDI (FFFF) TDO (7FFF);
SDR 16 TDI (FFFF) TDO (FFFF);
SDR 16 TDI (FFFF) TDO (BF7F);
SDR 16 TDI (FFFF) TDO (7FFF);
SDR 16 TDI (FFFF) TDO (6FEE);
SDR 16 TDI (FFFF) TDO (FFFF);
SDR 16 TDI (FFFF) TDO (BFBF);
SDR 16 TDI (FFFF) TDO (FFFF);
SDR 16 TDI (FFFF) TDO (7FFF);
SDR 16 TDI (FFFF) TDO (FFFF);
SDR 16 TDI (FFFF) TDO (9FFF);
SDR 16 TDI (FFFF) TDO (FFFF);
SDR 16 TDI (FFFF) TDO (7FFF);
SDR 16 TDI (FFFF) TDO (FFFF);
SDR 16 TDI (FFFF) TDO (AFFF);
SDR 16 TDI (FFFF) TDO (FFFF);
SDR 16 TDI (FFFF) TDO (7FFF);
SDR 16 TDI (FFFF) TDO (FBFF);
SDR 16 TDI (FFFF) TDO (BFFF);
SDR 16 TDI (FFFF) TDO (FFFD);
SDR 16 TDI (FFFF) TDO (7FFF);
SDR 16 TDI (FFFF) TDO (FFFF);
SDR 16 TDI (FFFF) TDO (BFFF);
SDR 16 TDI (FFFF) TDO (FFDF);
SDR 16 TDI (FFFF) TDO (5FEE);
SDR 16 TDI (FFFF) TDO (FF7F);
SDR 16 TDI (FFFF) TDO (BBFD);
SDR 16 TDI (FFFF) TDO (FFFF);
SDR 16 TDI (FFFF) TDO (7DFF);
SDR 16 TDI (FFFF) TDO (FFFF);
SDR 16 TDI (FFFF) TDO (AFFF);
SDR 16 TDI (FFFF) TDO (FFFD);
SDR 16 TDI (FFFF) TDO (7FFF);
SDR 16 TDI (FFFF) TDO (FFFF);
SDR 16 TDI (FFFF) TDO (BF7F);
SDR 16 TDI (FFFF) TDO (7FFF);
SDR 16 TDI (FFFF) TDO (5F7F);
SDR 16 TDI (FFFF) TDO (FFFF);
SDR 16 TDI (FFFF) TDO (BFBF);
SDR 16 TDI (FFFF) TDO (FFFF);
SDR 16 TDI (FFFF) TDO (7FFF);
SDR 16 TDI (FFFF) TDO (FFFF);
SDR 16 TDI (FFFF) TDO (BFFF);
SDR 16 TDI (FFFF) TDO (FFFF);
SDR 16 TDI (FFFF) TDO (7DFF);
SDR 16 TDI (FFFF) TDO (FFFF);
SDR 16 TDI (FFFF) TDO (BFFF);
SDR 16 TDI (FFFF) TDO (FFFF);
SDR 16 TDI (FFFF) TDO (57FF);
SDR 16 TDI (FFFF) TDO (FFFF);
SDR 16 TDI (FFFF) TDO (BFFF);
SDR 16 TDI (FFFF) TDO (FFFF);
SDR 16 TDI (FFFF) TDO (7F7F);
SDR 16 TDI (FFFF) TDO (FF77);
SDR 16 TDI (FFFF) TDO (BF7F);
SDR 16 TDI (FFFF) TDO (FFD7);
SDR 16 TDI (FFFF) TDO (7FFF);
SDR 16 TDI (FFFF) TDO (FFFF);
SDR 16 TDI (FFFF) TDO (BFFF);
SDR 16 TDI (FFFF) TDO (FFFF);
SDR 16 TDI (FFFF) TDO (5FFF);
SDR 16 TDI (FFFF) TDO (FFFF);
SDR 16 TDI (FFFF) TDO (BFFF);
SDR 16 TDI (FFFF) TDO (FFFF);
SDR 16 TDI (FFFF) TDO (7FFF);
SDR 16 TDI (FFFF) TDO (FEFF);
SDR 16 TDI (FFFF) TDO (BFFF);
SDR 16 TDI (FFFF) TDO (FFFF);
SDR 16 TDI (FFFF) TDO (7FFF);
SDR 16 TDI (FFFF) TDO (CFFF);
SDR 16 TDI (FFFF) TDO (AFFF);
SDR 16 TDI (FFFF) TDO (EFFF);
SDR 16 TDI (FFFF) TDO (5EFF);
SDR 16 TDI (FFFF) TDO (FFFF);
SDR 16 TDI (FFFF) TDO (BDFF);
SDR 16 TDI (FFFF) TDO (FFFF);
SDR 16 TDI (FFFF) TDO (7FFF);
SDR 16 TDI (FFFF) TDO (FFFF);
SDR 16 TDI (FFFF) TDO (BFDF);
SDR 16 TDI (FFFF) TDO (FFFF);
SDR 16 TDI (FFFF) TDO (7FFF);
SDR 16 TDI (FFFF) TDO (FF7F);
SDR 16 TDI (FFFF) TDO (BFFF);
SDR 16 TDI (FFFF) TDO (FFF7);
SDR 16 TDI (FFFF) TDO (5FFF);
SDR 16 TDI (FFFF) TDO (CEFF);
SDR 16 TDI (FFFF) TDO (AFFF);
SDR 16 TDI (FFFF) TDO (FFFF);
SDR 16 TDI (FFFF) TDO (7EFF);
SDR 16 TDI (FFFF) TDO (FFFF);
SDR 16 TDI (FFFF) TDO (BFFF);
SDR 16 TDI (FFFF) TDO (FFFF);
SDR 16 TDI (FFFF) TDO (7BFF);
SDR 16 TDI (FFFF) TDO (FFFF);
SDR 16 TDI (FFFF) TDO (BFFF);
SDR 16 TDI (FFFF) TDO (FFFF);
SDR 16 TDI (FFFF) TDO (4FFF);
SDR 16 TDI (FFFF) TDO (FFFF);
SDR 16 TDI (FFFF) TDO (BFFF);
SDR 16 TDI (FFFF) TDO (FFFF);
SDR 16 TDI (FFFF) TDO (7F7F);
SDR 16 TDI (FFFF) TDO (FF7B);
SDR 16 TDI (FFFF) TDO (BF7F);
SDR 16 TDI (FFFF) TDO (EFD7);
SDR 16 TDI (FFFF) TDO (7FFF);
SDR 16 TDI (FFFF) TDO (FFFF);
SDR 16 TDI (FFFF) TDO (BBFF);
SDR 16 TDI (FFFF) TDO (FFFF);
SDR 16 TDI (FFFF) TDO (5FFF);
SDR 16 TDI (FFFF) TDO (FFFF);
SDR 16 TDI (FFFF) TDO (BEFF);
SDR 16 TDI (FFFF) TDO (FFFF);
SDR 16 TDI (FFFF) TDO (7FFF);
SDR 16 TDI (FFFF) TDO (FFFF);
SDR 16 TDI (FFFF) TDO (BFFF);
SDR 16 TDI (FFFF) TDO (FFFF);
SDR 16 TDI (FFFF) TDO (7FFF);
SDR 16 TDI (FFFF) TDO (EFFF);
SDR 16 TDI (FFFF) TDO (BFFF);
SDR 16 TDI (FFFF) TDO (FFFF);
SDR 16 TDI (FFFF) TDO (5FFF);
SDR 16 TDI (FFFF) TDO (FFFF);
SDR 16 TDI (FFFF) TDO (BFFF);
SDR 16 TDI (FFFF) TDO (FFFF);
SDR 16 TDI (FFFF) TDO (6FFF);
SDR 16 TDI (FFFF) TDO (FFFF);
SDR 16 TDI (FFFF) TDO (BFFF);
SDR 16 TDI (FFFF) TDO (FFFF);
SDR 16 TDI (FFFF) TDO (7FFF);
SDR 16 TDI (FFFF) TDO (FFFF);
SDR 16 TDI (FFFF) TDO (BFFF);
SDR 16 TDI (FFFF) TDO (FFF7);
SDR 16 TDI (FFFF) TDO (5FFF);
SDR 16 TDI (FFFF) TDO (FFFF);
SDR 16 TDI (FFFF) TDO (BFFF);
SDR 16 TDI (FFFF) TDO (FFFF);
SDR 16 TDI (FFFF) TDO (7FFF);
SDR 16 TDI (FFFF) TDO (FFFF);
SDR 16 TDI (FFFF) TDO (BFFF);
SDR 16 TDI (FFFF) TDO (FFFF);
SDR 16 TDI (FFFF) TDO (7FFF);
SDR 16 TDI (FFFF) TDO (FFFF);
SDR 16 TDI (FFFF) TDO (BDFF);
SDR 16 TDI (FFFF) TDO (FFFF);
SDR 16 TDI (FFFF) TDO (5FFF);
SDR 16 TDI (FFFF) TDO (FFFF);
SDR 16 TDI (FFFF) TDO (BFFF);
SDR 16 TDI (FFFF) TDO (FFFF);
SDR 16 TDI (FFFF) TDO (7FFF);
SDR 16 TDI (FFFF) TDO (FFFF);
SDR 16 TDI (FFFF) TDO (BFFF);
SDR 16 TDI (FFFF) TDO (FFFF);
SDR 16 TDI (FFFF) TDO (7FFF);
SDR 16 TDI (FFFF) TDO (FFFF);
SDR 16 TDI (FFFF) TDO (BFFF);
SDR 16 TDI (FFFF) TDO (FFFF);
SDR 16 TDI (FFFF) TDO (5FFF);
SDR 16 TDI (FFFF) TDO (FFFF);
SDR 16 TDI (FFFF) TDO (BFFF);
SDR 16 TDI (FFFF) TDO (FFFF);
SDR 16 TDI (FFFF) TDO (7FFF);
SDR 16 TDI (FFFF) TDO (FFFF);
SDR 16 TDI (FFFF) TDO (BFFF);
SDR 16 TDI (FFFF) TDO (FFFF);
SDR 16 TDI (FFFF) TDO (7FFF);
SDR 16 TDI (FFFF) TDO (FFFF);
SDR 16 TDI (FFFF) TDO (BFFF);
SDR 16 TDI (FFFF) TDO (FFFF);
SDR 16 TDI (FFFF) TDO (5FFF);
SDR 16 TDI (FFFF) TDO (FFFF);
SDR 16 TDI (FFFF) TDO (BFFF);
SDR 16 TDI (FFFF) TDO (FFFF);
SDR 16 TDI (FFFF) TDO (6FFF);
SDR 16 TDI (FFFF) TDO (FFFF);
SDR 16 TDI (FFFF) TDO (A55F);
SDR 16 TDI (FFFF) TDO (FFFF);
SDR 16 TDI (FFFF) TDO (7FFF);
SDR 16 TDI (FFFF) TDO (FFFF);
SDR 16 TDI (FFFF) TDO (BFFF);
SDR 16 TDI (FFFF) TDO (FFFF);
SDR 16 TDI (FFFF) TDO (5FFF);
SDR 16 TDI (FFFF) TDO (FFFF);
SDR 16 TDI (FFFF) TDO (BFFF);
SDR 16 TDI (FFFF) TDO (FFFF);
SDR 16 TDI (FFFF) TDO (7FFF);
SDR 16 TDI (FFFF) TDO (FFFF);
SDR 16 TDI (FFFF) TDO (BFFF);
SDR 16 TDI (FFFF) TDO (FFFD);
SDR 16 TDI (FFFF) TDO (7BFF);
SDR 16 TDI (FFFF) TDO (FFFF);
SDR 16 TDI (FFFF) TDO (AFFF);
SDR 16 TDI (FFFF) TDO (FFFF);
SDR 16 TDI (FFFF) TDO (5FFF);
SDR 16 TDI (FFFF) TDO (FFFF);
SDR 16 TDI (FFFF) TDO (BFEF);
SDR 16 TDI (FFFF) TDO (ABF5);
SDR 16 TDI (FFFF) TDO (6BAE);
SDR 16 TDI (FFFF) TDO (FFFF);
SDR 16 TDI (FFFF) TDO (BFFF);
SDR 16 TDI (FFFF) TDO (FFFF);
SDR 16 TDI (FFFF) TDO (7FFF);
SDR 16 TDI (FFFF) TDO (FFFF);
SDR 16 TDI (FFFF) TDO (BFFF);
SDR 16 TDI (FFFF) TDO (FFFF);
SDR 16 TDI (FFFF) TDO (5FFF);
SDR 16 TDI (FFFF) TDO (FFFF);
SDR 16 TDI (FFFF) TDO (A55F);
SDR 16 TDI (FFFF) TDO (FFFF);
SDR 16 TDI (FFFF) TDO (7FFF);
SDR 16 TDI (FFFF) TDO (FFFF);
SDR 16 TDI (FFFF) TDO (BFFF);
SDR 16 TDI (FFFF) TDO (FFFF);
SDR 16 TDI (FFFF) TDO (7EFF);
SDR 16 TDI (FFFF) TDO (FFFF);
SDR 16 TDI (FFFF) TDO (BFFF);
SDR 16 TDI (FFFF) TDO (FFFF);
SDR 16 TDI (FFFF) TDO (5FFF);
SDR 16 TDI (FFFF) TDO (FFFF);
SDR 16 TDI (FFFF) TDO (BFFF);
SDR 16 TDI (FFFF) TDO (FFFD);
SDR 16 TDI (FFFF) TDO (75FF);
SDR 16 TDI (FFFF) TDO (FFFF);
SDR 16 TDI (FFFF) TDO (AAAF);
SDR 16 TDI (FFFF) TDO (FFFF);
SDR 16 TDI (FFFF) TDO (7FFF);
SDR 16 TDI (FFFF) TDO (FFFF);
SDR 16 TDI (FFFF) TDO (BFFF);
SDR 16 TDI (FFFF) TDO (FFFF);
SDR 16 TDI (FFFF) TDO (5FFF);
SDR 16 TDI (FFFF) TDO (FFFF);
SDR 16 TDI (FFFF) TDO (BFFF);
SDR 16 TDI (FFFF) TDO (FFFF);
SDR 16 TDI (FFFF) TDO (7FFF);
SDR 16 TDI (FFFF) TDO (FFFF);
SDR 16 TDI (FFFF) TDO (BFFF);
SDR 16 TDI (FFFF) TDO (FFFF);
SDR 16 TDI (FFFF) TDO (7DFF);
SDR 16 TDI (FFFF) TDO (FFFF);
SDR 16 TDI (FFFF) TDO (9FFF);
SDR 16 TDI (FFFF) TDO (FFFF);
SDR 16 TDI (FFFF) TDO (7FFF);
SDR 16 TDI (FFFF) TDO (FFFF);
SDR 16 TDI (FFFF) TDO (BFEA);
SDR 16 TDI (FFFF) TDO (ABF5);
SDR 16 TDI (FFFF) TDO (6BAB);
SDR 16 TDI (FFFF) TDO (FFFF);
SDR 16 TDI (FFFF) TDO (BFFF);
SDR 16 TDI (FFFF) TDO (FFFF);
SDR 16 TDI (FFFF) TDO (7FFF);
SDR 16 TDI (FFFF) TDO (FFFF);
SDR 16 TDI (FFFF) TDO (9FFF);
SDR 16 TDI (FFFF) TDO (FFFF);
SDR 16 TDI (FFFF) TDO (7FFF);
SDR 16 TDI (FFFF) TDO (FFFF);
SDR 16 TDI (FFFF) TDO (BFFF);
SDR 16 TDI (FFFF) TDO (FFFF);
SDR 16 TDI (FFFF) TDO (7FFF);
SDR 16 TDI (FFFF) TDO (FFFF);
SDR 16 TDI (FFFF) TDO (BFFF);
SDR 16 TDI (FFFF) TDO (FFFF);
SDR 16 TDI (FFFF) TDO (7EFD);
SDR 16 TDI (FFFF) TDO (FFFF);
SDR 16 TDI (FFFF) TDO (BFFF);
SDR 16 TDI (FFFF) TDO (FFFF);
SDR 16 TDI (FFFF) TDO (5FFF);
SDR 16 TDI (FFFF) TDO (FFFF);
SDR 16 TDI (FFFF) TDO (BFFF);
SDR 16 TDI (FFFF) TDO (FFFF);
SDR 16 TDI (FFFF) TDO (7FFF);
SDR 16 TDI (FFFF) TDO (FFFF);
SDR 16 TDI (FFFF) TDO (BFFF);
SDR 16 TDI (FFFF) TDO (FFFF);
SDR 16 TDI (FFFF) TDO (7FFF);
SDR 16 TDI (FFFF) TDO (FFFF);
SDR 16 TDI (FFFF) TDO (BFEE);
SDR 16 TDI (FFFF) TDO (4FFC);
SDR 16 TDI (FFFF) TDO (59F1);
SDR 16 TDI (FFFF) TDO (FFFF);
SDR 16 TDI (FFFF) TDO (BFFF);
SDR 16 TDI (FFFF) TDO (FFFF);
SDR 16 TDI (FFFF) TDO (7FFF);
SDR 16 TDI (FFFF) TDO (FFFF);
SDR 16 TDI (FFFF) TDO (BFFF);
SDR 16 TDI (FFFF) TDO (FFFF);
SDR 16 TDI (FFFF) TDO (7FFF);
SDR 16 TDI (FFFF) TDO (FFFF);
SDR 16 TDI (FFFF) TDO (BAEF);
SDR 16 TDI (FFFF) TDO (FFFF);
SDR 16 TDI (FFFF) TDO (5FFF);
SDR 16 TDI (FFFF) TDO (FFFF);
SDR 16 TDI (FFFF) TDO (BFDB);
SDR 16 TDI (FFFF) TDO (B3F3);
SDR 16 TDI (FFFF) TDO (668F);
SDR 16 TDI (FFFF) TDO (7FFF);
SDR 16 TDI (FFFF) TDO (BFFF);
SDR 16 TDI (FFFF) TDO (FFFF);
SDR 16 TDI (FFFF) TDO (7FFF);
SDR 16 TDI (FFFF) TDO (FFFF);
SDR 16 TDI (FFFF) TDO (BFFF);
SDR 16 TDI (FFFF) TDO (FFFB);
SDR 16 TDI (FFFF) TDO (57FF);
SDR 16 TDI (FFFF) TDO (FFFF);
SDR 16 TDI (FFFF) TDO (BFFF);
SDR 16 TDI (FFFF) TDO (FFFF);
SDR 16 TDI (FFFF) TDO (7FFF);
SDR 16 TDI (FFFF) TDO (FFFF);
SDR 16 TDI (FFFF) TDO (BFFF);
SDR 16 TDI (FFFF) TDO (FFFF);
SDR 16 TDI (FFFF) TDO (7F7F);
SDR 16 TDI (FFFF) TDO (FFFF);
SDR 16 TDI (FFFF) TDO (BFFF);
SDR 16 TDI (FFFF) TDO (FFFF);
SDR 16 TDI (FFFF) TDO (5FFF);
SDR 16 TDI (FFFF) TDO (FFFF);
SDR 16 TDI (FFFF) TDO (BFFF);
SDR 16 TDI (FFFF) TDO (FFFF);
SDR 16 TDI (FFFF) TDO (7FFF);
SDR 16 TDI (FFFF) TDO (FFFF);
SDR 16 TDI (FFFF) TDO (B95F);
SDR 16 TDI (FFFF) TDO (FFFF);
SDR 16 TDI (FFFF) TDO (7FDF);
SDR 16 TDI (FFFF) TDO (FFFF);
SDR 16 TDI (FFFF) TDO (BFDA);
SDR 16 TDI (FFFF) TDO (3EE5);
SDR 16 TDI (FFFF) TDO (509F);
SDR 16 TDI (FFFF) TDO (FFFF);
SDR 16 TDI (FFFF) TDO (BFFF);
SDR 16 TDI (FFFF) TDO (7FFF);
SDR 16 TDI (FFFF) TDO (7FFF);
SDR 16 TDI (FFFF) TDO (FFFF);
SDR 16 TDI (FFFF) TDO (B7FF);
SDR 16 TDI (FFFF) TDO (FFF4);
SDR 16 TDI (FFFF) TDO (79FF);
SDR 16 TDI (FFFF) TDO (FFFF);
SDR 16 TDI (FFFF) TDO (BFFF);
SDR 16 TDI (FFFF) TDO (FFFF);
SDR 16 TDI (FFFF) TDO (5FBF);
SDR 16 TDI (FFFF) TDO (FFFF);
SDR 16 TDI (FFFF) TDO (BFF2);
SDR 16 TDI (FFFF) TDO (03D5);
SDR 16 TDI (FFFF) TDO (4017);
SDR 16 TDI (FFFF) TDO (FFFF);
SDR 16 TDI (FFFF) TDO (BFFE);
SDR 16 TDI (FFFF) TDO (FFFF);
SDR 16 TDI (FFFF) TDO (7FFF);
SDR 16 TDI (FFFF) TDO (FFFF);
SDR 16 TDI (FFFF) TDO (AFFF);
SDR 16 TDI (FFFF) TDO (FFFF);
SDR 16 TDI (FFFF) TDO (5DFF);
SDR 16 TDI (FFFF) TDO (FFFF);
SDR 16 TDI (FFFF) TDO (B55F);
SDR 16 TDI (FFFF) TDO (FFFF);
SDR 16 TDI (FFFF) TDO (5FFF);
SDR 16 TDI (FFFF) TDO (FFFF);
SDR 16 TDI (FFFF) TDO (BFD7);
SDR 16 TDI (FFFF) TDO (97F2);
SDR 16 TDI (FFFF) TDO (61BE);
SDR 16 TDI (FFFF) TDO (1FFF);
SDR 16 TDI (FFFF) TDO (BFFF);
SDR 16 TDI (FFFF) TDO (FFFF);
SDR 16 TDI (FFFF) TDO (5FFF);
SDR 16 TDI (FFFF) TDO (FFFF);
SDR 16 TDI (FFFF) TDO (BFFF);
SDR 16 TDI (FFFF) TDO (FFF5);
SDR 16 TDI (FFFF) TDO (6BFF);
SDR 16 TDI (FFFF) TDO (FFFF);
SDR 16 TDI (FFFF) TDO (BFFF);
SDR 16 TDI (FFFF) TDO (FFFF);
SDR 16 TDI (FFFF) TDO (7FFF);
SDR 16 TDI (FFFF) TDO (FFFF);
SDR 16 TDI (FFFF) TDO (BFF3);
SDR 16 TDI (FFFF) TDO (A3F6);
SDR 16 TDI (FFFF) TDO (41FE);
SDR 16 TDI (FFFF) TDO (1FFF);
SDR 16 TDI (FFFF) TDO (BFFF);
SDR 16 TDI (FFFF) TDO (FFFF);
SDR 16 TDI (FFFF) TDO (7FFF);
SDR 16 TDI (FFFF) TDO (FFFF);
SDR 16 TDI (FFFF) TDO (BFFF);
SDR 16 TDI (FFFF) TDO (FFFF);
SDR 16 TDI (FFFF) TDO (7FFF);
SDR 16 TDI (FFFF) TDO (FFFF);
SDR 16 TDI (FFFF) TDO (BEFF);
SDR 16 TDI (FFFF) TDO (3333);
SDR 16 TDI (FFFF) TDO (43E6);
SDR 16 TDI (FFFF) TDO (6667);
SDR 16 TDI (FFFF) TDO (B33B);
SDR 16 TDI (FFFF) TDO (39F7);
SDR 16 TDI (FFFF) TDO (66E6);
SDR 16 TDI (FFFF) TDO (FCCC);
SDR 16 TDI (FFFF) TDO (B98F);
SDR 16 TDI (FFFF) TDO (9999);
SDR 16 TDI (FFFF) TDO (73CC);
SDR 16 TDI (FFFF) TDO (CCC7);
SDR 16 TDI (FFFF) TDO (9999);
SDR 16 TDI (FFFF) TDO (99FF);
SDR 16 TDI (FFFF) TDO (57FF);
SDR 16 TDI (FFFF) TDO (FFFF);
SDR 16 TDI (FFFF) TDO (BFFF);
SDR 16 TDI (FFFF) TDO (7777);
SDR 16 TDI (FFFF) TDO (6957);
SDR 16 TDI (FFFF) TDO (7777);
SDR 16 TDI (FFFF) TDO (B773);
SDR 16 TDI (FFFF) TDO (70A3);
SDR 16 TDI (FFFF) TDO (7272);
SDR 16 TDI (FFFF) TDO (7DDD);
SDR 16 TDI (FFFF) TDO (9BA5);
SDR 16 TDI (FFFF) TDO (5DDD);
SDR 16 TDI (FFFF) TDO (5BDD);
SDR 16 TDI (FFFF) TDO (DDD2);
SDR 16 TDI (FFFF) TDO (B5DD);
SDR 16 TDI (FFFF) TDO (DDFF);
SDR 16 TDI (FFFF) TDO (7FFF);
SDR 16 TDI (FFFF) TDO (FFFF);
SDR 16 TDI (FFFF) TDO (BFFF);
SDR 16 TDI (FFFF) TDO (FFFF);
SDR 16 TDI (FFFF) TDO (7FDF);
SDR 16 TDI (FFFF) TDO (FFFF);
SDR 16 TDI (FFFF) TDO (BFFF);
SDR 16 TDI (FFFF) TDO (BFEF);
SDR 16 TDI (FFFF) TDO (5FFF);
SDR 16 TDI (FFFF) TDO (FFFF);
SDR 16 TDI (FFFF) TDO (BFFF);
SDR 16 TDI (FFFF) TDO (7FFF);
SDR 16 TDI (FFFF) TDO (7FFF);
SDR 16 TDI (FFFF) TDO (FFFF);
SDR 16 TDI (FFFF) TDO (B7FF);
SDR 16 TDI (FFFF) TDO (FFFF);
SDR 16 TDI (FFFF) TDO (7FFF);
SDR 16 TDI (FFFF) TDO (FFFF);
SDR 16 TDI (FFFF) TDO (9FFF);
SDR 16 TDI (FFFF) TDO (FFFF);
SDR 16 TDI (FFFF) TDO (5FFF);
SDR 16 TDI (FFFF) TDO (FFFF);
SDR 16 TDI (FFFF) TDO (BFFF);
SDR 16 TDI (FFFF) TDO (FFFF);
SDR 16 TDI (FFFF) TDO (7FFF);
SDR 16 TDI (FFFF) TDO (FFFF);
SDR 16 TDI (FFFF) TDO (BFFF);
SDR 16 TDI (FFFF) TDO (FFFF);
SDR 16 TDI (FFFF) TDO (7FFF);
SDR 16 TDI (FFFF) TDO (7FFF);
SDR 16 TDI (FFFF) TDO (BFFF);
SDR 16 TDI (FFFF) TDO (FFFF);
SDR 16 TDI (FFFF) TDO (5FFF);
SDR 16 TDI (FFFF) TDO (FFFF);
SDR 16 TDI (FFFF) TDO (BFFF);
SDR 16 TDI (FFFF) TDO (FFFF);
SDR 16 TDI (FFFF) TDO (7FFF);
SDR 16 TDI (FFFF) TDO (FFFF);
SDR 16 TDI (FFFF) TDO (BF7F);
SDR 16 TDI (FFFF) TDO (FFFF);
SDR 16 TDI (FFFF) TDO (7FFF);
SDR 16 TDI (FFFF) TDO (FFFF);
SDR 16 TDI (FFFF) TDO (BFFF);
SDR 16 TDI (FFFF) TDO (FFFF);
SDR 16 TDI (FFFF) TDO (5FFB);
SDR 16 TDI (FFFF) TDO (FFFF);
SDR 16 TDI (FFFF) TDO (BFFE);
SDR 16 TDI (FFFF) TDO (FFFF);
SDR 16 TDI (FFFF) TDO (7FFF);
SDR 16 TDI (FFFF) TDO (FFFF);
SDR 16 TDI (FFFF) TDO (AFFF);
SDR 16 TDI (FFFF) TDO (FFFF);
SDR 16 TDI (FFFF) TDO (7FFF);
SDR 16 TDI (FFFF) TDO (FFFF);
SDR 16 TDI (FFFF) TDO (BF7F);
SDR 16 TDI (FFFF) TDO (FFFF);
SDR 16 TDI (FFFF) TDO (5FFF);
SDR 16 TDI (FFFF) TDO (FFFF);
SDR 16 TDI (FFFF) TDO (BFFF);
SDR 16 TDI (FFFF) TDO (FFFF);
SDR 16 TDI (FFFF) TDO (7FFF);
SDR 16 TDI (FFFF) TDO (FFFF);
SDR 16 TDI (FFFF) TDO (BFFF);
SDR 16 TDI (FFFF) TDO (FFFF);
SDR 16 TDI (FFFF) TDO (7FFF);
SDR 16 TDI (FFFF) TDO (FFFF);
SDR 16 TDI (FFFF) TDO (AFFF);
SDR 16 TDI (FFFF) TDO (FFFF);
SDR 16 TDI (FFFF) TDO (5FFF);
SDR 16 TDI (FFFF) TDO (FFFF);
SDR 16 TDI (FFFF) TDO (BFFF);
SDR 16 TDI (FFFF) TDO (FFFF);
SDR 16 TDI (FFFF) TDO (7FFF);
SDR 16 TDI (FFFF) TDO (FFFF);
SDR 16 TDI (FFFF) TDO (BFFF);
SDR 16 TDI (FFFF) TDO (FFFF);
SDR 16 TDI (FFFF) TDO (7FFF);
SDR 16 TDI (FFFF) TDO (BFFF);
SDR 16 TDI (FFFF) TDO (9FFF);
SDR 16 TDI (FFFF) TDO (FFFF);
SDR 16 TDI (FFFF) TDO (5FFF);
SDR 16 TDI (FFFF) TDO (FFFF);
SDR 16 TDI (FFFF) TDO (BFFF);
SDR 16 TDI (FFFF) TDO (FDFF);
SDR 16 TDI (FFFF) TDO (6FFF);
SDR 16 TDI (FFFF) TDO (FF7F);
SDR 16 TDI (FFFF) TDO (BFFF);
SDR 16 TDI (FFFF) TDO (FFFF);
SDR 16 TDI (FFFF) TDO (6FFD);
SDR 16 TDI (FFFF) TDO (FFFD);
SDR 16 TDI (FFFF) TDO (BF7F);
SDR 16 TDI (FFFF) TDO (FEFF);
SDR 16 TDI (FFFF) TDO (5BFF);
SDR 16 TDI (FFFF) TDO (EFBF);
SDR 16 TDI (FFFF) TDO (BFFF);
SDR 16 TDI (FFFF) TDO (7FFF);
SDR 16 TDI (FFFF) TDO (7FFF);
SDR 16 TDI (FFFF) TDO (FFFF);
SDR 16 TDI (FFFF) TDO (BFFF);
SDR 16 TDI (FFFF) TDO (FFFF);
SDR 16 TDI (FFFF) TDO (7FFF);
SDR 16 TDI (FFFF) TDO (FFFF);
SDR 16 TDI (FFFF) TDO (BFEF);
SDR 16 TDI (FFFF) TDO (FFFF);
SDR 16 TDI (FFFF) TDO (5EBF);
SDR 16 TDI (FFFF) TDO (EFDF);
SDR 16 TDI (FFFF) TDO (BFFF);
SDR 16 TDI (FFFF) TDO (FDEF);
SDR 16 TDI (FFFF) TDO (7FFF);
SDR 16 TDI (FFFF) TDO (FFFF);
SDR 16 TDI (FFFF) TDO (BFFF);
SDR 16 TDI (FFFF) TDO (FFFF);
SDR 16 TDI (FFFF) TDO (7FFF);
SDR 16 TDI (FFFF) TDO (FFFF);
SDR 16 TDI (FFFF) TDO (BFFF);
SDR 16 TDI (FFFF) TDO (FFFF);
SDR 16 TDI (FFFF) TDO (4FFF);
SDR 16 TDI (FFFF) TDO (FF7F);
SDR 16 TDI (FFFF) TDO (BFFF);
SDR 16 TDI (FFFF) TDO (FFFF);
SDR 16 TDI (FFFF) TDO (7FFB);
SDR 16 TDI (FFFF) TDO (EFFD);
SDR 16 TDI (FFFF) TDO (BFFF);
SDR 16 TDI (FFFF) TDO (FF7F);
SDR 16 TDI (FFFF) TDO (7FFF);
SDR 16 TDI (FFFF) TDO (FFBF);
SDR 16 TDI (FFFF) TDO (BFFE);
SDR 16 TDI (FFFF) TDO (FFFF);
SDR 16 TDI (FFFF) TDO (5FFF);
SDR 16 TDI (FFFF) TDO (FFFF);
SDR 16 TDI (FFFF) TDO (BFFF);
SDR 16 TDI (FFFF) TDO (FEFF);
SDR 16 TDI (FFFF) TDO (7FFF);
SDR 16 TDI (FFFF) TDO (FFFF);
SDR 16 TDI (FFFF) TDO (BFFF);
SDR 16 TDI (FFFF) TDO (FFFF);
SDR 16 TDI (FFFF) TDO (6FFF);
SDR 16 TDI (FFFF) TDO (FFDF);
SDR 16 TDI (FFFF) TDO (BEFF);
SDR 16 TDI (FFFF) TDO (FDFF);
SDR 16 TDI (FFFF) TDO (57FF);
SDR 16 TDI (FFFF) TDO (DFFF);
SDR 16 TDI (FFFF) TDO (BFFF);
SDR 16 TDI (FFFF) TDO (FFFF);
SDR 16 TDI (FFFF) TDO (7FFF);
SDR 16 TDI (FFFF) TDO (FFFF);
SDR 16 TDI (FFFF) TDO (BFFF);
SDR 16 TDI (FFFF) TDO (FFFF);
SDR 16 TDI (FFFF) TDO (7FFD);
SDR 16 TDI (FFFF) TDO (FBDF);
SDR 16 TDI (FFFF) TDO (BFDF);
SDR 16 TDI (FFFF) TDO (F7FF);
SDR 16 TDI (FFFF) TDO (5FFF);
SDR 16 TDI (FFFF) TDO (EFF7);
SDR 16 TDI (FFFF) TDO (BFFF);
SDR 16 TDI (FFFF) TDO (BFFF);
SDR 16 TDI (FFFF) TDO (7FFF);
SDR 16 TDI (FFFF) TDO (FFFF);
SDR 16 TDI (FFFF) TDO (BFFF);
SDR 16 TDI (FFFF) TDO (DFFF);
SDR 16 TDI (FFFF) TDO (7FFF);
SDR 16 TDI (FFFF) TDO (FFFF);
SDR 16 TDI (FFFF) TDO (BFFF);
SDR 16 TDI (FFFF) TDO (FFFF);
SDR 16 TDI (FFFF) TDO (5FFF);
SDR 16 TDI (FFFF) TDO (FEFF);
SDR 16 TDI (FFFF) TDO (BFFF);
SDR 16 TDI (FFFF) TDO (BFFF);
SDR 16 TDI (FFFF) TDO (7DFF);
SDR 16 TDI (FFFF) TDO (EFFF);
SDR 16 TDI (FFFF) TDO (BFFF);
SDR 16 TDI (FFFF) TDO (FFFF);
SDR 16 TDI (FFFF) TDO (7FFF);
SDR 16 TDI (FFFF) TDO (FFFF);
SDR 16 TDI (FFFF) TDO (BFFB);
SDR 16 TDI (FFFF) TDO (FFFF);
SDR 16 TDI (FFFF) TDO (5FFF);
SDR 16 TDI (FFFF) TDO (FFFF);
SDR 16 TDI (FFFF) TDO (BFFF);
SDR 16 TDI (FFFF) TDO (FFFF);
SDR 16 TDI (FFFF) TDO (7FFD);
SDR 16 TDI (FFFF) TDO (FD7F);
SDR 16 TDI (FFFF) TDO (BFFF);
SDR 16 TDI (FFFF) TDO (7FFF);
SDR 16 TDI (FFFF) TDO (7FFF);
SDR 16 TDI (FFFF) TDO (FFFF);
SDR 16 TDI (FFFF) TDO (BFFF);
SDR 16 TDI (FFFF) TDO (DFFF);
SDR 16 TDI (FFFF) TDO (5FFF);
SDR 16 TDI (FFFF) TDO (FFFF);
SDR 16 TDI (FFFF) TDO (BFFF);
SDR 16 TDI (FFFF) TDO (FFFF);
SDR 16 TDI (FFFF) TDO (7FFF);
SDR 16 TDI (FFFF) TDO (FFFF);
SDR 16 TDI (FFFF) TDO (BFFF);
SDR 16 TDI (FFFF) TDO (FFFF);
SDR 16 TDI (FFFF) TDO (7FFF);
SDR 16 TDI (FFFF) TDO (FFBF);
SDR 16 TDI (FFFF) TDO (9FEF);
SDR 16 TDI (FFFF) TDO (F7FF);
SDR 16 TDI (FFFF) TDO (7DFF);
SDR 16 TDI (FFFF) TDO (FFFB);
SDR 16 TDI (FFFF) TDO (BFFF);
SDR 16 TDI (FFFF) TDO (FFFF);
SDR 16 TDI (FFFF) TDO (7FFF);
SDR 16 TDI (FFFF) TDO (FFFF);
SDR 16 TDI (FFFF) TDO (BFFB);
SDR 16 TDI (FFFF) TDO (DFFF);
SDR 16 TDI (FFFF) TDO (7FFF);
SDR 16 TDI (FFFF) TDO (FFFF);
SDR 16 TDI (FFFF) TDO (BFFF);
SDR 16 TDI (FFFF) TDO (FEFF);
SDR 16 TDI (FFFF) TDO (5FFD);
SDR 16 TDI (FFFF) TDO (FFFF);
SDR 16 TDI (FFFF) TDO (BFFF);
SDR 16 TDI (FFFF) TDO (FFFE);
SDR 16 TDI (FFFF) TDO (7FFF);
SDR 16 TDI (FFFF) TDO (FFFF);
SDR 16 TDI (FFFF) TDO (BFFF);
SDR 16 TDI (FFFF) TDO (EFFF);
SDR 16 TDI (FFFF) TDO (7FFF);
SDR 16 TDI (FFFF) TDO (FFFF);
SDR 16 TDI (FFFF) TDO (9F7F);
SDR 16 TDI (FFFF) TDO (FFFF);
SDR 16 TDI (FFFF) TDO (7FFF);
SDR 16 TDI (FFFF) TDO (FFFF);
SDR 16 TDI (FFFF) TDO (BFFF);
SDR 16 TDI (FFFF) TDO (FFEE);
SDR 16 TDI (FFFF) TDO (7FFF);
SDR 16 TDI (FFFF) TDO (FFFF);
SDR 16 TDI (FFFF) TDO (BFFD);
SDR 16 TDI (FFFF) TDO (DFFF);
SDR 16 TDI (FFFF) TDO (7DFF);
SDR 16 TDI (FFFF) TDO (FFFF);
SDR 16 TDI (FFFF) TDO (BFFF);
SDR 16 TDI (FFFF) TDO (FFFF);
SDR 16 TDI (FFFF) TDO (5FFF);
SDR 16 TDI (FFFF) TDO (FFFF);
SDR 16 TDI (FFFF) TDO (BFEF);
SDR 16 TDI (FFFF) TDO (FFFF);
SDR 16 TDI (FFFF) TDO (7FFF);
SDR 16 TDI (FFFF) TDO (FFFF);
SDR 16 TDI (FFFF) TDO (BFFF);
SDR 16 TDI (FFFF) TDO (FFFF);
SDR 16 TDI (FFFF) TDO (7FFF);
SDR 16 TDI (FFFF) TDO (FFFF);
SDR 16 TDI (FFFF) TDO (BEBF);
SDR 16 TDI (FFFF) TDO (FFFB);
SDR 16 TDI (FFFF) TDO (57FF);
SDR 16 TDI (FFFF) TDO (FF8F);
SDR 16 TDI (FFFF) TDO (BFFF);
SDR 16 TDI (FFFF) TDO (DFFF);
SDR 16 TDI (FFFF) TDO (7FF8);
SDR 16 TDI (FFFF) TDO (FFFF);
SDR 16 TDI (FFFF) TDO (BFFF);
SDR 16 TDI (FFFF) TDO (FFFF);
SDR 16 TDI (FFFF) TDO (7FFF);
SDR 16 TDI (FFFF) TDO (FFFF);
SDR 16 TDI (FFFF) TDO (BFFF);
SDR 16 TDI (FFFF) TDO (FFFE);
SDR 16 TDI (FFFF) TDO (5FFD);
SDR 16 TDI (FFFF) TDO (FFFF);
SDR 16 TDI (FFFF) TDO (BFFE);
SDR 16 TDI (FFFF) TDO (EFF5);
SDR 16 TDI (FFFF) TDO (6DFF);
SDR 16 TDI (FFFF) TDO (FFFF);
SDR 16 TDI (FFFF) TDO (BFFF);
SDR 16 TDI (FFFF) TDO (AFFF);
SDR 16 TDI (FFFF) TDO (7FFF);
SDR 16 TDI (FFFF) TDO (FFFF);
SDR 16 TDI (FFFF) TDO (BFEF);
SDR 16 TDI (FFFF) TDO (FFFF);
SDR 16 TDI (FFFF) TDO (5FFF);
SDR 16 TDI (FFFF) TDO (FFFF);
SDR 16 TDI (FFFF) TDO (BFFF);
SDR 16 TDI (FFFF) TDO (FDDF);
SDR 16 TDI (FFFF) TDO (7DFF);
SDR 16 TDI (FFFF) TDO (3FFF);
SDR 16 TDI (FFFF) TDO (BFE6);
SDR 16 TDI (FFFF) TDO (EFFD);
SDR 16 TDI (FFFF) TDO (7BFF);
SDR 16 TDI (FFFF) TDO (FFF9);
SDR 16 TDI (FFFF) TDO (B33F);
SDR 16 TDI (FFFF) TDO (EFFF);
SDR 16 TDI (FFFF) TDO (5FFF);
SDR 16 TDI (FFFF) TDO (999F);
SDR 16 TDI (FFFF) TDO (BF6F);
SDR 16 TDI (FFFF) TDO (FFFF);
SDR 16 TDI (FFFF) TDO (7FFF);
SDR 16 TDI (FFFF) TDO (FFFF);
SDR 16 TDI (FFFF) TDO (BFFF);
SDR 16 TDI (FFFF) TDO (FFFF);
SDR 16 TDI (FFFF) TDO (7FFF);
SDR 16 TDI (FFFF) TDO (FFFF);
SDR 16 TDI (FFFF) TDO (BFFF);
SDR 16 TDI (FFFF) TDO (FFFF);
SDR 16 TDI (FFFF) TDO (5FFF);
SDR 16 TDI (FFFF) TDO (FFFF);
SDR 16 TDI (FFFF) TDO (BFFF);
SDR 16 TDI (FFFF) TDO (FFFF);
SDR 16 TDI (FFFF) TDO (7FFF);
SDR 16 TDI (FFFF) TDO (FFFF);
SDR 16 TDI (FFFF) TDO (BFFF);
SDR 16 TDI (FFFF) TDO (FFFF);
SDR 16 TDI (FFFF) TDO (7FFF);
SDR 16 TDI (FFFF) TDO (FFFF);
SDR 16 TDI (FFFF) TDO (BFFC);
SDR 16 TDI (FFFF) TDO (F9E7);
SDR 16 TDI (FFFF) TDO (59FF);
SDR 16 TDI (FFFF) TDO (FFFF);
SDR 16 TDI (FFFF) TDO (BFFF);
SDR 16 TDI (FFFF) TDO (FCF9);
SDR 16 TDI (FFFF) TDO (7FFF);
SDR 16 TDI (FFFF) TDO (FFFF);
SDR 16 TDI (FFFF) TDO (BFE7);
SDR 16 TDI (FFFF) TDO (FFFF);
SDR 16 TDI (FFFF) TDO (7FFF);
SDR 16 TDI (FFFF) TDO (FFF3);
SDR 16 TDI (FFFF) TDO (BCFF);
SDR 16 TDI (FFFF) TDO (FFFF);
SDR 16 TDI (FFFF) TDO (5FFF);
SDR 16 TDI (FFFF) TDO (FFFF);
SDR 16 TDI (FFFF) TDO (BFFF);
SDR 16 TDI (FFFF) TDO (FFFF);
SDR 16 TDI (FFFF) TDO (7FFF);
SDR 16 TDI (FFFF) TDO (FFFF);
SDR 16 TDI (FFFF) TDO (BFFF);
SDR 16 TDI (FFFF) TDO (FFFF);
SDR 16 TDI (FFFF) TDO (7FFF);
SDR 16 TDI (FFFF) TDO (FFFF);
SDR 16 TDI (FFFF) TDO (BFFF);
SDR 16 TDI (FFFF) TDO (FFFF);
SDR 16 TDI (FFFF) TDO (5FFF);
SDR 16 TDI (FFFF) TDO (FFFF);
SDR 16 TDI (FFFF) TDO (BFFF);
SDR 16 TDI (FFFF) TDO (FFFF);
SDR 16 TDI (FFFF) TDO (5FFF);
SDR 16 TDI (FFFF) TDO (FFFF);
SDR 16 TDI (FFFF) TDO (BFFF);
SDR 16 TDI (FFFF) TDO (FFFF);
SDR 16 TDI (FFFF) TDO (7FFF);
SDR 16 TDI (FFFF) TDO (FFFF);
SDR 16 TDI (FFFF) TDO (BFFF);
SDR 16 TDI (FFFF) TDO (FFFF);
SDR 16 TDI (FFFF) TDO (7FFF);
SDR 16 TDI (FFFF) TDO (FFFF);
SDR 16 TDI (FFFF) TDO (BFFF);
SDR 16 TDI (FFFF) TDO (FFFF);
SDR 16 TDI (FFFF) TDO (7FFF);
SDR 16 TDI (FFFF) TDO (FFFF);
SDR 16 TDI (FFFF) TDO (BFFF);
SDR 16 TDI (FFFF) TDO (FFFF);
SDR 16 TDI (FFFF) TDO (7FFF);
SDR 16 TDI (FFFF) TDO (FFFF);
SDR 16 TDI (FFFF) TDO (BFFF);
SDR 16 TDI (FFFF) TDO (FFFF);
SDR 16 TDI (FFFF) TDO (7FFF);
SDR 16 TDI (FFFF) TDO (FFFF);
SDR 16 TDI (FFFF) TDO (BFFF);
SDR 16 TDI (FFFF) TDO (FFFF);
SDR 16 TDI (FFFF) TDO (7FFF);
SDR 16 TDI (FFFF) TDO (FFFF);
SDR 16 TDI (FFFF) TDO (BFFF);
SDR 16 TDI (FFFF) TDO (FFFF);
SDR 16 TDI (FFFF) TDO (7FFF);
SDR 16 TDI (FFFF) TDO (FFFF);
SDR 16 TDI (FFFF) TDO (BFFF);
SDR 16 TDI (FFFF) TDO (FFFF);
SDR 16 TDI (FFFF) TDO (7FFF);
SDR 16 TDI (FFFF) TDO (FFFF);
SDR 16 TDI (FFFF) TDO (BFFF);
SDR 16 TDI (FFFF) TDO (FFFF);
SDR 16 TDI (FFFF) TDO (7FFF);
SDR 16 TDI (FFFF) TDO (FFFF);
SDR 16 TDI (FFFF) TDO (BFFF);
SDR 16 TDI (FFFF) TDO (FFFF);
SDR 16 TDI (FFFF) TDO (7FFF);
SDR 16 TDI (FFFF) TDO (FFFF);
SDR 16 TDI (FFFF) TDO (BFFF);
SDR 16 TDI (FFFF) TDO (FFFF);
SDR 16 TDI (FFFF) TDO (7FFF);
SDR 16 TDI (FFFF) TDO (FFFF);
SDR 16 TDI (FFFF) TDO (BFFF);
SDR 16 TDI (FFFF) TDO (FFFF);
SDR 16 TDI (FFFF) TDO (7FFF);
SDR 16 TDI (FFFF) TDO (FFFF);
SDR 16 TDI (FFFF) TDO (BFFF);
SDR 16 TDI (FFFF) TDO (FFFF);
SDR 16 TDI (FFFF) TDO (7FFF);
SDR 16 TDI (FFFF) TDO (FFFF);
SDR 16 TDI (FFFF) TDO (BFFF);
SDR 16 TDI (FFFF) TDO (FFFF);
SDR 16 TDI (FFFF) TDO (7FFF);
SDR 16 TDI (FFFF) TDO (FFFF);
SDR 16 TDI (FFFF) TDO (BFFF);
SDR 16 TDI (FFFF) TDO (FFFF);
SDR 16 TDI (FFFF) TDO (7FFF);
SDR 16 TDI (FFFF) TDO (FFFF);
SDR 16 TDI (FFFF) TDO (BFFF);
SDR 16 TDI (FFFF) TDO (FFFF);
SDR 16 TDI (FFFF) TDO (7FFF);
SDR 16 TDI (FFFF) TDO (FFFF);
SDR 16 TDI (FFFF) TDO (BFFF);
SDR 16 TDI (FFFF) TDO (FFFF);
SDR 16 TDI (FFFF) TDO (7FFF);
SDR 16 TDI (FFFF) TDO (FFFF);
SDR 16 TDI (FFFF) TDO (BFFF);
SDR 16 TDI (FFFF) TDO (FFFF);
SDR 16 TDI (FFFF) TDO (7FFF);
SDR 16 TDI (FFFF) TDO (FFFF);
SDR 16 TDI (FFFF) TDO (BFFF);
SDR 16 TDI (FFFF) TDO (FFFF);
SDR 16 TDI (FFFF) TDO (7FFF);
SDR 16 TDI (FFFF) TDO (FFFF);
SDR 16 TDI (FFFF) TDO (BFFF);
SDR 16 TDI (FFFF) TDO (FFFF);
SDR 16 TDI (FFFF) TDO (7FFF);
SDR 16 TDI (FFFF) TDO (FFFF);
SDR 16 TDI (FFFF) TDO (BFFF);
SDR 16 TDI (FFFF) TDO (FFFF);
SDR 16 TDI (FFFF) TDO (7FFF);
SDR 16 TDI (FFFF) TDO (FFFF);
SDR 16 TDI (FFFF) TDO (BFFF);
SDR 16 TDI (FFFF) TDO (FFFF);
SDR 16 TDI (FFFF) TDO (7FFF);
SDR 16 TDI (FFFF) TDO (FFFF);
SDR 16 TDI (FFFF) TDO (BFFF);
SDR 16 TDI (FFFF) TDO (FFFF);
SDR 16 TDI (FFFF) TDO (7FFF);
SDR 16 TDI (FFFF) TDO (FFFF);
SDR 16 TDI (FFFF) TDO (BFFF);
SDR 16 TDI (FFFF) TDO (FFFF);
SDR 16 TDI (FFFF) TDO (7FFF);
SDR 16 TDI (FFFF) TDO (FFFF);
SDR 16 TDI (FFFF) TDO (BFFF);
SDR 16 TDI (FFFF) TDO (FFFF);
SDR 16 TDI (FFFF) TDO (7FFF);
SDR 16 TDI (FFFF) TDO (FFFF);
SDR 16 TDI (FFFF) TDO (BFFF);
SDR 16 TDI (FFFF) TDO (FFFF);
SDR 16 TDI (FFFF) TDO (7FFF);
SDR 16 TDI (FFFF) TDO (FFFF);
SDR 16 TDI (FFFF) TDO (BFFF);
SDR 16 TDI (FFFF) TDO (FFFF);
SDR 16 TDI (FFFF) TDO (7FFF);
SDR 16 TDI (FFFF) TDO (FFFF);
SDR 16 TDI (FFFF) TDO (BFFF);
SDR 16 TDI (FFFF) TDO (FFFF);
SDR 16 TDI (FFFF) TDO (7FFF);
SDR 16 TDI (FFFF) TDO (FFFF);
SDR 16 TDI (FFFF) TDO (BFFF);
SDR 16 TDI (FFFF) TDO (FFFF);
SDR 16 TDI (FFFF) TDO (7FFF);
SDR 16 TDI (FFFF) TDO (FFFF);
SDR 16 TDI (FFFF) TDO (BFFF);
SDR 16 TDI (FFFF) TDO (FFFF);
SDR 16 TDI (FFFF) TDO (7FFF);
SDR 16 TDI (FFFF) TDO (FFFF);
SDR 16 TDI (FFFF) TDO (BFFF);
SDR 16 TDI (FFFF) TDO (FFFF);
SDR 16 TDI (FFFF) TDO (7FFF);
SDR 16 TDI (FFFF) TDO (FFFF);
SDR 16 TDI (FFFF) TDO (BFFF);
SDR 16 TDI (FFFF) TDO (FFFF);
SDR 16 TDI (FFFF) TDO (7FFF);
SDR 16 TDI (FFFF) TDO (FFFF);
SDR 16 TDI (FFFF) TDO (BFFF);
SDR 16 TDI (FFFF) TDO (FFFF);
SDR 16 TDI (FFFF) TDO (7FFF);
SDR 16 TDI (FFFF) TDO (FFFF);
SDR 16 TDI (FFFF) TDO (BFFF);
SDR 16 TDI (FFFF) TDO (FFFF);
SDR 16 TDI (FFFF) TDO (7FFF);
SDR 16 TDI (FFFF) TDO (FFFF);
SDR 16 TDI (FFFF) TDO (BFFF);
SDR 16 TDI (FFFF) TDO (FFFF);
SDR 16 TDI (FFFF) TDO (7FFF);
SDR 16 TDI (FFFF) TDO (FFFF);
SDR 16 TDI (FFFF) TDO (BFFF);
SDR 16 TDI (FFFF) TDO (FFFF);
SDR 16 TDI (FFFF) TDO (7FFF);
SDR 16 TDI (FFFF) TDO (FFFF);
SDR 16 TDI (FFFF) TDO (BFFF);
SDR 16 TDI (FFFF) TDO (FFFF);
SDR 16 TDI (FFFF) TDO (7FFF);
SDR 16 TDI (FFFF) TDO (FFFF);
SDR 16 TDI (FFFF) TDO (BFFF);
SDR 16 TDI (FFFF) TDO (FFFF);
SDR 16 TDI (FFFF) TDO (7FFF);
SDR 16 TDI (FFFF) TDO (FFFF);
SDR 16 TDI (FFFF) TDO (BFFF);
SDR 16 TDI (FFFF) TDO (FFFF);
SDR 16 TDI (FFFF) TDO (7FFF);
SDR 16 TDI (FFFF) TDO (FFFF);
SDR 16 TDI (FFFF) TDO (BFFF);
SDR 16 TDI (FFFF) TDO (FFFF);
SDR 16 TDI (FFFF) TDO (7FFF);
SDR 16 TDI (FFFF) TDO (FFFF);
SDR 16 TDI (FFFF) TDO (BFFF);
SDR 16 TDI (FFFF) TDO (FFFF);
SDR 16 TDI (FFFF) TDO (7FFF);
SDR 16 TDI (FFFF) TDO (FFFF);
SDR 16 TDI (FFFF) TDO (BFFF);
SDR 16 TDI (FFFF) TDO (FFFF);
SDR 16 TDI (FFFF) TDO (7FFF);
SDR 16 TDI (FFFF) TDO (FFFF);
SDR 16 TDI (FFFF) TDO (BFFF);
SDR 16 TDI (FFFF) TDO (FFFF);
SDR 16 TDI (FFFF) TDO (7FFF);
SDR 16 TDI (FFFF) TDO (FFFF);
SDR 16 TDI (FFFF) TDO (BFFF);
SDR 16 TDI (FFFF) TDO (FFFF);
SDR 16 TDI (FFFF) TDO (7FFF);
SDR 16 TDI (FFFF) TDO (FFFF);
SDR 16 TDI (FFFF) TDO (BFFF);
SDR 16 TDI (FFFF) TDO (FFFF);
SDR 16 TDI (FFFF) TDO (7FFF);
SDR 16 TDI (FFFF) TDO (FFFF);
SDR 16 TDI (FFFF) TDO (BFFF);
SDR 16 TDI (FFFF) TDO (FFFF);
SDR 16 TDI (FFFF) TDO (7FFF);
SDR 16 TDI (FFFF) TDO (FFFF);
SDR 16 TDI (FFFF) TDO (BFFF);
SDR 16 TDI (FFFF) TDO (FFFF);
SDR 16 TDI (FFFF) TDO (7FFF);
SDR 16 TDI (FFFF) TDO (FFFF);
SDR 16 TDI (FFFF) TDO (BFFF);
SDR 16 TDI (FFFF) TDO (FFFF);
SDR 16 TDI (FFFF) TDO (7FFF);
SDR 16 TDI (FFFF) TDO (FFFF);
SDR 16 TDI (FFFF) TDO (BFFF);
SDR 16 TDI (FFFF) TDO (FFFF);
SDR 16 TDI (FFFF) TDO (7FFF);
SDR 16 TDI (FFFF) TDO (FFFF);
SDR 16 TDI (FFFF) TDO (BFFF);
SDR 16 TDI (FFFF) TDO (FFFF);
SDR 16 TDI (FFFF) TDO (7FFF);
SDR 16 TDI (FFFF) TDO (FFFF);
SDR 16 TDI (FFFF) TDO (BFFF);
SDR 16 TDI (FFFF) TDO (FFFF);
SDR 16 TDI (FFFF) TDO (7FFF);
SDR 16 TDI (FFFF) TDO (FFFF);
SDR 16 TDI (FFFF) TDO (BFFF);
SDR 16 TDI (FFFF) TDO (FFFF);
SIR 10 TDI (203);
RUNTEST 4 TCK;
SDR 13 TDI (0001);
SIR 10 TDI (205);
RUNTEST 4 TCK;
SDR 16 TDI (FFFF) TDO (FFFF) MASK (FFFF);
SDR 16 TDI (FFFF) TDO (FFFF);
SDR 16 TDI (FFFF) TDO (FFFF);
SDR 16 TDI (FFFF) TDO (FFFF);
SDR 16 TDI (FFFF) TDO (FFFF);
SDR 16 TDI (FFFF) TDO (FFFF);
SDR 16 TDI (FFFF) TDO (FFFF);
SDR 16 TDI (FFFF) TDO (FFFF);
SDR 16 TDI (FFFF) TDO (FFFF);
SDR 16 TDI (FFFF) TDO (FFFF);
SDR 16 TDI (FFFF) TDO (FFFF);
SDR 16 TDI (FFFF) TDO (FFFF);
SDR 16 TDI (FFFF) TDO (FFFF);
SDR 16 TDI (FFFF) TDO (FFFF);
SDR 16 TDI (FFFF) TDO (FFFF);
SDR 16 TDI (FFFF) TDO (FFFF);
SDR 16 TDI (FFFF) TDO (FFFF);
SDR 16 TDI (FFFF) TDO (FFFF);
SDR 16 TDI (FFFF) TDO (FFFF);
SDR 16 TDI (FFFF) TDO (FFFF);
SDR 16 TDI (FFFF) TDO (FFFF);
SDR 16 TDI (FFFF) TDO (FFFF);
SDR 16 TDI (FFFF) TDO (FFFF);
SDR 16 TDI (FFFF) TDO (FFFF);
SDR 16 TDI (FFFF) TDO (FFFF);
SDR 16 TDI (FFFF) TDO (FFFF);
SDR 16 TDI (FFFF) TDO (FFFF);
SDR 16 TDI (FFFF) TDO (FFFF);
SDR 16 TDI (FFFF) TDO (FFFF);
SDR 16 TDI (FFFF) TDO (FFFF);
SDR 16 TDI (FFFF) TDO (FFFF);
SDR 16 TDI (FFFF) TDO (FFFF);
SDR 16 TDI (FFFF) TDO (FFFF);
SDR 16 TDI (FFFF) TDO (FFFF);
SDR 16 TDI (FFFF) TDO (FFFF);
SDR 16 TDI (FFFF) TDO (FFFF);
SDR 16 TDI (FFFF) TDO (FFFF);
SDR 16 TDI (FFFF) TDO (FFFF);
SDR 16 TDI (FFFF) TDO (FFFF);
SDR 16 TDI (FFFF) TDO (FFFF);
SDR 16 TDI (FFFF) TDO (FFFF);
SDR 16 TDI (FFFF) TDO (FFFF);
SDR 16 TDI (FFFF) TDO (FFFF);
SDR 16 TDI (FFFF) TDO (FFFF);
SDR 16 TDI (FFFF) TDO (FFFF);
SDR 16 TDI (FFFF) TDO (FFFF);
SDR 16 TDI (FFFF) TDO (FFFF);
SDR 16 TDI (FFFF) TDO (FFFF);
SDR 16 TDI (FFFF) TDO (FFFF);
SDR 16 TDI (FFFF) TDO (FFFF);
SDR 16 TDI (FFFF) TDO (FFFF);
SDR 16 TDI (FFFF) TDO (FFFF);
SDR 16 TDI (FFFF) TDO (FFFF);
SDR 16 TDI (FFFF) TDO (FFFF);
SDR 16 TDI (FFFF) TDO (FFFF);
SDR 16 TDI (FFFF) TDO (FFFF);
SDR 16 TDI (FFFF) TDO (FFFF);
SDR 16 TDI (FFFF) TDO (FFFF);
SDR 16 TDI (FFFF) TDO (FFFF);
SDR 16 TDI (FFFF) TDO (FFFF);
SDR 16 TDI (FFFF) TDO (FFFF);
SDR 16 TDI (FFFF) TDO (FFFF);
SDR 16 TDI (FFFF) TDO (FFFF);
SDR 16 TDI (FFFF) TDO (FFFF);
SDR 16 TDI (FFFF) TDO (FFFF);
SDR 16 TDI (FFFF) TDO (FFFF);
SDR 16 TDI (FFFF) TDO (FFFF);
SDR 16 TDI (FFFF) TDO (FFFF);
SDR 16 TDI (FFFF) TDO (FFFF);
SDR 16 TDI (FFFF) TDO (FFFF);
SDR 16 TDI (FFFF) TDO (FFFF);
SDR 16 TDI (FFFF) TDO (FFFF);
SDR 16 TDI (FFFF) TDO (FFFF);
SDR 16 TDI (FFFF) TDO (FFFF);
SDR 16 TDI (FFFF) TDO (FFFF);
SDR 16 TDI (FFFF) TDO (FFFF);
SDR 16 TDI (FFFF) TDO (FFFF);
SDR 16 TDI (FFFF) TDO (FFFF);
SDR 16 TDI (FFFF) TDO (FFFF);
SDR 16 TDI (FFFF) TDO (FFFF);
SDR 16 TDI (FFFF) TDO (FFFF);
SDR 16 TDI (FFFF) TDO (FFFF);
SDR 16 TDI (FFFF) TDO (FFFF);
SDR 16 TDI (FFFF) TDO (FFFF);
SDR 16 TDI (FFFF) TDO (FFFF);
SDR 16 TDI (FFFF) TDO (FFFF);
SDR 16 TDI (FFFF) TDO (FFFF);
SDR 16 TDI (FFFF) TDO (FFFF);
SDR 16 TDI (FFFF) TDO (FFFF);
SDR 16 TDI (FFFF) TDO (FFFF);
SDR 16 TDI (FFFF) TDO (FFFF);
SDR 16 TDI (FFFF) TDO (FFFF);
SDR 16 TDI (FFFF) TDO (FFFF);
SDR 16 TDI (FFFF) TDO (FFFF);
SDR 16 TDI (FFFF) TDO (FFFF);
SDR 16 TDI (FFFF) TDO (FFFF);
SDR 16 TDI (FFFF) TDO (FFFF);
SDR 16 TDI (FFFF) TDO (FFFF);
SDR 16 TDI (FFFF) TDO (FFFF);
SDR 16 TDI (FFFF) TDO (FFFF);
SDR 16 TDI (FFFF) TDO (FFFF);
SDR 16 TDI (FFFF) TDO (FFFF);
SDR 16 TDI (FFFF) TDO (FFFF);
SDR 16 TDI (FFFF) TDO (FFFF);
SDR 16 TDI (FFFF) TDO (FFFF);
SDR 16 TDI (FFFF) TDO (FFFF);
SDR 16 TDI (FFFF) TDO (FFFF);
SDR 16 TDI (FFFF) TDO (FFFF);
SDR 16 TDI (FFFF) TDO (FFFF);
SDR 16 TDI (FFFF) TDO (FFFF);
SDR 16 TDI (FFFF) TDO (FFFF);
SDR 16 TDI (FFFF) TDO (FFFF);
SDR 16 TDI (FFFF) TDO (FFFF);
SDR 16 TDI (FFFF) TDO (FFFF);
SDR 16 TDI (FFFF) TDO (FFFF);
SDR 16 TDI (FFFF) TDO (FFFF);
SDR 16 TDI (FFFF) TDO (FFFF);
SDR 16 TDI (FFFF) TDO (FFFF);
SDR 16 TDI (FFFF) TDO (FFFF);
SDR 16 TDI (FFFF) TDO (FFFF);
SDR 16 TDI (FFFF) TDO (FFFF);
SDR 16 TDI (FFFF) TDO (FFFF);
SDR 16 TDI (FFFF) TDO (FFFF);
SDR 16 TDI (FFFF) TDO (FFFF);
SDR 16 TDI (FFFF) TDO (FFFF);
SDR 16 TDI (FFFF) TDO (FFFF);
SDR 16 TDI (FFFF) TDO (FFFF);
SDR 16 TDI (FFFF) TDO (FFFF);
SDR 16 TDI (FFFF) TDO (FFFF);
SDR 16 TDI (FFFF) TDO (FFFF);
SDR 16 TDI (FFFF) TDO (FFFF);
SDR 16 TDI (FFFF) TDO (FFFF);
SDR 16 TDI (FFFF) TDO (FFFF);
SDR 16 TDI (FFFF) TDO (FFFF);
SDR 16 TDI (FFFF) TDO (FFFF);
SDR 16 TDI (FFFF) TDO (FFFF);
SDR 16 TDI (FFFF) TDO (FFFF);
SDR 16 TDI (FFFF) TDO (FFFF);
SDR 16 TDI (FFFF) TDO (FFFF);
SDR 16 TDI (FFFF) TDO (FFFF);
SDR 16 TDI (FFFF) TDO (FFFF);
SDR 16 TDI (FFFF) TDO (FFFF);
SDR 16 TDI (FFFF) TDO (FFFF);
SDR 16 TDI (FFFF) TDO (FFFF);
SDR 16 TDI (FFFF) TDO (FFFF);
SDR 16 TDI (FFFF) TDO (FFFF);
SDR 16 TDI (FFFF) TDO (FFFF);
SDR 16 TDI (FFFF) TDO (FFFF);
SDR 16 TDI (FFFF) TDO (FFFF);
SDR 16 TDI (FFFF) TDO (FFFF);
SDR 16 TDI (FFFF) TDO (FFFF);
SDR 16 TDI (FFFF) TDO (FFFF);
SDR 16 TDI (FFFF) TDO (FFFF);
SDR 16 TDI (FFFF) TDO (FFFF);
SDR 16 TDI (FFFF) TDO (FFFF);
SDR 16 TDI (FFFF) TDO (FFFF);
SDR 16 TDI (FFFF) TDO (FFFF);
SDR 16 TDI (FFFF) TDO (FFFF);
SDR 16 TDI (FFFF) TDO (FFFF);
SDR 16 TDI (FFFF) TDO (FFFF);
SDR 16 TDI (FFFF) TDO (FFFF);
SDR 16 TDI (FFFF) TDO (FFFF);
SDR 16 TDI (FFFF) TDO (FFFF);
SDR 16 TDI (FFFF) TDO (FFFF);
SDR 16 TDI (FFFF) TDO (FFFF);
SDR 16 TDI (FFFF) TDO (FFFF);
SDR 16 TDI (FFFF) TDO (FFFF);
SDR 16 TDI (FFFF) TDO (FFFF);
SDR 16 TDI (FFFF) TDO (FFFF);
SDR 16 TDI (FFFF) TDO (FFFF);
SDR 16 TDI (FFFF) TDO (FFFF);
SDR 16 TDI (FFFF) TDO (FFFF);
SDR 16 TDI (FFFF) TDO (FFFF);
SDR 16 TDI (FFFF) TDO (FFFF);
SDR 16 TDI (FFFF) TDO (FFFF);
SDR 16 TDI (FFFF) TDO (FFFF);
SDR 16 TDI (FFFF) TDO (FFFF);
SDR 16 TDI (FFFF) TDO (FFFF);
SDR 16 TDI (FFFF) TDO (FFFF);
SDR 16 TDI (FFFF) TDO (FFFF);
SDR 16 TDI (FFFF) TDO (FFFF);
SDR 16 TDI (FFFF) TDO (FFFF);
SDR 16 TDI (FFFF) TDO (FFFF);
SDR 16 TDI (FFFF) TDO (FFFF);
SDR 16 TDI (FFFF) TDO (FFFF);
SDR 16 TDI (FFFF) TDO (FFFF);
SDR 16 TDI (FFFF) TDO (FFFF);
SDR 16 TDI (FFFF) TDO (FFFF);
SDR 16 TDI (FFFF) TDO (FFFF);
SDR 16 TDI (FFFF) TDO (FFFF);
SDR 16 TDI (FFFF) TDO (FFFF);
SDR 16 TDI (FFFF) TDO (FFFF);
SDR 16 TDI (FFFF) TDO (FFFF);
SDR 16 TDI (FFFF) TDO (FFFF);
SDR 16 TDI (FFFF) TDO (FFFF);
SDR 16 TDI (FFFF) TDO (FFFF);
SDR 16 TDI (FFFF) TDO (FFFF);
SDR 16 TDI (FFFF) TDO (FFFF);
SDR 16 TDI (FFFF) TDO (FFFF);
SDR 16 TDI (FFFF) TDO (FFFF);
SDR 16 TDI (FFFF) TDO (FFFF);
SDR 16 TDI (FFFF) TDO (FFFF);
SDR 16 TDI (FFFF) TDO (FFFF);
SDR 16 TDI (FFFF) TDO (FFFF);
SDR 16 TDI (FFFF) TDO (FFFF);
SDR 16 TDI (FFFF) TDO (FFFF);
SDR 16 TDI (FFFF) TDO (FFFF);
SDR 16 TDI (FFFF) TDO (FFFF);
SDR 16 TDI (FFFF) TDO (FFFF);
SDR 16 TDI (FFFF) TDO (FFFF);
SDR 16 TDI (FFFF) TDO (FFFF);
SDR 16 TDI (FFFF) TDO (FFFF);
SDR 16 TDI (FFFF) TDO (FFFF);
SDR 16 TDI (FFFF) TDO (FFFF);
SDR 16 TDI (FFFF) TDO (FFFF);
SDR 16 TDI (FFFF) TDO (FFFF);
SDR 16 TDI (FFFF) TDO (FFFF);
SDR 16 TDI (FFFF) TDO (FFFF);
SDR 16 TDI (FFFF) TDO (FFFF);
SDR 16 TDI (FFFF) TDO (FFFF);
SDR 16 TDI (FFFF) TDO (FFFF);
SDR 16 TDI (FFFF) TDO (FFFF);
SDR 16 TDI (FFFF) TDO (FFFF);
SDR 16 TDI (FFFF) TDO (FFFF);
SDR 16 TDI (FFFF) TDO (FFFF);
SDR 16 TDI (FFFF) TDO (FFFF);
SDR 16 TDI (FFFF) TDO (FFFF);
SDR 16 TDI (FFFF) TDO (FFFF);
SDR 16 TDI (FFFF) TDO (FFFF);
SDR 16 TDI (FFFF) TDO (FFFF);
SDR 16 TDI (FFFF) TDO (FFFF);
SDR 16 TDI (FFFF) TDO (FFFF);
SDR 16 TDI (FFFF) TDO (FFFF);
SDR 16 TDI (FFFF) TDO (FFFF);
SDR 16 TDI (FFFF) TDO (FFFF);
SDR 16 TDI (FFFF) TDO (FFFF);
SDR 16 TDI (FFFF) TDO (FFFF);
SDR 16 TDI (FFFF) TDO (FFFF);
SDR 16 TDI (FFFF) TDO (FFFF);
SDR 16 TDI (FFFF) TDO (FFFF);
SDR 16 TDI (FFFF) TDO (FFFF);
SDR 16 TDI (FFFF) TDO (FFFF);
SDR 16 TDI (FFFF) TDO (FFFF);
SDR 16 TDI (FFFF) TDO (FFFF);
SDR 16 TDI (FFFF) TDO (FFFF);
SDR 16 TDI (FFFF) TDO (FFFF);
SDR 16 TDI (FFFF) TDO (FFFF);
SDR 16 TDI (FFFF) TDO (FFFF);
SDR 16 TDI (FFFF) TDO (FFFF);
SDR 16 TDI (FFFF) TDO (FFFF);
SDR 16 TDI (FFFF) TDO (FFFF);
SDR 16 TDI (FFFF) TDO (FFFF);
SDR 16 TDI (FFFF) TDO (FFFF);
SDR 16 TDI (FFFF) TDO (FFFF);
SDR 16 TDI (FFFF) TDO (FFFF);
SDR 16 TDI (FFFF) TDO (FFFF);
SDR 16 TDI (FFFF) TDO (FFFF);
SDR 16 TDI (FFFF) TDO (FFFF);
SDR 16 TDI (FFFF) TDO (FFFF);
SDR 16 TDI (FFFF) TDO (FFFF);
SDR 16 TDI (FFFF) TDO (FFFF);
SDR 16 TDI (FFFF) TDO (FFFF);
SDR 16 TDI (FFFF) TDO (FFFF);
SDR 16 TDI (FFFF) TDO (FFFF);
SDR 16 TDI (FFFF) TDO (FFFF);
SDR 16 TDI (FFFF) TDO (FFFF);
SDR 16 TDI (FFFF) TDO (FFFF);
SDR 16 TDI (FFFF) TDO (FFFF);
SDR 16 TDI (FFFF) TDO (FFFF);
SDR 16 TDI (FFFF) TDO (FFFF);
SDR 16 TDI (FFFF) TDO (FFFF);
SDR 16 TDI (FFFF) TDO (FFFF);
SDR 16 TDI (FFFF) TDO (FFFF);
SDR 16 TDI (FFFF) TDO (FFFF);
SDR 16 TDI (FFFF) TDO (FFFF);
SDR 16 TDI (FFFF) TDO (FFFF);
SDR 16 TDI (FFFF) TDO (FFFF);
SDR 16 TDI (FFFF) TDO (FFFF);
SDR 16 TDI (FFFF) TDO (FFFF);
SDR 16 TDI (FFFF) TDO (FFFF);
SDR 16 TDI (FFFF) TDO (FFFF);
SDR 16 TDI (FFFF) TDO (FFFF);
SDR 16 TDI (FFFF) TDO (FFFF);
SDR 16 TDI (FFFF) TDO (FFFF);
SDR 16 TDI (FFFF) TDO (FFFF);
SDR 16 TDI (FFFF) TDO (FFFF);
SDR 16 TDI (FFFF) TDO (FFFF);
SDR 16 TDI (FFFF) TDO (FFFF);
SDR 16 TDI (FFFF) TDO (FFFF);
SDR 16 TDI (FFFF) TDO (FFFF);
SDR 16 TDI (FFFF) TDO (FFFF);
SDR 16 TDI (FFFF) TDO (FFFF);
SDR 16 TDI (FFFF) TDO (FFFF);
SDR 16 TDI (FFFF) TDO (FFFF);
SDR 16 TDI (FFFF) TDO (FFFF);
SDR 16 TDI (FFFF) TDO (FFFF);
SDR 16 TDI (FFFF) TDO (FFFF);
SDR 16 TDI (FFFF) TDO (FFFF);
SDR 16 TDI (FFFF) TDO (FFFF);
SDR 16 TDI (FFFF) TDO (FFFF);
SDR 16 TDI (FFFF) TDO (FFFF);
SDR 16 TDI (FFFF) TDO (FFFF);
SDR 16 TDI (FFFF) TDO (FFFF);
SDR 16 TDI (FFFF) TDO (FFFF);
SDR 16 TDI (FFFF) TDO (FFFF);
SDR 16 TDI (FFFF) TDO (FFFF);
SDR 16 TDI (FFFF) TDO (FFFF);
SDR 16 TDI (FFFF) TDO (FFFF);
SDR 16 TDI (FFFF) TDO (FFFF);
SDR 16 TDI (FFFF) TDO (FFFF);
SDR 16 TDI (FFFF) TDO (FFFF);
SDR 16 TDI (FFFF) TDO (FFFF);
SDR 16 TDI (FFFF) TDO (FFFF);
SDR 16 TDI (FFFF) TDO (FFFF);
SDR 16 TDI (FFFF) TDO (FFFF);
SDR 16 TDI (FFFF) TDO (FFFF);
SDR 16 TDI (FFFF) TDO (FFFF);
SDR 16 TDI (FFFF) TDO (FFFF);
SDR 16 TDI (FFFF) TDO (FFFF);
SDR 16 TDI (FFFF) TDO (FFFF);
SDR 16 TDI (FFFF) TDO (FFFF);
SDR 16 TDI (FFFF) TDO (FFFF);
SDR 16 TDI (FFFF) TDO (FFFF);
SDR 16 TDI (FFFF) TDO (FFFF);
SDR 16 TDI (FFFF) TDO (FFFF);
SDR 16 TDI (FFFF) TDO (FFFF);
SDR 16 TDI (FFFF) TDO (FFFF);
SDR 16 TDI (FFFF) TDO (FFFF);
SDR 16 TDI (FFFF) TDO (FFFF);
SDR 16 TDI (FFFF) TDO (FFFF);
SDR 16 TDI (FFFF) TDO (FFFF);
SDR 16 TDI (FFFF) TDO (FFFF);
SDR 16 TDI (FFFF) TDO (FFFF);
SDR 16 TDI (FFFF) TDO (FFFF);
SDR 16 TDI (FFFF) TDO (FFFF);
SDR 16 TDI (FFFF) TDO (FFFF);
SDR 16 TDI (FFFF) TDO (FFFF);
SDR 16 TDI (FFFF) TDO (FFFF);
SDR 16 TDI (FFFF) TDO (FFFF);
SDR 16 TDI (FFFF) TDO (FFFF);
SDR 16 TDI (FFFF) TDO (FFFF);
SDR 16 TDI (FFFF) TDO (FFFF);
SDR 16 TDI (FFFF) TDO (FFFF);
SDR 16 TDI (FFFF) TDO (FFFF);
SDR 16 TDI (FFFF) TDO (FFFF);
SDR 16 TDI (FFFF) TDO (FFFF);
SDR 16 TDI (FFFF) TDO (FFFF);
SDR 16 TDI (FFFF) TDO (FFFF);
SDR 16 TDI (FFFF) TDO (FFFF);
SDR 16 TDI (FFFF) TDO (FFFF);
SDR 16 TDI (FFFF) TDO (FFFF);
SDR 16 TDI (FFFF) TDO (FFFF);
SDR 16 TDI (FFFF) TDO (FFFF);
SDR 16 TDI (FFFF) TDO (FFFF);
SDR 16 TDI (FFFF) TDO (FFFF);
SDR 16 TDI (FFFF) TDO (FFFF);
SDR 16 TDI (FFFF) TDO (FFFF);
SDR 16 TDI (FFFF) TDO (FFFF);
SDR 16 TDI (FFFF) TDO (FFFF);
SDR 16 TDI (FFFF) TDO (FFFF);
SDR 16 TDI (FFFF) TDO (FFFF);
SDR 16 TDI (FFFF) TDO (FFFF);
SDR 16 TDI (FFFF) TDO (FFFF);
SDR 16 TDI (FFFF) TDO (FFFF);
SDR 16 TDI (FFFF) TDO (FFFF);
SDR 16 TDI (FFFF) TDO (FFFF);
SDR 16 TDI (FFFF) TDO (FFFF);
SDR 16 TDI (FFFF) TDO (FFFF);
SDR 16 TDI (FFFF) TDO (FFFF);
SDR 16 TDI (FFFF) TDO (FFFF);
SDR 16 TDI (FFFF) TDO (FFFF);
SDR 16 TDI (FFFF) TDO (FFFF);
SDR 16 TDI (FFFF) TDO (FFFF);
SDR 16 TDI (FFFF) TDO (FFFF);
SDR 16 TDI (FFFF) TDO (FFFF);
SDR 16 TDI (FFFF) TDO (FFFF);
SDR 16 TDI (FFFF) TDO (FFFF);
SDR 16 TDI (FFFF) TDO (FFFF);
SDR 16 TDI (FFFF) TDO (FFFF);
SDR 16 TDI (FFFF) TDO (FFFF);
SDR 16 TDI (FFFF) TDO (FFFF);
SDR 16 TDI (FFFF) TDO (FFFF);
SDR 16 TDI (FFFF) TDO (FFFF);
SDR 16 TDI (FFFF) TDO (FFFF);
SDR 16 TDI (FFFF) TDO (FFFF);
SDR 16 TDI (FFFF) TDO (FFFF);
SDR 16 TDI (FFFF) TDO (FFFF);
SDR 16 TDI (FFFF) TDO (FFFF);
SDR 16 TDI (FFFF) TDO (FFFF);
SDR 16 TDI (FFFF) TDO (FFFF);
SDR 16 TDI (FFFF) TDO (FFFF);
SDR 16 TDI (FFFF) TDO (FFFF);
SDR 16 TDI (FFFF) TDO (FFFF);
SDR 16 TDI (FFFF) TDO (FFFF);
SDR 16 TDI (FFFF) TDO (FFFF);
SDR 16 TDI (FFFF) TDO (FFFF);
SDR 16 TDI (FFFF) TDO (FFFF);
SDR 16 TDI (FFFF) TDO (FFFF);
SDR 16 TDI (FFFF) TDO (FFFF);
SDR 16 TDI (FFFF) TDO (FFFF);
SDR 16 TDI (FFFF) TDO (FFFF);
SDR 16 TDI (FFFF) TDO (FFFF);
SDR 16 TDI (FFFF) TDO (FFFF);
SDR 16 TDI (FFFF) TDO (FFFF);
SDR 16 TDI (FFFF) TDO (FFFF);
SDR 16 TDI (FFFF) TDO (FFFF);
SDR 16 TDI (FFFF) TDO (FFFF);
SDR 16 TDI (FFFF) TDO (FFFF);
SDR 16 TDI (FFFF) TDO (FFFF);
SDR 16 TDI (FFFF) TDO (FFFF);
SDR 16 TDI (FFFF) TDO (FFFF);
SDR 16 TDI (FFFF) TDO (FFFF);
SDR 16 TDI (FFFF) TDO (FFFF);
SDR 16 TDI (FFFF) TDO (FFFF);
SDR 16 TDI (FFFF) TDO (FFFF);
SDR 16 TDI (FFFF) TDO (FFFF);
SDR 16 TDI (FFFF) TDO (FFFF);
SDR 16 TDI (FFFF) TDO (FFFF);
SDR 16 TDI (FFFF) TDO (FFFF);
SDR 16 TDI (FFFF) TDO (FFFF);
SDR 16 TDI (FFFF) TDO (FFFF);
SDR 16 TDI (FFFF) TDO (FFFF);
SDR 16 TDI (FFFF) TDO (FFFF);
SDR 16 TDI (FFFF) TDO (FFFF);
SDR 16 TDI (FFFF) TDO (FFFF);
SDR 16 TDI (FFFF) TDO (FFFF);
SDR 16 TDI (FFFF) TDO (FFFF);
SDR 16 TDI (FFFF) TDO (FFFF);
SDR 16 TDI (FFFF) TDO (FFFF);
SDR 16 TDI (FFFF) TDO (FFFF);
SDR 16 TDI (FFFF) TDO (FFFF);
SDR 16 TDI (FFFF) TDO (FFFF);
SDR 16 TDI (FFFF) TDO (FFFF);
SDR 16 TDI (FFFF) TDO (FFFF);
SDR 16 TDI (FFFF) TDO (FFFF);
SDR 16 TDI (FFFF) TDO (FFFF);
SDR 16 TDI (FFFF) TDO (FFFF);
SDR 16 TDI (FFFF) TDO (FFFF);
SDR 16 TDI (FFFF) TDO (FFFF);
SDR 16 TDI (FFFF) TDO (FFFF);
SDR 16 TDI (FFFF) TDO (FFFF);
SDR 16 TDI (FFFF) TDO (FFFF);
SDR 16 TDI (FFFF) TDO (FFFF);
SDR 16 TDI (FFFF) TDO (FFFF);
SDR 16 TDI (FFFF) TDO (FFFF);
SDR 16 TDI (FFFF) TDO (FFFF);
SDR 16 TDI (FFFF) TDO (FFFF);
SDR 16 TDI (FFFF) TDO (FFFF);
SDR 16 TDI (FFFF) TDO (FFFF);
SDR 16 TDI (FFFF) TDO (FFFF);
SDR 16 TDI (FFFF) TDO (FFFF);
SDR 16 TDI (FFFF) TDO (FFFF);
SDR 16 TDI (FFFF) TDO (FFFF);
SDR 16 TDI (FFFF) TDO (FFFF);
SDR 16 TDI (FFFF) TDO (FFFF);
SDR 16 TDI (FFFF) TDO (FFFF);
SDR 16 TDI (FFFF) TDO (FFFF);
SDR 16 TDI (FFFF) TDO (FFFF);
SDR 16 TDI (FFFF) TDO (FFFF);
SDR 16 TDI (FFFF) TDO (FFFF);
SDR 16 TDI (FFFF) TDO (FFFF);
SDR 16 TDI (FFFF) TDO (FFFF);
SDR 16 TDI (FFFF) TDO (FFFF);
SDR 16 TDI (FFFF) TDO (FFFF);
SDR 16 TDI (FFFF) TDO (FFFF);
SDR 16 TDI (FFFF) TDO (FFFF);
SDR 16 TDI (FFFF) TDO (FFFF);
SDR 16 TDI (FFFF) TDO (FFFF);
SDR 16 TDI (FFFF) TDO (FFFF);
SDR 16 TDI (FFFF) TDO (FFFF);
SDR 16 TDI (FFFF) TDO (FFFF);
SDR 16 TDI (FFFF) TDO (FFFF);
SDR 16 TDI (FFFF) TDO (FFFF);
SDR 16 TDI (FFFF) TDO (FFFF);
SDR 16 TDI (FFFF) TDO (FFFF);
SDR 16 TDI (FFFF) TDO (FFFF);
SDR 16 TDI (FFFF) TDO (FFFF);
SDR 16 TDI (FFFF) TDO (FFFF);
SDR 16 TDI (FFFF) TDO (FFFF);
SDR 16 TDI (FFFF) TDO (FFFF);
SDR 16 TDI (FFFF) TDO (FFFF);
SDR 16 TDI (FFFF) TDO (FFFF);
SDR 16 TDI (FFFF) TDO (FFFF);
SDR 16 TDI (FFFF) TDO (FFFF);
SDR 16 TDI (FFFF) TDO (FFFF);
SDR 16 TDI (FFFF) TDO (FFFF);
SDR 16 TDI (FFFF) TDO (FFFF);
SDR 16 TDI (FFFF) TDO (FFFF);
SDR 16 TDI (FFFF) TDO (FFFF);
SDR 16 TDI (FFFF) TDO (FFFF);
SDR 16 TDI (FFFF) TDO (FFFF);
SDR 16 TDI (FFFF) TDO (FFFF);
SDR 16 TDI (FFFF) TDO (FFFF);
SDR 16 TDI (FFFF) TDO (FFFF);
SDR 16 TDI (FFFF) TDO (FFFF);
SDR 16 TDI (FFFF) TDO (FFFF);
SDR 16 TDI (FFFF) TDO (FFFF);
SDR 16 TDI (FFFF) TDO (FFFF);
SDR 16 TDI (FFFF) TDO (FFFF);
SDR 16 TDI (FFFF) TDO (FFFF);
SDR 16 TDI (FFFF) TDO (FFFF);
SDR 16 TDI (FFFF) TDO (FFFF);
SDR 16 TDI (FFFF) TDO (FFFF);
SDR 16 TDI (FFFF) TDO (FFFF);
SDR 16 TDI (FFFF) TDO (FFFF);
SDR 16 TDI (FFFF) TDO (FFFF);
SDR 16 TDI (FFFF) TDO (FFFF);
SDR 16 TDI (FFFF) TDO (FFFF);
SDR 16 TDI (FFFF) TDO (FFFF);
SDR 16 TDI (FFFF) TDO (FFFF);
SDR 16 TDI (FFFF) TDO (FFFF);
SDR 16 TDI (FFFF) TDO (FFFF);
SIR 10 TDI (203);
RUNTEST 4 TCK;
SDR 13 TDI (0000);
SIR 10 TDI (2F4);
RUNTEST 4 TCK;
SDR 16 TDI (7BFF);
RUNTEST 10 TCK;
SDR 16 TDI (FFFF);
RUNTEST 10 TCK;
SDR 16 TDI (BFFF);
RUNTEST 10 TCK;
SDR 16 TDI (FFFF);
RUNTEST 10 TCK;
SIR 10 TDI (201);
RUNTEST 103 TCK;
SIR 10 TDI (3FF);
RUNTEST 100 TCK;
STATE IDLE;
